Log file open, 05/18/24 11:36:58
LogWindows: Failed to load 'aqProf.dll' (GetLastError=126)
LogWindows: File 'aqProf.dll' does not exist
LogWindows: Failed to load 'VtuneApi.dll' (GetLastError=126)
LogWindows: File 'VtuneApi.dll' does not exist
LogWindows: Failed to load 'VtuneApi32e.dll' (GetLastError=126)
LogWindows: File 'VtuneApi32e.dll' does not exist
LogConsoleResponse: Display: Failed to find resolution value strings in scalability ini. Falling back to default.
LogConsoleResponse: Display: Failed to find resolution value strings in scalability ini. Falling back to default.
LogInit: Display: Running engine for game: MarioAnahuac
LogPlatformFile: Not using cached read wrapper
LogTaskGraph: Started task graph with 5 named threads and 47 total threads with 3 sets of task threads.
LogStats: Stats thread started at 0.386190
LogICUInternationalization: ICU TimeZone Detection - Raw Offset: -6:00, Platform Override: ''
LogInit: Display: Loading text-based GConfig....
LogPluginManager: Mounting plugin MeshPainting
LogPluginManager: Mounting plugin XGEController
LogPluginManager: Mounting plugin LightPropagationVolume
LogPluginManager: Mounting plugin Paper2D
LogPluginManager: Mounting plugin AISupport
LogPluginManager: Mounting plugin EnvironmentQueryEditor
LogPluginManager: Mounting plugin OodleData
LogPluginManager: Mounting plugin OodleNetwork
LogPluginManager: Mounting plugin LiveLink
LogPluginManager: Mounting plugin Niagara
LogPluginManager: Mounting plugin VariantManagerContent
LogPluginManager: Mounting plugin DatasmithContent
LogPluginManager: Mounting plugin CLionSourceCodeAccess
LogPluginManager: Mounting plugin AnimationSharing
LogPluginManager: Mounting plugin NullSourceCodeAccess
LogPluginManager: Mounting plugin GitSourceControl
LogPluginManager: Mounting plugin KDevelopSourceCodeAccess
LogPluginManager: Mounting plugin PerforceSourceControl
LogPluginManager: Mounting plugin CodeLiteSourceCodeAccess
LogPluginManager: Mounting plugin RiderSourceCodeAccess
LogPluginManager: Mounting plugin PropertyAccessNode
LogPluginManager: Mounting plugin LuminPlatformFeatures
LogPluginManager: Mounting plugin PlasticSourceControl
LogPluginManager: Mounting plugin SubversionSourceControl
LogPluginManager: Mounting plugin PixWinPlugin
LogPluginManager: Mounting plugin PluginUtils
LogPluginManager: Mounting plugin TextureFormatOodle
LogPluginManager: Mounting plugin UObjectPlugin
LogPluginManager: Mounting plugin MagicLeap
LogPluginManager: Mounting plugin VisualStudioCodeSourceCodeAccess
LogPluginManager: Mounting plugin XCodeSourceCodeAccess
LogPluginManager: Mounting plugin VisualStudioSourceCodeAccess
LogPluginManager: Mounting plugin MagicLeapLightEstimation
LogPluginManager: Mounting plugin MagicLeapMedia
LogPluginManager: Mounting plugin AssetManagerEditor
LogPluginManager: Mounting plugin MagicLeapPassableWorld
LogPluginManager: Mounting plugin MLSDK
LogPluginManager: Mounting plugin CryptoKeys
LogPluginManager: Mounting plugin FacialAnimation
LogPluginManager: Mounting plugin CurveEditorTools
LogPluginManager: Mounting plugin GameplayTagsEditor
LogPluginManager: Mounting plugin MacGraphicsSwitching
LogPluginManager: Mounting plugin GeometryMode
LogPluginManager: Mounting plugin DataValidation
LogPluginManager: Mounting plugin PluginBrowser
LogPluginManager: Mounting plugin SpeedTreeImporter
LogPluginManager: Mounting plugin MaterialAnalyzer
LogPluginManager: Mounting plugin MobileLauncherProfileWizard
LogPluginManager: Mounting plugin LevelSequenceEditor
LogPluginManager: Mounting plugin TcpMessaging
LogPluginManager: Mounting plugin UdpMessaging
LogPluginManager: Mounting plugin MatineeToLevelSequence
LogPluginManager: Mounting plugin TemplateSequence
LogPluginManager: Mounting plugin ActorSequence
LogPluginManager: Mounting plugin AndroidMedia
LogPluginManager: Mounting plugin AvfMedia
LogPluginManager: Mounting plugin MediaCompositing
LogPluginManager: Mounting plugin WebMMedia
LogPluginManager: Mounting plugin ImgMedia
LogPluginManager: Mounting plugin MediaPlayerEditor
LogPluginManager: Mounting plugin WmfMedia
LogPluginManager: Mounting plugin LauncherChunkInstaller
LogPluginManager: Mounting plugin OnlineSubsystem
LogPluginManager: Mounting plugin OnlineSubsystemUtils
LogPluginManager: Mounting plugin OnlineSubsystemNull
LogPluginManager: Mounting plugin AlembicImporter
LogPluginManager: Mounting plugin AutomationUtils
LogPluginManager: Mounting plugin BackChannel
LogPluginManager: Mounting plugin ChaosClothEditor
LogPluginManager: Mounting plugin ChaosEditor
LogPluginManager: Mounting plugin ChaosCloth
LogPluginManager: Mounting plugin ChaosNiagara
LogPluginManager: Mounting plugin CharacterAI
LogPluginManager: Mounting plugin ChaosSolverPlugin
LogPluginManager: Mounting plugin ActorLayerUtilities
LogPluginManager: Mounting plugin ScreenshotTools
LogPluginManager: Mounting plugin AndroidPermission
LogPluginManager: Mounting plugin AndroidMoviePlayer
LogPluginManager: Mounting plugin AppleImageUtils
LogPluginManager: Mounting plugin AppleMoviePlayer
LogPluginManager: Mounting plugin ArchVisCharacter
LogPluginManager: Mounting plugin AndroidDeviceProfileSelector
LogPluginManager: Mounting plugin AudioSynesthesia
LogPluginManager: Mounting plugin CableComponent
LogPluginManager: Mounting plugin AssetTags
LogPluginManager: Mounting plugin CustomMeshComponent
LogPluginManager: Mounting plugin AudioCapture
LogPluginManager: Mounting plugin ChunkDownloader
LogPluginManager: Mounting plugin EditableMesh
LogPluginManager: Mounting plugin ExampleDeviceProfileSelector
LogPluginManager: Mounting plugin Takes
LogPluginManager: Mounting plugin GeometryCollectionPlugin
LogPluginManager: Mounting plugin GeometryCache
LogPluginManager: Mounting plugin GeometryProcessing
LogPluginManager: Mounting plugin MotoSynth
LogPluginManager: Mounting plugin OpenImageDenoise
LogPluginManager: Mounting plugin PlanarCut
LogPluginManager: Mounting plugin ProxyLODPlugin
LogPluginManager: Mounting plugin PlatformCrypto
LogPluginManager: Mounting plugin SkeletalReduction
LogPluginManager: Mounting plugin GoogleCloudMessaging
LogPluginManager: Mounting plugin GooglePAD
LogPluginManager: Mounting plugin PythonScriptPlugin
LogPluginManager: Mounting plugin LinuxDeviceProfileSelector
LogPluginManager: Mounting plugin IOSDeviceProfileSelector
LogPluginManager: Mounting plugin LocationServicesBPLibrary
LogPluginManager: Mounting plugin MobilePatchingUtils
LogPluginManager: Mounting plugin PropertyAccessEditor
LogPluginManager: Mounting plugin PostSplashScreen
LogPluginManager: Mounting plugin OpenXR
LogPluginManager: Mounting plugin ProceduralMeshComponent
LogPluginManager: Mounting plugin OpenXRHandTracking
LogPluginManager: Mounting plugin OpenXREyeTracker
LogPluginManager: Mounting plugin SignificanceManager
LogPluginManager: Mounting plugin RuntimePhysXCooking
LogPluginManager: Mounting plugin PhysXVehicles
LogPluginManager: Mounting plugin SoundFields
LogPluginManager: Mounting plugin Synthesis
LogPluginManager: Mounting plugin WebMMoviePlayer
LogPluginManager: Mounting plugin WindowsMoviePlayer
LogPluginManager: Mounting plugin GameplayCameras
LogPluginManager: Mounting plugin CameraShakePreviewer
LogPluginManager: Mounting plugin ContentBrowserAssetDataSource
LogPluginManager: Mounting plugin ContentBrowserClassDataSource
LogPluginManager: Mounting plugin ContentBrowserFileDataSource
LogPluginManager: Mounting plugin OnlineSubsystemGooglePlay
LogPluginManager: Mounting plugin OnlineSubsystemIOS
LogPluginManager: Mounting plugin OculusVR
LogPluginManager: Mounting plugin SteamVR
PixWinPlugin: PIX capture plugin failed to initialize! Check that the process is launched from PIX.
LogInit: Using libcurl 7.55.1-DEV
LogInit:  - built for x86_64-pc-win32
LogInit:  - supports SSL with OpenSSL/1.1.1
LogInit:  - supports HTTP deflate (compression) using libz 1.2.8
LogInit:  - other features:
LogInit:      CURL_VERSION_SSL
LogInit:      CURL_VERSION_LIBZ
LogInit:      CURL_VERSION_IPV6
LogInit:      CURL_VERSION_ASYNCHDNS
LogInit:      CURL_VERSION_LARGEFILE
LogInit:      CURL_VERSION_IDN
LogInit:  CurlRequestOptions (configurable via config and command line):
LogInit:  - bVerifyPeer = true  - Libcurl will verify peer certificate
LogInit:  - bUseHttpProxy = false  - Libcurl will NOT use HTTP proxy
LogInit:  - bDontReuseConnections = false  - Libcurl will reuse connections
LogInit:  - MaxHostConnections = 16  - Libcurl will limit the number of connections to a host
LogInit:  - LocalHostAddr = Default
LogInit:  - BufferSize = 65536
LogOnline: OSS: Creating online subsystem instance for: NULL
LogInit: WinSock: version 1.1 (2.2), MaxSocks=32767, MaxUdp=65467
LogOnline: OSS: TryLoadSubsystemAndSetDefault: Loaded subsystem for module [NULL]
LogOculusPluginWrapper: OculusPlugin initialized successfully
LogHMD: Failed initializing OVRPlugin 1.59.0
LogInit: Build: ++UE4+Release-4.27-CL-18319896
LogInit: Engine Version: 4.27.2-18319896+++UE4+Release-4.27
LogInit: Compatible Engine Version: 4.27.0-17155196+++UE4+Release-4.27
LogInit: Net CL: 17155196
LogInit: OS: Windows 10 (Release 2009) (), CPU: AMD Ryzen 7 7840HS w/ Radeon 780M Graphics     , GPU: AMD Radeon(TM) 780M
LogInit: Compiled (64-bit): Nov 30 2021 07:12:08
LogInit: Compiled with Visual C++: 19.24.28315.00
LogInit: Build Configuration: Development
LogInit: Branch Name: ++UE4+Release-4.27
LogInit: Command Line: 
LogInit: Base Directory: C:/Program Files/Epic Games/UE_4.27/Engine/Binaries/Win64/
LogInit: Allocator: TBB
LogInit: Installed Engine Build: 1
LogDevObjectVersion: Number of dev versions registered: 29
LogDevObjectVersion:   Dev-Blueprints (B0D832E4-1F89-4F0D-ACCF-7EB736FD4AA2): 10
LogDevObjectVersion:   Dev-Build (E1C64328-A22C-4D53-A36C-8E866417BD8C): 0
LogDevObjectVersion:   Dev-Core (375EC13C-06E4-48FB-B500-84F0262A717E): 4
LogDevObjectVersion:   Dev-Editor (E4B068ED-F494-42E9-A231-DA0B2E46BB41): 40
LogDevObjectVersion:   Dev-Framework (CFFC743F-43B0-4480-9391-14DF171D2073): 37
LogDevObjectVersion:   Dev-Mobile (B02B49B5-BB20-44E9-A304-32B752E40360): 3
LogDevObjectVersion:   Dev-Networking (A4E4105C-59A1-49B5-A7C5-40C4547EDFEE): 0
LogDevObjectVersion:   Dev-Online (39C831C9-5AE6-47DC-9A44-9C173E1C8E7C): 0
LogDevObjectVersion:   Dev-Physics (78F01B33-EBEA-4F98-B9B4-84EACCB95AA2): 14
LogDevObjectVersion:   Dev-Platform (6631380F-2D4D-43E0-8009-CF276956A95A): 0
LogDevObjectVersion:   Dev-Rendering (12F88B9F-8875-4AFC-A67C-D90C383ABD29): 45
LogDevObjectVersion:   Dev-Sequencer (7B5AE74C-D270-4C10-A958-57980B212A5A): 13
LogDevObjectVersion:   Dev-VR (D7296918-1DD6-4BDD-9DE2-64A83CC13884): 3
LogDevObjectVersion:   Dev-LoadTimes (C2A15278-BFE7-4AFE-6C17-90FF531DF755): 1
LogDevObjectVersion:   Private-Geometry (6EACA3D4-40EC-4CC1-B786-8BED09428FC5): 3
LogDevObjectVersion:   Dev-AnimPhys (29E575DD-E0A3-4627-9D10-D276232CDCEA): 17
LogDevObjectVersion:   Dev-Anim (AF43A65D-7FD3-4947-9873-3E8ED9C1BB05): 15
LogDevObjectVersion:   Dev-ReflectionCapture (6B266CEC-1EC7-4B8F-A30B-E4D90942FC07): 1
LogDevObjectVersion:   Dev-Automation (0DF73D61-A23F-47EA-B727-89E90C41499A): 1
LogDevObjectVersion:   FortniteMain (601D1886-AC64-4F84-AA16-D3DE0DEAC7D6): 47
LogDevObjectVersion:   FortniteRelease (E7086368-6B23-4C58-8439-1B7016265E91): 1
LogDevObjectVersion:   Dev-Enterprise (9DFFBCD6-494F-0158-E221-12823C92A888): 10
LogDevObjectVersion:   Dev-Niagara (F2AED0AC-9AFE-416F-8664-AA7FFA26D6FC): 1
LogDevObjectVersion:   Dev-Destruction (174F1F0B-B4C6-45A5-B13F-2EE8D0FB917D): 10
LogDevObjectVersion:   Dev-Physics-Ext (35F94A83-E258-406C-A318-09F59610247C): 41
LogDevObjectVersion:   Dev-PhysicsMaterial-Chaos (B68FC16E-8B1B-42E2-B453-215C058844FE): 1
LogDevObjectVersion:   Dev-CineCamera (B2E18506-4273-CFC2-A54E-F4BB758BBA07): 1
LogDevObjectVersion:   Dev-VirtualProduction (64F58936-FD1B-42BA-BA96-7289D5D0FA4E): 1
LogDevObjectVersion:   Dev-MediaFramework (6F0ED827-A609-4895-9C91-998D90180EA4): 2
LogInit: Presizing for max 25165824 objects, including 0 objects not considered by GC, pre-allocating 0 bytes for permanent pool.
LogConfig: Applying CVar settings from Section [/Script/Engine.StreamingSettings] File [C:/Users/alber/OneDrive/Documentos/Unreal Projects/MarioAnahuacOrdinario/MarioAnahuacOrdinario/Saved/Config/Windows/Engine.ini]
LogConfig: Setting CVar [[s.MinBulkDataSizeForAsyncLoading:131072]]
LogConfig: Setting CVar [[s.AsyncLoadingThreadEnabled:0]]
LogConfig: Setting CVar [[s.EventDrivenLoaderEnabled:1]]
LogConfig: Setting CVar [[s.WarnIfTimeLimitExceeded:0]]
LogConfig: Setting CVar [[s.TimeLimitExceededMultiplier:1.5]]
LogConfig: Setting CVar [[s.TimeLimitExceededMinTime:0.005]]
LogConfig: Setting CVar [[s.UseBackgroundLevelStreaming:1]]
LogConfig: Setting CVar [[s.PriorityAsyncLoadingExtraTime:15.0]]
LogConfig: Setting CVar [[s.LevelStreamingActorsUpdateTimeLimit:5.0]]
LogConfig: Setting CVar [[s.PriorityLevelStreamingActorsUpdateExtraTime:5.0]]
LogConfig: Setting CVar [[s.LevelStreamingComponentsRegistrationGranularity:10]]
LogConfig: Setting CVar [[s.UnregisterComponentsTimeLimit:1.0]]
LogConfig: Setting CVar [[s.LevelStreamingComponentsUnregistrationGranularity:5]]
LogConfig: Setting CVar [[s.FlushStreamingOnExit:1]]
LogInit: Object subsystem initialized
LogConfig: Setting CVar [[con.DebugEarlyDefault:1]]
LogConfig: Setting CVar [[r.setres:1280x720]]
[2024.05.18-17.36.59:348][  0]LogConfig: Setting CVar [[r.VSync:0]]
[2024.05.18-17.36.59:348][  0]LogConfig: Setting CVar [[r.RHICmdBypass:0]]
[2024.05.18-17.36.59:348][  0]LogConfig: Applying CVar settings from Section [/Script/Engine.RendererSettings] File [C:/Users/alber/OneDrive/Documentos/Unreal Projects/MarioAnahuacOrdinario/MarioAnahuacOrdinario/Saved/Config/Windows/Engine.ini]
[2024.05.18-17.36.59:348][  0]LogConfig: Setting CVar [[r.GPUCrashDebugging:0]]
[2024.05.18-17.36.59:348][  0]LogConfig: Applying CVar settings from Section [/Script/Engine.RendererOverrideSettings] File [C:/Users/alber/OneDrive/Documentos/Unreal Projects/MarioAnahuacOrdinario/MarioAnahuacOrdinario/Saved/Config/Windows/Engine.ini]
[2024.05.18-17.36.59:348][  0]LogConfig: Applying CVar settings from Section [/Script/Engine.StreamingSettings] File [C:/Users/alber/OneDrive/Documentos/Unreal Projects/MarioAnahuacOrdinario/MarioAnahuacOrdinario/Saved/Config/Windows/Engine.ini]
[2024.05.18-17.36.59:348][  0]LogConfig: Setting CVar [[s.MinBulkDataSizeForAsyncLoading:131072]]
[2024.05.18-17.36.59:348][  0]LogConfig: Setting CVar [[s.AsyncLoadingThreadEnabled:0]]
[2024.05.18-17.36.59:348][  0]LogConfig: Setting CVar [[s.EventDrivenLoaderEnabled:1]]
[2024.05.18-17.36.59:348][  0]LogConfig: Setting CVar [[s.WarnIfTimeLimitExceeded:0]]
[2024.05.18-17.36.59:348][  0]LogConfig: Setting CVar [[s.TimeLimitExceededMultiplier:1.5]]
[2024.05.18-17.36.59:348][  0]LogConfig: Setting CVar [[s.TimeLimitExceededMinTime:0.005]]
[2024.05.18-17.36.59:348][  0]LogConfig: Setting CVar [[s.UseBackgroundLevelStreaming:1]]
[2024.05.18-17.36.59:348][  0]LogConfig: Setting CVar [[s.PriorityAsyncLoadingExtraTime:15.0]]
[2024.05.18-17.36.59:348][  0]LogConfig: Setting CVar [[s.LevelStreamingActorsUpdateTimeLimit:5.0]]
[2024.05.18-17.36.59:348][  0]LogConfig: Setting CVar [[s.PriorityLevelStreamingActorsUpdateExtraTime:5.0]]
[2024.05.18-17.36.59:348][  0]LogConfig: Setting CVar [[s.LevelStreamingComponentsRegistrationGranularity:10]]
[2024.05.18-17.36.59:348][  0]LogConfig: Setting CVar [[s.UnregisterComponentsTimeLimit:1.0]]
[2024.05.18-17.36.59:348][  0]LogConfig: Setting CVar [[s.LevelStreamingComponentsUnregistrationGranularity:5]]
[2024.05.18-17.36.59:348][  0]LogConfig: Setting CVar [[s.FlushStreamingOnExit:1]]
[2024.05.18-17.36.59:348][  0]LogConfig: Applying CVar settings from Section [/Script/Engine.GarbageCollectionSettings] File [C:/Users/alber/OneDrive/Documentos/Unreal Projects/MarioAnahuacOrdinario/MarioAnahuacOrdinario/Saved/Config/Windows/Engine.ini]
[2024.05.18-17.36.59:348][  0]LogConfig: Setting CVar [[gc.MaxObjectsNotConsideredByGC:1]]
[2024.05.18-17.36.59:348][  0]LogConfig: Setting CVar [[gc.SizeOfPermanentObjectPool:0]]
[2024.05.18-17.36.59:348][  0]LogConfig: Setting CVar [[gc.FlushStreamingOnGC:0]]
[2024.05.18-17.36.59:348][  0]LogConfig: Setting CVar [[gc.NumRetriesBeforeForcingGC:10]]
[2024.05.18-17.36.59:348][  0]LogConfig: Setting CVar [[gc.AllowParallelGC:1]]
[2024.05.18-17.36.59:348][  0]LogConfig: Setting CVar [[gc.TimeBetweenPurgingPendingKillObjects:61.1]]
[2024.05.18-17.36.59:348][  0]LogConfig: Setting CVar [[gc.MaxObjectsInEditor:25165824]]
[2024.05.18-17.36.59:348][  0]LogConfig: Setting CVar [[gc.IncrementalBeginDestroyEnabled:1]]
[2024.05.18-17.36.59:348][  0]LogConfig: Setting CVar [[gc.CreateGCClusters:1]]
[2024.05.18-17.36.59:348][  0]LogConfig: Setting CVar [[gc.MinGCClusterSize:5]]
[2024.05.18-17.36.59:348][  0]LogConfig: Setting CVar [[gc.ActorClusteringEnabled:0]]
[2024.05.18-17.36.59:348][  0]LogConfig: Setting CVar [[gc.BlueprintClusteringEnabled:0]]
[2024.05.18-17.36.59:348][  0]LogConfig: Setting CVar [[gc.UseDisregardForGCOnDedicatedServers:0]]
[2024.05.18-17.36.59:348][  0]LogConfig: Setting CVar [[gc.MultithreadedDestructionEnabled:1]]
[2024.05.18-17.36.59:348][  0]LogConfig: Applying CVar settings from Section [/Script/Engine.NetworkSettings] File [C:/Users/alber/OneDrive/Documentos/Unreal Projects/MarioAnahuacOrdinario/MarioAnahuacOrdinario/Saved/Config/Windows/Engine.ini]
[2024.05.18-17.36.59:348][  0]LogConfig: Applying CVar settings from Section [/Script/UnrealEd.CookerSettings] File [C:/Users/alber/OneDrive/Documentos/Unreal Projects/MarioAnahuacOrdinario/MarioAnahuacOrdinario/Saved/Config/Windows/Engine.ini]
[2024.05.18-17.36.59:363][  0]LogConfig: Applying CVar settings from Section [ViewDistanceQuality@3] File [C:/Users/alber/OneDrive/Documentos/Unreal Projects/MarioAnahuacOrdinario/MarioAnahuacOrdinario/Saved/Config/Windows/Scalability.ini]
[2024.05.18-17.36.59:363][  0]LogConfig: Setting CVar [[r.SkeletalMeshLODBias:0]]
[2024.05.18-17.36.59:363][  0]LogConfig: Setting CVar [[r.ViewDistanceScale:1.0]]
[2024.05.18-17.36.59:363][  0]LogConfig: Applying CVar settings from Section [AntiAliasingQuality@3] File [C:/Users/alber/OneDrive/Documentos/Unreal Projects/MarioAnahuacOrdinario/MarioAnahuacOrdinario/Saved/Config/Windows/Scalability.ini]
[2024.05.18-17.36.59:363][  0]LogConfig: Setting CVar [[r.PostProcessAAQuality:4]]
[2024.05.18-17.36.59:363][  0]LogConfig: Applying CVar settings from Section [ShadowQuality@3] File [C:/Users/alber/OneDrive/Documentos/Unreal Projects/MarioAnahuacOrdinario/MarioAnahuacOrdinario/Saved/Config/Windows/Scalability.ini]
[2024.05.18-17.36.59:363][  0]LogConfig: Setting CVar [[r.LightFunctionQuality:1]]
[2024.05.18-17.36.59:363][  0]LogConfig: Setting CVar [[r.ShadowQuality:5]]
[2024.05.18-17.36.59:363][  0]LogConfig: Setting CVar [[r.Shadow.CSM.MaxCascades:10]]
[2024.05.18-17.36.59:363][  0]LogConfig: Setting CVar [[r.Shadow.MaxResolution:2048]]
[2024.05.18-17.36.59:363][  0]LogConfig: Setting CVar [[r.Shadow.MaxCSMResolution:2048]]
[2024.05.18-17.36.59:363][  0]LogConfig: Setting CVar [[r.Shadow.RadiusThreshold:0.01]]
[2024.05.18-17.36.59:364][  0]LogConfig: Setting CVar [[r.Shadow.DistanceScale:1.0]]
[2024.05.18-17.36.59:364][  0]LogConfig: Setting CVar [[r.Shadow.CSM.TransitionScale:1.0]]
[2024.05.18-17.36.59:364][  0]LogConfig: Setting CVar [[r.Shadow.PreShadowResolutionFactor:1.0]]
[2024.05.18-17.36.59:364][  0]LogConfig: Setting CVar [[r.DistanceFieldShadowing:1]]
[2024.05.18-17.36.59:364][  0]LogConfig: Setting CVar [[r.DistanceFieldAO:1]]
[2024.05.18-17.36.59:364][  0]LogConfig: Setting CVar [[r.AOQuality:2]]
[2024.05.18-17.36.59:364][  0]LogConfig: Setting CVar [[r.VolumetricFog:1]]
[2024.05.18-17.36.59:364][  0]LogConfig: Setting CVar [[r.VolumetricFog.GridPixelSize:8]]
[2024.05.18-17.36.59:364][  0]LogConfig: Setting CVar [[r.VolumetricFog.GridSizeZ:128]]
[2024.05.18-17.36.59:364][  0]LogConfig: Setting CVar [[r.VolumetricFog.HistoryMissSupersampleCount:4]]
[2024.05.18-17.36.59:364][  0]LogConfig: Setting CVar [[r.LightMaxDrawDistanceScale:1]]
[2024.05.18-17.36.59:364][  0]LogConfig: Setting CVar [[r.CapsuleShadows:1]]
[2024.05.18-17.36.59:364][  0]LogConfig: Applying CVar settings from Section [PostProcessQuality@3] File [C:/Users/alber/OneDrive/Documentos/Unreal Projects/MarioAnahuacOrdinario/MarioAnahuacOrdinario/Saved/Config/Windows/Scalability.ini]
[2024.05.18-17.36.59:364][  0]LogConfig: Setting CVar [[r.MotionBlurQuality:4]]
[2024.05.18-17.36.59:364][  0]LogConfig: Setting CVar [[r.AmbientOcclusionMipLevelFactor:0.4]]
[2024.05.18-17.36.59:364][  0]LogConfig: Setting CVar [[r.AmbientOcclusionMaxQuality:100]]
[2024.05.18-17.36.59:364][  0]LogConfig: Setting CVar [[r.AmbientOcclusionLevels:-1]]
[2024.05.18-17.36.59:364][  0]LogConfig: Setting CVar [[r.AmbientOcclusionRadiusScale:1.0]]
[2024.05.18-17.36.59:364][  0]LogConfig: Setting CVar [[r.DepthOfFieldQuality:2]]
[2024.05.18-17.36.59:364][  0]LogConfig: Setting CVar [[r.RenderTargetPoolMin:400]]
[2024.05.18-17.36.59:364][  0]LogConfig: Setting CVar [[r.LensFlareQuality:2]]
[2024.05.18-17.36.59:364][  0]LogConfig: Setting CVar [[r.SceneColorFringeQuality:1]]
[2024.05.18-17.36.59:364][  0]LogConfig: Setting CVar [[r.EyeAdaptationQuality:2]]
[2024.05.18-17.36.59:364][  0]LogConfig: Setting CVar [[r.BloomQuality:5]]
[2024.05.18-17.36.59:364][  0]LogConfig: Setting CVar [[r.FastBlurThreshold:100]]
[2024.05.18-17.36.59:364][  0]LogConfig: Setting CVar [[r.Upscale.Quality:3]]
[2024.05.18-17.36.59:364][  0]LogConfig: Setting CVar [[r.Tonemapper.GrainQuantization:1]]
[2024.05.18-17.36.59:364][  0]LogConfig: Setting CVar [[r.LightShaftQuality:1]]
[2024.05.18-17.36.59:364][  0]LogConfig: Setting CVar [[r.Filter.SizeScale:1]]
[2024.05.18-17.36.59:364][  0]LogConfig: Setting CVar [[r.Tonemapper.Quality:5]]
[2024.05.18-17.36.59:364][  0]LogConfig: Setting CVar [[r.DOF.Gather.AccumulatorQuality:1        ; higher gathering accumulator quality]]
[2024.05.18-17.36.59:364][  0]LogConfig: Setting CVar [[r.DOF.Gather.PostfilterMethod:1          ; Median3x3 postfilering method]]
[2024.05.18-17.36.59:364][  0]LogConfig: Setting CVar [[r.DOF.Gather.EnableBokehSettings:0       ; no bokeh simulation when gathering]]
[2024.05.18-17.36.59:364][  0]LogConfig: Setting CVar [[r.DOF.Gather.RingCount:4                 ; medium number of samples when gathering]]
[2024.05.18-17.36.59:364][  0]LogConfig: Setting CVar [[r.DOF.Scatter.ForegroundCompositing:1    ; additive foreground scattering]]
[2024.05.18-17.36.59:364][  0]LogConfig: Setting CVar [[r.DOF.Scatter.BackgroundCompositing:2    ; additive background scattering]]
[2024.05.18-17.36.59:364][  0]LogConfig: Setting CVar [[r.DOF.Scatter.EnableBokehSettings:1      ; bokeh simulation when scattering]]
[2024.05.18-17.36.59:364][  0]LogConfig: Setting CVar [[r.DOF.Scatter.MaxSpriteRatio:0.1         ; only a maximum of 10% of scattered bokeh]]
[2024.05.18-17.36.59:364][  0]LogConfig: Setting CVar [[r.DOF.Recombine.Quality:1                ; cheap slight out of focus]]
[2024.05.18-17.36.59:364][  0]LogConfig: Setting CVar [[r.DOF.Recombine.EnableBokehSettings:0    ; no bokeh simulation on slight out of focus]]
[2024.05.18-17.36.59:364][  0]LogConfig: Setting CVar [[r.DOF.TemporalAAQuality:1                ; more stable temporal accumulation]]
[2024.05.18-17.36.59:364][  0]LogConfig: Setting CVar [[r.DOF.Kernel.MaxForegroundRadius:0.025]]
[2024.05.18-17.36.59:364][  0]LogConfig: Setting CVar [[r.DOF.Kernel.MaxBackgroundRadius:0.025]]
[2024.05.18-17.36.59:364][  0]LogConfig: Applying CVar settings from Section [TextureQuality@3] File [C:/Users/alber/OneDrive/Documentos/Unreal Projects/MarioAnahuacOrdinario/MarioAnahuacOrdinario/Saved/Config/Windows/Scalability.ini]
[2024.05.18-17.36.59:364][  0]LogConfig: Setting CVar [[r.Streaming.MipBias:0]]
[2024.05.18-17.36.59:364][  0]LogConfig: Setting CVar [[r.Streaming.AmortizeCPUToGPUCopy:0]]
[2024.05.18-17.36.59:364][  0]LogConfig: Setting CVar [[r.Streaming.MaxNumTexturesToStreamPerFrame:0]]
[2024.05.18-17.36.59:364][  0]LogConfig: Setting CVar [[r.Streaming.Boost:1]]
[2024.05.18-17.36.59:364][  0]LogConfig: Setting CVar [[r.MaxAnisotropy:8]]
[2024.05.18-17.36.59:364][  0]LogConfig: Setting CVar [[r.VT.MaxAnisotropy:8]]
[2024.05.18-17.36.59:364][  0]LogConfig: Setting CVar [[r.Streaming.LimitPoolSizeToVRAM:0]]
[2024.05.18-17.36.59:364][  0]LogConfig: Setting CVar [[r.Streaming.PoolSize:1000]]
[2024.05.18-17.36.59:364][  0]LogConfig: Setting CVar [[r.Streaming.MaxEffectiveScreenSize:0]]
[2024.05.18-17.36.59:364][  0]LogConfig: Applying CVar settings from Section [EffectsQuality@3] File [C:/Users/alber/OneDrive/Documentos/Unreal Projects/MarioAnahuacOrdinario/MarioAnahuacOrdinario/Saved/Config/Windows/Scalability.ini]
[2024.05.18-17.36.59:364][  0]LogConfig: Setting CVar [[r.TranslucencyLightingVolumeDim:64]]
[2024.05.18-17.36.59:364][  0]LogConfig: Setting CVar [[r.RefractionQuality:2]]
[2024.05.18-17.36.59:364][  0]LogConfig: Setting CVar [[r.SSR.Quality:3]]
[2024.05.18-17.36.59:364][  0]LogConfig: Setting CVar [[r.SSR.HalfResSceneColor:0]]
[2024.05.18-17.36.59:364][  0]LogConfig: Setting CVar [[r.SceneColorFormat:4]]
[2024.05.18-17.36.59:364][  0]LogConfig: Setting CVar [[r.DetailMode:2]]
[2024.05.18-17.36.59:364][  0]LogConfig: Setting CVar [[r.TranslucencyVolumeBlur:1]]
[2024.05.18-17.36.59:364][  0]LogConfig: Setting CVar [[r.MaterialQualityLevel:1 ; High quality]]
[2024.05.18-17.36.59:364][  0]LogConfig: Setting CVar [[r.AnisotropicMaterials:1]]
[2024.05.18-17.36.59:364][  0]LogConfig: Setting CVar [[r.SSS.Scale:1]]
[2024.05.18-17.36.59:364][  0]LogConfig: Setting CVar [[r.SSS.SampleSet:2]]
[2024.05.18-17.36.59:364][  0]LogConfig: Setting CVar [[r.SSS.Quality:1]]
[2024.05.18-17.36.59:364][  0]LogConfig: Setting CVar [[r.SSS.HalfRes:0]]
[2024.05.18-17.36.59:364][  0]LogConfig: Setting CVar [[r.SSGI.Quality:3]]
[2024.05.18-17.36.59:364][  0]LogConfig: Setting CVar [[r.EmitterSpawnRateScale:1.0]]
[2024.05.18-17.36.59:364][  0]LogConfig: Setting CVar [[r.ParticleLightQuality:2]]
[2024.05.18-17.36.59:364][  0]LogConfig: Setting CVar [[r.SkyAtmosphere.AerialPerspectiveLUT.FastApplyOnOpaque:1 ; Always have FastSkyLUT 1 in this case to avoid wrong sky]]
[2024.05.18-17.36.59:364][  0]LogConfig: Setting CVar [[r.SkyAtmosphere.AerialPerspectiveLUT.SampleCountMaxPerSlice:4]]
[2024.05.18-17.36.59:364][  0]LogConfig: Setting CVar [[r.SkyAtmosphere.AerialPerspectiveLUT.DepthResolution:16.0]]
[2024.05.18-17.36.59:364][  0]LogConfig: Setting CVar [[r.SkyAtmosphere.FastSkyLUT:1]]
[2024.05.18-17.36.59:364][  0]LogConfig: Setting CVar [[r.SkyAtmosphere.FastSkyLUT.SampleCountMin:4.0]]
[2024.05.18-17.36.59:364][  0]LogConfig: Setting CVar [[r.SkyAtmosphere.FastSkyLUT.SampleCountMax:128.0]]
[2024.05.18-17.36.59:364][  0]LogConfig: Setting CVar [[r.SkyAtmosphere.SampleCountMin:4.0]]
[2024.05.18-17.36.59:364][  0]LogConfig: Setting CVar [[r.SkyAtmosphere.SampleCountMax:128.0]]
[2024.05.18-17.36.59:364][  0]LogConfig: Setting CVar [[r.SkyAtmosphere.TransmittanceLUT.UseSmallFormat:0]]
[2024.05.18-17.36.59:364][  0]LogConfig: Setting CVar [[r.SkyAtmosphere.TransmittanceLUT.SampleCount:10.0]]
[2024.05.18-17.36.59:364][  0]LogConfig: Setting CVar [[r.SkyAtmosphere.MultiScatteringLUT.SampleCount:15.0]]
[2024.05.18-17.36.59:364][  0]LogConfig: Setting CVar [[r.SkyLight.RealTimeReflectionCapture:1]]
[2024.05.18-17.36.59:364][  0]LogConfig: Applying CVar settings from Section [FoliageQuality@3] File [C:/Users/alber/OneDrive/Documentos/Unreal Projects/MarioAnahuacOrdinario/MarioAnahuacOrdinario/Saved/Config/Windows/Scalability.ini]
[2024.05.18-17.36.59:364][  0]LogConfig: Setting CVar [[foliage.DensityScale:1.0]]
[2024.05.18-17.36.59:364][  0]LogConfig: Setting CVar [[grass.DensityScale:1.0]]
[2024.05.18-17.36.59:364][  0]LogConfig: Applying CVar settings from Section [ShadingQuality@3] File [C:/Users/alber/OneDrive/Documentos/Unreal Projects/MarioAnahuacOrdinario/MarioAnahuacOrdinario/Saved/Config/Windows/Scalability.ini]
[2024.05.18-17.36.59:364][  0]LogConfig: Setting CVar [[r.HairStrands.SkyLighting.IntegrationType:2]]
[2024.05.18-17.36.59:364][  0]LogConfig: Setting CVar [[r.HairStrands.SkyAO.SampleCount:4]]
[2024.05.18-17.36.59:364][  0]LogConfig: Setting CVar [[r.HairStrands.Visibility.MSAA.SamplePerPixel:4]]
[2024.05.18-17.36.59:366][  0]LogInit: Selected Device Profile: [Windows]
[2024.05.18-17.36.59:366][  0]LogInit: Applying CVar settings loaded from the selected device profile: [Windows]
[2024.05.18-17.36.59:367][  0]LogHAL: Display: Platform has ~ 16 GB [16309932032 / 17179869184 / 16], which maps to Larger [LargestMinGB=32, LargerMinGB=12, DefaultMinGB=8, SmallerMinGB=6, SmallestMinGB=0)
[2024.05.18-17.36.59:367][  0]LogInit: Going up to parent DeviceProfile []
[2024.05.18-17.36.59:367][  0]LogConfig: Applying CVar settings from Section [ViewDistanceQuality@3] File [C:/Users/alber/OneDrive/Documentos/Unreal Projects/MarioAnahuacOrdinario/MarioAnahuacOrdinario/Saved/Config/Windows/Scalability.ini]
[2024.05.18-17.36.59:367][  0]LogConfig: Setting CVar [[r.SkeletalMeshLODBias:0]]
[2024.05.18-17.36.59:367][  0]LogConfig: Setting CVar [[r.ViewDistanceScale:1.0]]
[2024.05.18-17.36.59:367][  0]LogConfig: Applying CVar settings from Section [AntiAliasingQuality@3] File [C:/Users/alber/OneDrive/Documentos/Unreal Projects/MarioAnahuacOrdinario/MarioAnahuacOrdinario/Saved/Config/Windows/Scalability.ini]
[2024.05.18-17.36.59:367][  0]LogConfig: Setting CVar [[r.PostProcessAAQuality:4]]
[2024.05.18-17.36.59:367][  0]LogConfig: Applying CVar settings from Section [ShadowQuality@3] File [C:/Users/alber/OneDrive/Documentos/Unreal Projects/MarioAnahuacOrdinario/MarioAnahuacOrdinario/Saved/Config/Windows/Scalability.ini]
[2024.05.18-17.36.59:367][  0]LogConfig: Setting CVar [[r.LightFunctionQuality:1]]
[2024.05.18-17.36.59:367][  0]LogConfig: Setting CVar [[r.ShadowQuality:5]]
[2024.05.18-17.36.59:367][  0]LogConfig: Setting CVar [[r.Shadow.CSM.MaxCascades:10]]
[2024.05.18-17.36.59:367][  0]LogConfig: Setting CVar [[r.Shadow.MaxResolution:2048]]
[2024.05.18-17.36.59:367][  0]LogConfig: Setting CVar [[r.Shadow.MaxCSMResolution:2048]]
[2024.05.18-17.36.59:367][  0]LogConfig: Setting CVar [[r.Shadow.RadiusThreshold:0.01]]
[2024.05.18-17.36.59:367][  0]LogConfig: Setting CVar [[r.Shadow.DistanceScale:1.0]]
[2024.05.18-17.36.59:368][  0]LogConfig: Setting CVar [[r.Shadow.CSM.TransitionScale:1.0]]
[2024.05.18-17.36.59:368][  0]LogConfig: Setting CVar [[r.Shadow.PreShadowResolutionFactor:1.0]]
[2024.05.18-17.36.59:368][  0]LogConfig: Setting CVar [[r.DistanceFieldShadowing:1]]
[2024.05.18-17.36.59:368][  0]LogConfig: Setting CVar [[r.DistanceFieldAO:1]]
[2024.05.18-17.36.59:368][  0]LogConfig: Setting CVar [[r.AOQuality:2]]
[2024.05.18-17.36.59:368][  0]LogConfig: Setting CVar [[r.VolumetricFog:1]]
[2024.05.18-17.36.59:368][  0]LogConfig: Setting CVar [[r.VolumetricFog.GridPixelSize:8]]
[2024.05.18-17.36.59:368][  0]LogConfig: Setting CVar [[r.VolumetricFog.GridSizeZ:128]]
[2024.05.18-17.36.59:368][  0]LogConfig: Setting CVar [[r.VolumetricFog.HistoryMissSupersampleCount:4]]
[2024.05.18-17.36.59:368][  0]LogConfig: Setting CVar [[r.LightMaxDrawDistanceScale:1]]
[2024.05.18-17.36.59:368][  0]LogConfig: Setting CVar [[r.CapsuleShadows:1]]
[2024.05.18-17.36.59:368][  0]LogConfig: Applying CVar settings from Section [PostProcessQuality@3] File [C:/Users/alber/OneDrive/Documentos/Unreal Projects/MarioAnahuacOrdinario/MarioAnahuacOrdinario/Saved/Config/Windows/Scalability.ini]
[2024.05.18-17.36.59:368][  0]LogConfig: Setting CVar [[r.MotionBlurQuality:4]]
[2024.05.18-17.36.59:368][  0]LogConfig: Setting CVar [[r.AmbientOcclusionMipLevelFactor:0.4]]
[2024.05.18-17.36.59:368][  0]LogConfig: Setting CVar [[r.AmbientOcclusionMaxQuality:100]]
[2024.05.18-17.36.59:368][  0]LogConfig: Setting CVar [[r.AmbientOcclusionLevels:-1]]
[2024.05.18-17.36.59:368][  0]LogConfig: Setting CVar [[r.AmbientOcclusionRadiusScale:1.0]]
[2024.05.18-17.36.59:368][  0]LogConfig: Setting CVar [[r.DepthOfFieldQuality:2]]
[2024.05.18-17.36.59:368][  0]LogConfig: Setting CVar [[r.RenderTargetPoolMin:400]]
[2024.05.18-17.36.59:368][  0]LogConfig: Setting CVar [[r.LensFlareQuality:2]]
[2024.05.18-17.36.59:368][  0]LogConfig: Setting CVar [[r.SceneColorFringeQuality:1]]
[2024.05.18-17.36.59:368][  0]LogConfig: Setting CVar [[r.EyeAdaptationQuality:2]]
[2024.05.18-17.36.59:368][  0]LogConfig: Setting CVar [[r.BloomQuality:5]]
[2024.05.18-17.36.59:368][  0]LogConfig: Setting CVar [[r.FastBlurThreshold:100]]
[2024.05.18-17.36.59:368][  0]LogConfig: Setting CVar [[r.Upscale.Quality:3]]
[2024.05.18-17.36.59:368][  0]LogConfig: Setting CVar [[r.Tonemapper.GrainQuantization:1]]
[2024.05.18-17.36.59:368][  0]LogConfig: Setting CVar [[r.LightShaftQuality:1]]
[2024.05.18-17.36.59:368][  0]LogConfig: Setting CVar [[r.Filter.SizeScale:1]]
[2024.05.18-17.36.59:368][  0]LogConfig: Setting CVar [[r.Tonemapper.Quality:5]]
[2024.05.18-17.36.59:368][  0]LogConfig: Setting CVar [[r.DOF.Gather.AccumulatorQuality:1        ; higher gathering accumulator quality]]
[2024.05.18-17.36.59:368][  0]LogConfig: Setting CVar [[r.DOF.Gather.PostfilterMethod:1          ; Median3x3 postfilering method]]
[2024.05.18-17.36.59:368][  0]LogConfig: Setting CVar [[r.DOF.Gather.EnableBokehSettings:0       ; no bokeh simulation when gathering]]
[2024.05.18-17.36.59:368][  0]LogConfig: Setting CVar [[r.DOF.Gather.RingCount:4                 ; medium number of samples when gathering]]
[2024.05.18-17.36.59:368][  0]LogConfig: Setting CVar [[r.DOF.Scatter.ForegroundCompositing:1    ; additive foreground scattering]]
[2024.05.18-17.36.59:368][  0]LogConfig: Setting CVar [[r.DOF.Scatter.BackgroundCompositing:2    ; additive background scattering]]
[2024.05.18-17.36.59:368][  0]LogConfig: Setting CVar [[r.DOF.Scatter.EnableBokehSettings:1      ; bokeh simulation when scattering]]
[2024.05.18-17.36.59:368][  0]LogConfig: Setting CVar [[r.DOF.Scatter.MaxSpriteRatio:0.1         ; only a maximum of 10% of scattered bokeh]]
[2024.05.18-17.36.59:368][  0]LogConfig: Setting CVar [[r.DOF.Recombine.Quality:1                ; cheap slight out of focus]]
[2024.05.18-17.36.59:368][  0]LogConfig: Setting CVar [[r.DOF.Recombine.EnableBokehSettings:0    ; no bokeh simulation on slight out of focus]]
[2024.05.18-17.36.59:368][  0]LogConfig: Setting CVar [[r.DOF.TemporalAAQuality:1                ; more stable temporal accumulation]]
[2024.05.18-17.36.59:368][  0]LogConfig: Setting CVar [[r.DOF.Kernel.MaxForegroundRadius:0.025]]
[2024.05.18-17.36.59:368][  0]LogConfig: Setting CVar [[r.DOF.Kernel.MaxBackgroundRadius:0.025]]
[2024.05.18-17.36.59:368][  0]LogConfig: Applying CVar settings from Section [TextureQuality@3] File [C:/Users/alber/OneDrive/Documentos/Unreal Projects/MarioAnahuacOrdinario/MarioAnahuacOrdinario/Saved/Config/Windows/Scalability.ini]
[2024.05.18-17.36.59:368][  0]LogConfig: Setting CVar [[r.Streaming.MipBias:0]]
[2024.05.18-17.36.59:368][  0]LogConfig: Setting CVar [[r.Streaming.AmortizeCPUToGPUCopy:0]]
[2024.05.18-17.36.59:368][  0]LogConfig: Setting CVar [[r.Streaming.MaxNumTexturesToStreamPerFrame:0]]
[2024.05.18-17.36.59:368][  0]LogConfig: Setting CVar [[r.Streaming.Boost:1]]
[2024.05.18-17.36.59:368][  0]LogConfig: Setting CVar [[r.MaxAnisotropy:8]]
[2024.05.18-17.36.59:368][  0]LogConfig: Setting CVar [[r.VT.MaxAnisotropy:8]]
[2024.05.18-17.36.59:368][  0]LogConfig: Setting CVar [[r.Streaming.LimitPoolSizeToVRAM:0]]
[2024.05.18-17.36.59:368][  0]LogConfig: Setting CVar [[r.Streaming.PoolSize:1000]]
[2024.05.18-17.36.59:368][  0]LogConfig: Setting CVar [[r.Streaming.MaxEffectiveScreenSize:0]]
[2024.05.18-17.36.59:368][  0]LogConfig: Applying CVar settings from Section [EffectsQuality@3] File [C:/Users/alber/OneDrive/Documentos/Unreal Projects/MarioAnahuacOrdinario/MarioAnahuacOrdinario/Saved/Config/Windows/Scalability.ini]
[2024.05.18-17.36.59:368][  0]LogConfig: Setting CVar [[r.TranslucencyLightingVolumeDim:64]]
[2024.05.18-17.36.59:368][  0]LogConfig: Setting CVar [[r.RefractionQuality:2]]
[2024.05.18-17.36.59:368][  0]LogConfig: Setting CVar [[r.SSR.Quality:3]]
[2024.05.18-17.36.59:368][  0]LogConfig: Setting CVar [[r.SSR.HalfResSceneColor:0]]
[2024.05.18-17.36.59:368][  0]LogConfig: Setting CVar [[r.SceneColorFormat:4]]
[2024.05.18-17.36.59:368][  0]LogConfig: Setting CVar [[r.DetailMode:2]]
[2024.05.18-17.36.59:368][  0]LogConfig: Setting CVar [[r.TranslucencyVolumeBlur:1]]
[2024.05.18-17.36.59:368][  0]LogConfig: Setting CVar [[r.MaterialQualityLevel:1 ; High quality]]
[2024.05.18-17.36.59:368][  0]LogConfig: Setting CVar [[r.AnisotropicMaterials:1]]
[2024.05.18-17.36.59:368][  0]LogConfig: Setting CVar [[r.SSS.Scale:1]]
[2024.05.18-17.36.59:368][  0]LogConfig: Setting CVar [[r.SSS.SampleSet:2]]
[2024.05.18-17.36.59:368][  0]LogConfig: Setting CVar [[r.SSS.Quality:1]]
[2024.05.18-17.36.59:368][  0]LogConfig: Setting CVar [[r.SSS.HalfRes:0]]
[2024.05.18-17.36.59:368][  0]LogConfig: Setting CVar [[r.SSGI.Quality:3]]
[2024.05.18-17.36.59:368][  0]LogConfig: Setting CVar [[r.EmitterSpawnRateScale:1.0]]
[2024.05.18-17.36.59:368][  0]LogConfig: Setting CVar [[r.ParticleLightQuality:2]]
[2024.05.18-17.36.59:368][  0]LogConfig: Setting CVar [[r.SkyAtmosphere.AerialPerspectiveLUT.FastApplyOnOpaque:1 ; Always have FastSkyLUT 1 in this case to avoid wrong sky]]
[2024.05.18-17.36.59:368][  0]LogConfig: Setting CVar [[r.SkyAtmosphere.AerialPerspectiveLUT.SampleCountMaxPerSlice:4]]
[2024.05.18-17.36.59:368][  0]LogConfig: Setting CVar [[r.SkyAtmosphere.AerialPerspectiveLUT.DepthResolution:16.0]]
[2024.05.18-17.36.59:368][  0]LogConfig: Setting CVar [[r.SkyAtmosphere.FastSkyLUT:1]]
[2024.05.18-17.36.59:368][  0]LogConfig: Setting CVar [[r.SkyAtmosphere.FastSkyLUT.SampleCountMin:4.0]]
[2024.05.18-17.36.59:368][  0]LogConfig: Setting CVar [[r.SkyAtmosphere.FastSkyLUT.SampleCountMax:128.0]]
[2024.05.18-17.36.59:368][  0]LogConfig: Setting CVar [[r.SkyAtmosphere.SampleCountMin:4.0]]
[2024.05.18-17.36.59:368][  0]LogConfig: Setting CVar [[r.SkyAtmosphere.SampleCountMax:128.0]]
[2024.05.18-17.36.59:368][  0]LogConfig: Setting CVar [[r.SkyAtmosphere.TransmittanceLUT.UseSmallFormat:0]]
[2024.05.18-17.36.59:368][  0]LogConfig: Setting CVar [[r.SkyAtmosphere.TransmittanceLUT.SampleCount:10.0]]
[2024.05.18-17.36.59:368][  0]LogConfig: Setting CVar [[r.SkyAtmosphere.MultiScatteringLUT.SampleCount:15.0]]
[2024.05.18-17.36.59:368][  0]LogConfig: Setting CVar [[r.SkyLight.RealTimeReflectionCapture:1]]
[2024.05.18-17.36.59:368][  0]LogConfig: Applying CVar settings from Section [FoliageQuality@3] File [C:/Users/alber/OneDrive/Documentos/Unreal Projects/MarioAnahuacOrdinario/MarioAnahuacOrdinario/Saved/Config/Windows/Scalability.ini]
[2024.05.18-17.36.59:368][  0]LogConfig: Setting CVar [[foliage.DensityScale:1.0]]
[2024.05.18-17.36.59:368][  0]LogConfig: Setting CVar [[grass.DensityScale:1.0]]
[2024.05.18-17.36.59:368][  0]LogConfig: Applying CVar settings from Section [ShadingQuality@3] File [C:/Users/alber/OneDrive/Documentos/Unreal Projects/MarioAnahuacOrdinario/MarioAnahuacOrdinario/Saved/Config/Windows/Scalability.ini]
[2024.05.18-17.36.59:368][  0]LogConfig: Setting CVar [[r.HairStrands.SkyLighting.IntegrationType:2]]
[2024.05.18-17.36.59:368][  0]LogConfig: Setting CVar [[r.HairStrands.SkyAO.SampleCount:4]]
[2024.05.18-17.36.59:368][  0]LogConfig: Setting CVar [[r.HairStrands.Visibility.MSAA.SamplePerPixel:4]]
[2024.05.18-17.36.59:368][  0]LogConfig: Applying CVar settings from Section [Startup] File [../../../Engine/Config/ConsoleVariables.ini]
[2024.05.18-17.36.59:369][  0]LogConfig: Setting CVar [[net.UseAdaptiveNetUpdateFrequency:0]]
[2024.05.18-17.36.59:369][  0]LogConfig: Setting CVar [[p.chaos.AllowCreatePhysxBodies:1]]
[2024.05.18-17.36.59:369][  0]LogConfig: Setting CVar [[fx.SkipVectorVMBackendOptimizations:1]]
[2024.05.18-17.36.59:369][  0]LogConfig: Applying CVar settings from Section [ConsoleVariables] File [C:/Users/alber/OneDrive/Documentos/Unreal Projects/MarioAnahuacOrdinario/MarioAnahuacOrdinario/Saved/Config/Windows/Engine.ini]
[2024.05.18-17.36.59:369][  0]LogConfig: Applying CVar settings from Section [ConsoleVariables] File [C:/Users/alber/OneDrive/Documentos/Unreal Projects/MarioAnahuacOrdinario/MarioAnahuacOrdinario/Saved/Config/Windows/Editor.ini]
[2024.05.18-17.36.59:370][  0]LogInit: Computer: LUISCERàN
[2024.05.18-17.36.59:370][  0]LogInit: User: alber
[2024.05.18-17.36.59:370][  0]LogInit: CPU Page size=4096, Cores=8
[2024.05.18-17.36.59:370][  0]LogInit: High frequency timer resolution =10.000000 MHz
[2024.05.18-17.36.59:370][  0]LogMemory: Memory total: Physical=15.2GB (16GB approx)
[2024.05.18-17.36.59:370][  0]LogMemory: Platform Memory Stats for Windows
[2024.05.18-17.36.59:370][  0]LogMemory: Process Physical Memory: 145.85 MB used, 145.85 MB peak
[2024.05.18-17.36.59:370][  0]LogMemory: Process Virtual Memory: 131.11 MB used, 131.11 MB peak
[2024.05.18-17.36.59:370][  0]LogMemory: Physical Memory: 10506.46 MB used,  5047.90 MB free, 15554.36 MB total
[2024.05.18-17.36.59:370][  0]LogMemory: Virtual Memory: 134195264.00 MB used,  22461.82 MB free, 134217728.00 MB total
[2024.05.18-17.36.59:418][  0]LogWindows: WindowsPlatformFeatures enabled
[2024.05.18-17.36.59:543][  0]LogInit: Physics initialised using underlying interface: PhysX
[2024.05.18-17.36.59:550][  0]LogInit: Overriding language with editor language configuration option (en).
[2024.05.18-17.36.59:550][  0]LogInit: Using OS detected locale (es-MX).
[2024.05.18-17.36.59:895][  0]LogInit: Setting process to per monitor DPI aware
[2024.05.18-17.36.59:913][  0]LogWindowsTextInputMethodSystem: Display: IME system deactivated.
[2024.05.18-17.36.59:951][  0]LogSlate: New Slate User Created.  User Index 0, Is Virtual User: 0
[2024.05.18-17.36.59:951][  0]LogSlate: Slate User Registered.  User Index 0, Is Virtual User: 0
[2024.05.18-17.37.00:292][  0]LogD3D11RHI: Loaded GFSDK_Aftermath_Lib.x64.dll
[2024.05.18-17.37.00:340][  0]LogHMD: Failed to initialize OpenVR with code 110
[2024.05.18-17.37.00:340][  0]LogD3D11RHI: D3D11 min allowed feature level: 11_0
[2024.05.18-17.37.00:340][  0]LogD3D11RHI: D3D11 max allowed feature level: 11_0
[2024.05.18-17.37.00:340][  0]LogD3D11RHI: D3D11 adapters:
[2024.05.18-17.37.00:466][  0]LogD3D11RHI:    0. 'NVIDIA GeForce RTX 4060 Laptop GPU' (Feature Level 11_0)
[2024.05.18-17.37.00:466][  0]LogD3D11RHI:       7971/0/7777 MB DedicatedVideo/DedicatedSystem/SharedSystem, Outputs:1, VendorId:0x10de
[2024.05.18-17.37.00:553][  0]LogD3D11RHI:    1. 'AMD Radeon(TM) 780M' (Feature Level 11_0)
[2024.05.18-17.37.00:553][  0]LogD3D11RHI:       416/0/7777 MB DedicatedVideo/DedicatedSystem/SharedSystem, Outputs:0, VendorId:0x1002
[2024.05.18-17.37.00:556][  0]LogD3D11RHI:    2. 'Microsoft Basic Render Driver' (Feature Level 11_0)
[2024.05.18-17.37.00:556][  0]LogD3D11RHI:       0/0/7777 MB DedicatedVideo/DedicatedSystem/SharedSystem, Outputs:0, VendorId:0x1414
[2024.05.18-17.37.00:556][  0]LogD3D11RHI: Chosen D3D11 Adapter:
[2024.05.18-17.37.00:556][  0]LogD3D11RHI:     Description : NVIDIA GeForce RTX 4060 Laptop GPU
[2024.05.18-17.37.00:556][  0]LogD3D11RHI:     VendorId    : 10de
[2024.05.18-17.37.00:556][  0]LogD3D11RHI:     DeviceId    : 28e0
[2024.05.18-17.37.00:556][  0]LogD3D11RHI:     SubSysId    : 3c9317aa
[2024.05.18-17.37.00:556][  0]LogD3D11RHI:     Revision    : 00a1
[2024.05.18-17.37.00:556][  0]LogD3D11RHI:     DedicatedVideoMemory : 8358199296 bytes
[2024.05.18-17.37.00:556][  0]LogD3D11RHI:     DedicatedSystemMemory : 0 bytes
[2024.05.18-17.37.00:556][  0]LogD3D11RHI:     SharedSystemMemory : 8154966016 bytes
[2024.05.18-17.37.00:556][  0]LogD3D11RHI:     AdapterLuid : 0 76928
[2024.05.18-17.37.00:566][  0]LogD3D11RHI: Creating new Direct3DDevice
[2024.05.18-17.37.00:566][  0]LogD3D11RHI:     GPU DeviceId: 0x28e0 (for the marketing name, search the web for "GPU Device Id")
[2024.05.18-17.37.00:566][  0]LogWindows: EnumDisplayDevices:
[2024.05.18-17.37.00:566][  0]LogWindows:    0. 'AMD Radeon(TM) 780M' (P:1 D:1)
[2024.05.18-17.37.00:566][  0]LogWindows:    1. 'AMD Radeon(TM) 780M' (P:0 D:0)
[2024.05.18-17.37.00:566][  0]LogWindows:    2. 'AMD Radeon(TM) 780M' (P:0 D:0)
[2024.05.18-17.37.00:567][  0]LogWindows:    3. 'AMD Radeon(TM) 780M' (P:0 D:0)
[2024.05.18-17.37.00:567][  0]LogWindows:    4. 'NVIDIA GeForce RTX 4060 Laptop GPU' (P:0 D:0)
[2024.05.18-17.37.00:567][  0]LogWindows:    5. 'NVIDIA GeForce RTX 4060 Laptop GPU' (P:0 D:0)
[2024.05.18-17.37.00:567][  0]LogWindows:    6. 'NVIDIA GeForce RTX 4060 Laptop GPU' (P:0 D:0)
[2024.05.18-17.37.00:567][  0]LogWindows:    7. 'NVIDIA GeForce RTX 4060 Laptop GPU' (P:0 D:0)
[2024.05.18-17.37.00:567][  0]LogWindows: DebugString: PrimaryIsNotTheChoosenAdapter PrimaryIsNotTheChoosenAdapter PrimaryIsNotTheChoosenAdapter PrimaryIsNotTheChoosenAdapter FoundDriverCount:4 
[2024.05.18-17.37.00:567][  0]LogD3D11RHI:     Adapter Name: NVIDIA GeForce RTX 4060 Laptop GPU
[2024.05.18-17.37.00:568][  0]LogD3D11RHI:   Driver Version: 537.70 (internal:31.0.15.3770, unified:537.70)
[2024.05.18-17.37.00:568][  0]LogD3D11RHI:      Driver Date: 10-18-2023
[2024.05.18-17.37.00:568][  0]LogRHI: Texture pool is 5579 MB (70% of 7971 MB)
[2024.05.18-17.37.00:568][  0]LogD3D11RHI: Creating D3DDevice using adapter:
[2024.05.18-17.37.00:568][  0]LogD3D11RHI:     Description : NVIDIA GeForce RTX 4060 Laptop GPU
[2024.05.18-17.37.00:568][  0]LogD3D11RHI:     VendorId    : 10de
[2024.05.18-17.37.00:568][  0]LogD3D11RHI:     DeviceId    : 28e0
[2024.05.18-17.37.00:568][  0]LogD3D11RHI:     SubSysId    : 3c9317aa
[2024.05.18-17.37.00:568][  0]LogD3D11RHI:     Revision    : 00a1
[2024.05.18-17.37.00:568][  0]LogD3D11RHI:     DedicatedVideoMemory : 8358199296 bytes
[2024.05.18-17.37.00:568][  0]LogD3D11RHI:     DedicatedSystemMemory : 0 bytes
[2024.05.18-17.37.00:568][  0]LogD3D11RHI:     SharedSystemMemory : 8154966016 bytes
[2024.05.18-17.37.00:568][  0]LogD3D11RHI:     AdapterLuid : 0 76928
[2024.05.18-17.37.00:634][  0]LogD3D11RHI: RHI has support for 64 bit atomics
[2024.05.18-17.37.00:634][  0]LogD3D11RHI: Async texture creation enabled
[2024.05.18-17.37.00:634][  0]LogD3D11RHI: Array index from any shader is supported
[2024.05.18-17.37.00:686][  0]LogD3D11RHI: GPU Timing Frequency: 1000.000000 (Debug: 2 2)
[2024.05.18-17.37.00:722][  0]LogRHI: GeForceNow SDK initialized: 1
[2024.05.18-17.37.01:043][  0]LogTargetPlatformManager: Display: Loaded TargetPlatform 'AllDesktop'
[2024.05.18-17.37.01:065][  0]LogTargetPlatformManager: Display: Loaded TargetPlatform 'Android'
[2024.05.18-17.37.01:065][  0]LogTargetPlatformManager: Display: Loaded TargetPlatform 'Android_ASTC'
[2024.05.18-17.37.01:065][  0]LogTargetPlatformManager: Display: Loaded TargetPlatform 'Android_DXT'
[2024.05.18-17.37.01:065][  0]LogTargetPlatformManager: Display: Loaded TargetPlatform 'Android_ETC2'
[2024.05.18-17.37.01:065][  0]LogTargetPlatformManager: Display: Loaded TargetPlatform 'AndroidClient'
[2024.05.18-17.37.01:065][  0]LogTargetPlatformManager: Display: Loaded TargetPlatform 'Android_ASTCClient'
[2024.05.18-17.37.01:065][  0]LogTargetPlatformManager: Display: Loaded TargetPlatform 'Android_DXTClient'
[2024.05.18-17.37.01:065][  0]LogTargetPlatformManager: Display: Loaded TargetPlatform 'Android_ETC2Client'
[2024.05.18-17.37.01:065][  0]LogTargetPlatformManager: Display: Loaded TargetPlatform 'Android_Multi'
[2024.05.18-17.37.01:065][  0]LogTargetPlatformManager: Display: Loaded TargetPlatform 'Android_MultiClient'
[2024.05.18-17.37.01:094][  0]LogTargetPlatformManager: Display: Loaded TargetPlatform 'IOSClient'
[2024.05.18-17.37.01:094][  0]LogTargetPlatformManager: Display: Loaded TargetPlatform 'IOS'
[2024.05.18-17.37.01:105][  0]LogTargetPlatformManager: Display: Loaded TargetPlatform 'Linux'
[2024.05.18-17.37.01:112][  0]LogTargetPlatformManager: Display: Loaded TargetPlatform 'LinuxNoEditor'
[2024.05.18-17.37.01:118][  0]LogTargetPlatformManager: Display: Loaded TargetPlatform 'LinuxClient'
[2024.05.18-17.37.01:126][  0]LogTargetPlatformManager: Display: Loaded TargetPlatform 'LinuxServer'
[2024.05.18-17.37.01:136][  0]LogTargetPlatformManager: Display: Loaded TargetPlatform 'LinuxAArch64NoEditor'
[2024.05.18-17.37.01:143][  0]LogTargetPlatformManager: Display: Loaded TargetPlatform 'LinuxAArch64Client'
[2024.05.18-17.37.01:149][  0]LogTargetPlatformManager: Display: Loaded TargetPlatform 'LinuxAArch64Server'
[2024.05.18-17.37.01:172][  0]LogTargetPlatformManager: Display: Loaded TargetPlatform 'Lumin'
[2024.05.18-17.37.01:172][  0]LogTargetPlatformManager: Display: Loaded TargetPlatform 'LuminClient'
[2024.05.18-17.37.01:181][  0]LogTargetPlatformManager: Display: Loaded TargetPlatform 'MacNoEditor'
[2024.05.18-17.37.01:189][  0]LogTargetPlatformManager: Display: Loaded TargetPlatform 'Mac'
[2024.05.18-17.37.01:195][  0]LogTargetPlatformManager: Display: Loaded TargetPlatform 'MacClient'
[2024.05.18-17.37.01:201][  0]LogTargetPlatformManager: Display: Loaded TargetPlatform 'MacServer'
[2024.05.18-17.37.01:212][  0]LogTargetPlatformManager: Display: Loaded TargetPlatform 'TVOSClient'
[2024.05.18-17.37.01:212][  0]LogTargetPlatformManager: Display: Loaded TargetPlatform 'TVOS'
[2024.05.18-17.37.01:222][  0]LogTargetPlatformManager: Display: Loaded TargetPlatform 'WindowsNoEditor'
[2024.05.18-17.37.01:229][  0]LogTargetPlatformManager: Display: Loaded TargetPlatform 'Windows'
[2024.05.18-17.37.01:236][  0]LogTargetPlatformManager: Display: Loaded TargetPlatform 'WindowsClient'
[2024.05.18-17.37.01:243][  0]LogTargetPlatformManager: Display: Loaded TargetPlatform 'WindowsServer'
[2024.05.18-17.37.01:243][  0]LogTargetPlatformManager: Display: Building Assets For Windows
[2024.05.18-17.37.01:260][  0]LogAudioDebug: Display: Lib vorbis DLL was dynamically loaded.
[2024.05.18-17.37.01:324][  0]LogTextureFormatOodle: Display: Oodle Texture 2.9.0 init RDO Off
[2024.05.18-17.37.01:428][  0]LogRendererCore: Ray tracing is disabled. Reason: r.RayTracing=0.
[2024.05.18-17.37.01:429][  0]LogShaderCompilers: Guid format shader working directory is -64 characters bigger than the processId version (../../../../../../Users/alber/OneDrive/Documentos/Unreal Projects/MarioAnahuacOrdinario/MarioAnahuacOrdinario/Intermediate/Shaders/WorkingDirectory/11688/).
[2024.05.18-17.37.01:429][  0]LogShaderCompilers: Cleaned the shader compiler working directory 'C:/Users/alber/AppData/Local/Temp/UnrealShaderWorkingDir/AFD80F6548F09D43254CA4B8FF55D79E/'.
[2024.05.18-17.37.01:430][  0]LogXGEController: Cannot use XGE Controller as Incredibuild is not installed on this machine.
[2024.05.18-17.37.01:431][  0]LogShaderCompilers: Cannot use XGE Shader Compiler as Incredibuild is not installed on this machine.
[2024.05.18-17.37.01:431][  0]LogShaderCompilers: Display: Using Local Shader Compiler.
[2024.05.18-17.37.02:324][  0]LogDerivedDataCache: Display: Max Cache Size: 512 MB
[2024.05.18-17.37.02:391][  0]LogDerivedDataCache: Loaded boot cache 0.07s 94MB C:/Users/alber/AppData/Local/UnrealEngine/4.27/DerivedDataCache/Boot.ddc.
[2024.05.18-17.37.02:391][  0]LogDerivedDataCache: Display: Loaded Boot cache: C:/Users/alber/AppData/Local/UnrealEngine/4.27/DerivedDataCache/Boot.ddc
[2024.05.18-17.37.02:391][  0]LogDerivedDataCache: FDerivedDataBackendGraph:  Pak pak cache file ../../../../../../Users/alber/OneDrive/Documentos/Unreal Projects/MarioAnahuacOrdinario/MarioAnahuacOrdinario/DerivedDataCache/DDC.ddp not found, will not use a pak cache.
[2024.05.18-17.37.02:391][  0]LogDerivedDataCache: Unable to find inner node Pak for hierarchical cache Hierarchy.
[2024.05.18-17.37.02:391][  0]LogDerivedDataCache: FDerivedDataBackendGraph:  CompressedPak pak cache file ../../../../../../Users/alber/OneDrive/Documentos/Unreal Projects/MarioAnahuacOrdinario/MarioAnahuacOrdinario/DerivedDataCache/Compressed.ddp not found, will not use a pak cache.
[2024.05.18-17.37.02:391][  0]LogDerivedDataCache: Unable to find inner node CompressedPak for hierarchical cache Hierarchy.
[2024.05.18-17.37.02:411][  0]LogDerivedDataCache: Display: Pak cache opened for reading ../../../Engine/DerivedDataCache/Compressed.ddp.
[2024.05.18-17.37.02:411][  0]LogDerivedDataCache: FDerivedDataBackendGraph:  EnterprisePak pak cache file ../../../Enterprise/DerivedDataCache/Compressed.ddp not found, will not use a pak cache.
[2024.05.18-17.37.02:411][  0]LogDerivedDataCache: Unable to find inner node EnterprisePak for hierarchical cache Hierarchy.
[2024.05.18-17.37.02:424][  0]LogDerivedDataCache: Speed tests for C:/Users/alber/AppData/Local/UnrealEngine/Common/DerivedDataCache took 0.01 seconds
[2024.05.18-17.37.02:424][  0]LogDerivedDataCache: Display: Performance to C:/Users/alber/AppData/Local/UnrealEngine/Common/DerivedDataCache: Latency=0.15ms. RandomReadSpeed=200.31MBs, RandomWriteSpeed=171.23MBs. Assigned SpeedClass 'Local'
[2024.05.18-17.37.02:425][  0]LogDerivedDataCache: Using Local data cache path C:/Users/alber/AppData/Local/UnrealEngine/Common/DerivedDataCache: Writable
[2024.05.18-17.37.02:425][  0]LogDerivedDataCache: Shared data cache path not found in *engine.ini, will not use an Shared cache.
[2024.05.18-17.37.02:425][  0]LogDerivedDataCache: Unable to find inner node Shared for hierarchical cache Hierarchy.
[2024.05.18-17.37.02:481][  0]LogSlate: Using FreeType 2.10.0
[2024.05.18-17.37.02:484][  0]LogSlate: SlateFontServices - WITH_FREETYPE: 1, WITH_HARFBUZZ: 1
[2024.05.18-17.37.02:531][  0]LogAssetRegistry: FAssetRegistry took 0.0072 seconds to start up
[2024.05.18-17.37.03:139][  0]LogInit: Selected Device Profile: [Windows]
[2024.05.18-17.37.03:140][  0]LogInit: Active device profile: [000001C6E2CEEB00][000001C6D3A3B1C0 49] Windows
[2024.05.18-17.37.03:140][  0]LogInit: Profiles: [000001C6E2CEEB00][000001C6D3A3B1C0 49] Windows, [000001C6E409E500][000001C6D3A43480 49] WindowsNoEditor, [000001C6E2CEDC00][000001C6D8197740 49] WindowsServer, [000001C6E409F300][000001C6D819BA00 49] WindowsClient, [000001C6E2CECF00][000001C6D819E140 49] IOS, [000001C6E409FB00][000001C6D81A2400 49] iPadAir, [000001C6E2CEE200][000001C6D81A66C0 49] iPadAir2, [000001C6E4045D00][000001C6D15CCC00 49] IPadPro, [000001C6E4045E00][000001C6D81AAC40 49] iPadAir3, [000001C6E409FD00][000001C6D15C4F00 49] iPadAir4, [000001C6E4046D00][000001C6D3A3F180 49] iPadMini2, [000001C6E409D600][000001C6D15C9440 49] iPadMini3, [000001C6E4047800][000001C6D15D1700 49] iPadMini4, [000001C6E409E700][000001C6D15D59C0 49] iPadMini5, [000001C6E405D300][000001C6D15E8380 49] iPhone6, [000001C6E405D400][000001C6D15D83C0 49] iPodTouch6, [000001C6E2CEFB00][000001C6D15F0900 49] iPhone7, [000001C6E2CED500][000001C6D15E0940 49] iPodTouch7, [000001C6E4047900][000001C6D15E4C00 49] iPhone5S, [000001C6E2CEEA00][000001C6D15DCEC0 49] iPhone6Plus, [000001C6E4047D00][000001C6D15C1140 49] iPhone6S, [000001C6E2CEE000][000001C6D15ED3C0 49] iPhone6SPlus, [000001C6E4045800][000001C6D3C77680 49] iPhone7Plus, [000001C6E2CEC400][000001C6D3C7B940 49] iPhoneSE, [000001C6E4045400][000001C6D3C7FC00 49] iPhone8, [000001C6E4046E00][000001C6D3C82340 49] iPhone8Plus, [000001C6E405CC00][000001C6D3C86600 49] iPhoneX, [000001C6E4047500][000001C6D3C8A8C0 49] iPhoneXS, [000001C6E405FD00][000001C6D3C8EB80 49] iPhoneXSMax, [000001C6E4046700][000001C6D3C92E40 49] iPhoneXR, [000001C6E405E000][000001C6D3C97100 49] iPhone11, [000001C6E4045300][000001C6D15F5380 49] iPhone11Pro, [000001C6E405F400][000001C6D3C9B600 49] iPhone11ProMax, [000001C6E4044300][000001C6D3CA38C0 49] iPhoneSE2, [000001C6E405F100][000001C6D3CA7B80 49] iPhone12Mini, [000001C6E405D600][000001C6D3CAA2C0 49] iPhone12, [000001C6E2CEDD00][000001C6D3CAE580 49] iPhone12Pro, [000001C6E4047400][000001C6D3CB2840 49] iPhone12ProMax, [000001C6E2CEFE00][000001C6D7866B00 49] iPadPro105, [000001C6E4044500][000001C6D786ADC0 49] iPadPro129, [000001C6E2CEE800][000001C6D786F080 49] iPadPro97, [000001C6E4044400][000001C6D7873340 49] iPadPro2_129, [000001C6E2CED200][000001C6D3C9F5C0 49] iPad5, [000001C6E4046B00][000001C6D7877840 49] iPad6, [000001C6E2CEF500][000001C6D787FB00 49] iPad7, [000001C6E4045C00][000001C6D7882240 49] iPad8, [000001C6E2CEEE00][000001C6D7886500 49] iPadPro11, [000001C6E4046300][000001C6D788A7C0 49] iPadPro2_11, [000001C6E2CEE900][000001C6D788EA80 49] iPadPro3_129, [000001C6E4047600][000001C6D7892D40 49] iPadPro4_129, [000001C6E2CECE00][000001C6D7897000 49] AppleTV, [000001C6E4045B00][000001C6D789B2C0 49] AppleTV4K, [000001C6E2CEDE00][000001C6D789F580 49] TVOS, [000001C6E4044D00][000001C6D787B800 49] Mac, [000001C6E2CEC800][000001C6D78A3A80 49] MacClient, [000001C6E4045A00][000001C6D78AA1C0 49] MacNoEditor, [000001C6E2CEF800][000001C6D78AE480 49] MacServer, [000001C6E4047000][000001C6CF7DE740 49] Linux, [000001C6E2CEF300][000001C6CF7E2A00 49] LinuxAArch64, [000001C6E4047F00][000001C6CF7E6CC0 49] LinuxNoEditor, [000001C6E2CEDA00][000001C6CF7EAF80 49] LinuxAArch64NoEditor, [000001C6E4045F00][000001C6CF7EF240 49] LinuxClient, [000001C6E2CEEF00][000001C6CF7F3500 49] LinuxAArch64Client, [000001C6E4046100][000001C6CF7F77C0 49] LinuxServer, [000001C6E2CEC200][000001C6D78A7A40 49] LinuxAArch64Server, [000001C6E4046500][000001C6CF7FA140 49] Android, [000001C6E2CED100][000001C6CF802400 49] Android_Low, [000001C6E4046000][000001C6CF8066C0 49] Android_Mid, [000001C6E2CEC700][000001C6CF80A980 49] Android_High, [000001C6E4044E00][000001C6CF80EC40 49] Android_Default, [000001C6E2CEC500][000001C6CF812F00 49] Android_Adreno4xx, [000001C6E4046400][000001C6CF8171C0 49] Android_Adreno5xx_Low, [000001C6E2CEF700][000001C6CF81B480 49] Android_Adreno5xx, [000001C6E4046900][000001C6CF81F740 49] Android_Adreno6xx, [000001C6E2CED800][000001C6CF823A00 49] Android_Adreno6xx_Vulkan, [000001C6E4044600][000001C6CF7FE100 49] Android_Mali_T6xx, [000001C6E2CEF400][000001C6CF82E380 49] Android_Mali_T7xx, [000001C6E4044100][000001C6CF836640 49] Android_Mali_T8xx, [000001C6E2CEDF00][000001C6CF83A900 49] Android_Mali_G71, [000001C6E4047300][000001C6E3BAEBC0 49] Android_Mali_G72, [000001C6E2CEE500][000001C6E3BB2E80 49] Android_Mali_G72_Vulkan, [000001C6E4046800][000001C6E3BB7140 49] Android_Mali_G76, [000001C6E2CEF600][000001C6E3BBB400 49] Android_Mali_G76_Vulkan, [000001C6E4044F00][000001C6E3BBF6C0 49] Android_Mali_G77, [000001C6E405DA00][000001C6E3BC3980 49] Android_Mali_G77_Vulkan, [000001C6E409CD00][000001C6E3BC60C0 49] Android_Mali_G78, [000001C6E405E200][000001C6CF832340 49] Android_Mali_G78_Vulkan, [000001C6E409D100][000001C6E3BCA5C0 49] Android_Mali_G710, [000001C6E405CD00][000001C6E3BD2880 49] Android_Mali_G710_Vulkan, [000001C6E409D000][000001C6E3BD6B40 49] Android_Vulkan_SM5, [000001C6E405F800][000001C6E3BDAE00 49] Android_PowerVR_G6xxx, [000001C6E409E800][000001C6E3BDF0C0 49] Android_PowerVR_GT7xxx, [000001C6E405F300][000001C6E3BE3380 49] Android_PowerVR_GE8xxx, [000001C6E409CF00][000001C6E3BE7640 49] Android_PowerVR_GM9xxx, [000001C6E405DB00][000001C6E3BEB900 49] Android_PowerVR_GM9xxx_Vulkan, [000001C6E409D400][000001C6E3BEFBC0 49] Android_TegraK1, [000001C6E405DF00][000001C6E3BF2300 49] Android_Unknown_Vulkan, [000001C6E409EA00][000001C6E3BCE580 49] Lumin, [000001C6E405C200][000001C6E3BF6800 49] Lumin_Desktop, [000001C6E409FA00][000001C6E3BFEAC0 49] HoloLens, 
[2024.05.18-17.37.03:374][  0]LogMeshReduction: Using QuadricMeshReduction for automatic static mesh reduction
[2024.05.18-17.37.03:374][  0]LogMeshReduction: Using SimplygonMeshReduction for automatic skeletal mesh reduction
[2024.05.18-17.37.03:374][  0]LogMeshReduction: Using ProxyLODMeshReduction for automatic mesh merging
[2024.05.18-17.37.03:374][  0]LogMeshReduction: No distributed automatic mesh merging module available
[2024.05.18-17.37.03:375][  0]LogMeshMerging: No distributed automatic mesh merging module available
[2024.05.18-17.37.03:421][  0]LogNetVersion: MarioAnahuac 1.0.0, NetCL: 17155196, EngineNetVer: 17, GameNetVer: 0 (Checksum: 2040080247)
[2024.05.18-17.37.04:512][  0]LogTexture: Default maximum texture size for cubemaps generated from long-lat sources has been changed from 512 to unlimited. In order to preserve old behaiour for '/Engine/MapTemplates/Sky/DaylightAmbientCubemap.DaylightAmbientCubemap', its maximum texture size has been explicitly set to 512.
[2024.05.18-17.37.04:598][  0]LogHMD: PokeAHoleMaterial loaded successfully
[2024.05.18-17.37.04:606][  0]LogUObjectArray: 17178 objects as part of root set at end of initial load.
[2024.05.18-17.37.04:606][  0]LogUObjectAllocator: 4302048 out of 0 bytes used by permanent object pool.
[2024.05.18-17.37.04:606][  0]LogUObjectArray: CloseDisregardForGC: 0/0 objects in disregard for GC pool
[2024.05.18-17.37.05:069][  0]LogNiagaraDebuggerClient: Niagara Debugger Client Initialized | Session: 2AAD8B44439BB391399B11B2AFE17C61 | Instance: 65A3D7F84F781CEBB132F4BB2BF35195 (LUISCERàN-11688).
[2024.05.18-17.37.05:579][  0]LogTcpMessaging: Initializing TcpMessaging bridge
[2024.05.18-17.37.05:588][  0]LogUdpMessaging: Initializing bridge on interface 0.0.0.0:0 to multicast group 230.0.0.1:6666.
[2024.05.18-17.37.05:647][  0]LogPython: Using Python 3.7.7
[2024.05.18-17.37.06:563][  0]SourceControl: Source control is disabled
[2024.05.18-17.37.06:563][  0]SourceControl: Source control is disabled
[2024.05.18-17.37.06:576][  0]SourceControl: Source control is disabled
[2024.05.18-17.37.06:591][  0]SourceControl: Source control is disabled
[2024.05.18-17.37.06:598][  0]SourceControl: Source control is disabled
[2024.05.18-17.37.06:626][  0]LogUProjectInfo: Found projects:
[2024.05.18-17.37.06:637][  0]LogVSAccessor: Display: Unable to create Visual Studio setup instance: 80040154
[2024.05.18-17.37.06:637][  0]LogVSAccessor: Display: Unable to create Visual Studio setup instance: 80040154
[2024.05.18-17.37.06:638][  0]LogVSAccessor: Display: Unable to create Visual Studio setup instance: 80040154
[2024.05.18-17.37.07:039][  0]LogAndroidPermission: UAndroidPermissionCallbackProxy::GetInstance
[2024.05.18-17.37.07:094][  0]LogAudioCaptureCore: Display: No Audio Capture implementations found. Audio input will be silent.
[2024.05.18-17.37.07:094][  0]LogAudioCaptureCore: Display: No Audio Capture implementations found. Audio input will be silent.
[2024.05.18-17.37.07:189][  0]LogOpenImageDenoise: OIDN starting up
[2024.05.18-17.37.07:351][  0]LogCollectionManager: Loaded 0 collections in 0.001891 seconds
[2024.05.18-17.37.07:396][  0]LogFileCache: Scanning file cache for directory 'C:/Users/alber/OneDrive/Documentos/Unreal Projects/MarioAnahuacOrdinario/MarioAnahuacOrdinario/Saved/Collections/' took 0.00s
[2024.05.18-17.37.07:396][  0]LogFileCache: Scanning file cache for directory 'C:/Users/alber/OneDrive/Documentos/Unreal Projects/MarioAnahuacOrdinario/MarioAnahuacOrdinario/Content/Developers/alber/Collections/' took 0.00s
[2024.05.18-17.37.07:396][  0]LogFileCache: Scanning file cache for directory 'C:/Users/alber/OneDrive/Documentos/Unreal Projects/MarioAnahuacOrdinario/MarioAnahuacOrdinario/Content/Collections/' took 0.00s
[2024.05.18-17.37.07:396][  0]LogOcInput: OculusInput pre-init called
[2024.05.18-17.37.07:696][  0]LogEngine: Initializing Engine...
[2024.05.18-17.37.07:708][  0]LogHMD: Failed to enumerate extensions. Please check that you have a valid OpenXR runtime installed.
[2024.05.18-17.37.07:709][  0]LogHMD: Failed to initialize OpenVR with code 110
[2024.05.18-17.37.07:709][  0]LogMagicLeap: Warning: VR disabled because ZI is not enabled.  To enable, in the editor, Edit -> Project Settings -> Plugins -> Magic Leap Plugin -> Enable Zero Iteration
[2024.05.18-17.37.07:714][  0]LogStats: UGameplayTagsManager::InitializeManager -  0.001 s
[2024.05.18-17.37.07:892][  0]LogInit: Initializing FReadOnlyCVARCache
[2024.05.18-17.37.07:952][  0]LogAIModule: Creating AISystem for world Untitled
[2024.05.18-17.37.07:957][  0]LogAudio: Display: Initializing Audio Device Manager...
[2024.05.18-17.37.07:963][  0]LogAudio: Display: Loading Default Audio Settings Objects...
[2024.05.18-17.37.07:964][  0]LogAudio: Display: No default SoundConcurrencyObject specified (or failed to load).
[2024.05.18-17.37.07:965][  0]LogAudio: Display: Audio Device Manager Initialized
[2024.05.18-17.37.07:965][  0]LogAudio: Display: Creating Audio Device:                 Id: 1, Scope: Shared, Realtime: True
[2024.05.18-17.37.07:966][  0]LogAudioMixer: Display: Audio Mixer Platform Settings:
[2024.05.18-17.37.07:966][  0]LogAudioMixer: Display: 	Sample Rate:						  48000
[2024.05.18-17.37.07:966][  0]LogAudioMixer: Display: 	Callback Buffer Frame Size Requested: 1024
[2024.05.18-17.37.07:966][  0]LogAudioMixer: Display: 	Callback Buffer Frame Size To Use:	  1024
[2024.05.18-17.37.07:966][  0]LogAudioMixer: Display: 	Number of buffers to queue:			  2
[2024.05.18-17.37.07:966][  0]LogAudioMixer: Display: 	Max Channels (voices):				  32
[2024.05.18-17.37.07:966][  0]LogAudioMixer: Display: 	Number of Async Source Workers:		  0
[2024.05.18-17.37.07:967][  0]LogAudio: Display: AudioDevice MaxSources: 32
[2024.05.18-17.37.07:967][  0]LogAudio: Display: Audio Spatialization Plugin: None (built-in).
[2024.05.18-17.37.07:967][  0]LogAudio: Display: Audio Reverb Plugin: None (built-in).
[2024.05.18-17.37.07:967][  0]LogAudio: Display: Audio Occlusion Plugin: None (built-in).
[2024.05.18-17.37.07:967][  0]LogAudioMixer: Display: Initializing audio mixer.
[2024.05.18-17.37.08:028][  0]LogAudioMixer: Display: 0: FrontLeft
[2024.05.18-17.37.08:028][  0]LogAudioMixer: Display: 1: FrontRight
[2024.05.18-17.37.08:075][  0]LogAudioMixer: Display: Using Audio Device Altavoces (Realtek(R) Audio)
[2024.05.18-17.37.08:077][  0]LogAudioMixer: Display: Initializing Sound Submixes...
[2024.05.18-17.37.08:081][  0]LogAudioMixer: Display: Creating Master Submix 'MasterSubmixDefault'
[2024.05.18-17.37.08:081][  0]LogAudioMixer: Display: Creating Master Submix 'MasterReverbSubmixDefault'
[2024.05.18-17.37.08:082][  0]LogAudioMixer: Display: Creating Master Submix 'MasterEQSubmixDefault'
[2024.05.18-17.37.08:082][  0]LogAudioMixer: FMixerPlatformXAudio2::StartAudioStream() called
[2024.05.18-17.37.08:082][  0]LogAudioMixer: Display: Output buffers initialized: Frames=1024, Channels=2, Samples=2048
[2024.05.18-17.37.08:083][  0]LogAudioMixer: Display: Starting AudioMixerPlatformInterface::RunInternal()
[2024.05.18-17.37.08:083][  0]LogAudioMixer: Display: FMixerPlatformXAudio2::SubmitBuffer() called for the first time
[2024.05.18-17.37.08:083][  0]LogInit: FAudioDevice initialized.
[2024.05.18-17.37.08:083][  0]LogAudio: Display: Audio Device (ID: 1) registered with world 'Untitled'.
[2024.05.18-17.37.08:083][  0]LogNetVersion: Set ProjectVersion to 1.0.0.0. Version Checksum will be recalculated on next use.
[2024.05.18-17.37.08:202][  0]LogDerivedDataCache: Saved boot cache 0.12s 94MB C:/Users/alber/AppData/Local/UnrealEngine/4.27/DerivedDataCache/Boot.ddc.
[2024.05.18-17.37.08:203][  0]LogInit: Texture streaming: Enabled
[2024.05.18-17.37.08:224][  0]LogAnalytics: Display: [UEEditor.Rocket.Release] APIServer = https://datarouter.ol.epicgames.com/. AppVersion = 4.27.2-18319896+++UE4+Release-4.27
[2024.05.18-17.37.08:230][  0]LogEngineSessionManager: EngineSessionManager initialized
[2024.05.18-17.37.08:231][  0]LogEditorSessionSummary: Verbose: Initializing EditorSessionSummaryWriter for editor session tracking
[2024.05.18-17.37.08:233][  0]LogEditorSessionSummary: EditorSessionSummaryWriter initialized
[2024.05.18-17.37.08:274][  0]LogInit: Transaction tracking system initialized
[2024.05.18-17.37.08:330][  0]BlueprintLog: New page: Editor Load
[2024.05.18-17.37.08:489][  0]LocalizationService: Localization service is disabled
[2024.05.18-17.37.08:558][  0]TimingProfiler: Initialize
[2024.05.18-17.37.08:560][  0]TimingProfiler: OnSessionChanged
[2024.05.18-17.37.08:560][  0]LoadingProfiler: Initialize
[2024.05.18-17.37.08:561][  0]LoadingProfiler: OnSessionChanged
[2024.05.18-17.37.08:561][  0]NetworkingProfiler: Initialize
[2024.05.18-17.37.08:562][  0]NetworkingProfiler: OnSessionChanged
[2024.05.18-17.37.08:562][  0]MemoryProfiler: Initialize
[2024.05.18-17.37.08:562][  0]MemoryProfiler: OnSessionChanged
[2024.05.18-17.37.08:683][  0]LogVSAccessor: Display: Unable to create Visual Studio setup instance: 80040154
[2024.05.18-17.37.08:683][  0]LogVSAccessor: Display: Unable to create Visual Studio setup instance: 80040154
[2024.05.18-17.37.08:684][  0]LogVSAccessor: Display: Unable to create Visual Studio setup instance: 80040154
[2024.05.18-17.37.08:820][  0]LogCook: Display: CookSettings for Memory: MemoryMaxUsedVirtual 0MiB, MemoryMaxUsedPhysical 16384MiB, MemoryMinFreeVirtual 0MiB, MemoryMinFreePhysical 1024MiB
[2024.05.18-17.37.08:820][  0]LogCook: Display: Mobile HDR setting 1
[2024.05.18-17.37.09:234][  0]LogFileCache: Scanning file cache for directory 'C:/Users/alber/OneDrive/Documentos/Unreal Projects/MarioAnahuacOrdinario/MarioAnahuacOrdinario/Content/' took 0.03s
[2024.05.18-17.37.09:403][  0]LogInit: Display: Engine is initialized. Leaving FEngineLoop::Init()
[2024.05.18-17.37.09:416][  0]SourceControl: Source control is disabled
[2024.05.18-17.37.09:417][  0]LogUnrealEdMisc: Loading editor; pre map load, took 14.415
[2024.05.18-17.37.09:420][  0]Cmd: MAP LOAD FILE="../../../../../../Users/alber/OneDrive/Documentos/Unreal Projects/MarioAnahuacOrdinario/MarioAnahuacOrdinario/Content/Niveles/Nivel-1.umap" TEMPLATE=0 SHOWPROGRESS=1 FEATURELEVEL=3
[2024.05.18-17.37.09:421][  0]LightingResults: New page: Lighting Build
[2024.05.18-17.37.09:434][  0]LogWorld: UWorld::CleanupWorld for Untitled, bSessionEnded=true, bCleanupResources=true
[2024.05.18-17.37.09:435][  0]LogSlate: InvalidateAllWidgets triggered.  All widgets were invalidated
[2024.05.18-17.37.09:438][  0]MapCheck: New page: Map Check
[2024.05.18-17.37.09:438][  0]LightingResults: New page: Lighting Build
[2024.05.18-17.37.09:451][  0]LogAudio: Display: Audio Device unregistered from world 'None'.
[2024.05.18-17.37.09:497][  0]LogUObjectHash: Compacting FUObjectHashTables data took   0.64ms
[2024.05.18-17.37.10:254][  0]LogAudio: Display: Audio Device (ID: 1) registered with world 'Nivel-1'.
[2024.05.18-17.37.10:255][  0]LogAIModule: Creating AISystem for world Nivel-1
[2024.05.18-17.37.10:368][  0]LogEditorServer: Finished looking for orphan Actors (0.000 secs)
[2024.05.18-17.37.10:382][  0]LogUObjectHash: Compacting FUObjectHashTables data took   1.07ms
[2024.05.18-17.37.10:383][  0]Cmd: MAP CHECKDEP NOCLEARLOG
[2024.05.18-17.37.10:383][  0]MapCheck: Map check complete: 0 Error(s), 0 Warning(s), took 0.479ms to complete.
[2024.05.18-17.37.10:383][  0]LogFileHelpers: Loading map 'Nivel-1' took 0.965
[2024.05.18-17.37.10:406][  0]LogUnrealEdMisc: Total Editor Startup Time, took 15.403
[2024.05.18-17.37.10:532][  0]LogSlate: Updating window title bar state: overlay mode, drag disabled, window buttons hidden, title bar hidden
[2024.05.18-17.37.10:539][  0]LogSlate: Updating window title bar state: overlay mode, drag disabled, window buttons hidden, title bar hidden
[2024.05.18-17.37.10:546][  0]LogSlate: Updating window title bar state: overlay mode, drag disabled, window buttons hidden, title bar hidden
[2024.05.18-17.37.10:556][  0]LogSlate: Updating window title bar state: overlay mode, drag disabled, window buttons hidden, title bar hidden
[2024.05.18-17.37.10:597][  0]LogNativeClassHierarchy: Verbose: Native class hierarchy populated in 0.0126 seconds. Added 3822 classes and 928 folders.
[2024.05.18-17.37.10:605][  0]LogNativeClassHierarchy: Verbose: Native class hierarchy updated for 'WidgetCarousel' in 0.0003 seconds. Added 0 classes and 0 folders.
[2024.05.18-17.37.10:610][  0]LogPakFile: PakFile PrimaryIndexSize=187
[2024.05.18-17.37.10:610][  0]LogPakFile: PakFile PathHashIndexSize=101
[2024.05.18-17.37.10:610][  0]LogPakFile: PakFile FullDirectoryIndexSize=148
[2024.05.18-17.37.10:611][  0]LogShaderLibrary: Display: ShaderCodeLibraryPakFileMountedCallback: PakFile 'C:/Program Files/Epic Games/UE_4.27/FeaturePacks/FP_FirstPerson.upack' (chunk index -1, root 'root:/') mounted
[2024.05.18-17.37.10:611][  0]LogShaderLibrary: Display: ShaderCodeLibraryPakFileMountedCallback: pending pak file info (ChunkID:-1 Root:root:/ File:C:/Program Files/Epic Games/UE_4.27/FeaturePacks/FP_FirstPerson.upack)
[2024.05.18-17.37.10:611][  0]LogPakFile: OnPakFileMounted2Time == 0.000275
[2024.05.18-17.37.10:614][  0]LogPakFile: PakFile PrimaryIndexSize=189
[2024.05.18-17.37.10:614][  0]LogPakFile: PakFile PathHashIndexSize=101
[2024.05.18-17.37.10:614][  0]LogPakFile: PakFile FullDirectoryIndexSize=152
[2024.05.18-17.37.10:614][  0]LogShaderLibrary: Display: ShaderCodeLibraryPakFileMountedCallback: PakFile 'C:/Program Files/Epic Games/UE_4.27/FeaturePacks/FP_FirstPersonBP.upack' (chunk index -1, root 'root:/') mounted
[2024.05.18-17.37.10:614][  0]LogShaderLibrary: Display: ShaderCodeLibraryPakFileMountedCallback: pending pak file info (ChunkID:-1 Root:root:/ File:C:/Program Files/Epic Games/UE_4.27/FeaturePacks/FP_FirstPersonBP.upack)
[2024.05.18-17.37.10:614][  0]LogPakFile: OnPakFileMounted2Time == 0.000034
[2024.05.18-17.37.10:615][  0]LogPakFile: PakFile PrimaryIndexSize=191
[2024.05.18-17.37.10:615][  0]LogPakFile: PakFile PathHashIndexSize=101
[2024.05.18-17.37.10:615][  0]LogPakFile: PakFile FullDirectoryIndexSize=160
[2024.05.18-17.37.10:615][  0]LogShaderLibrary: Display: ShaderCodeLibraryPakFileMountedCallback: PakFile 'C:/Program Files/Epic Games/UE_4.27/FeaturePacks/MobileStarterContent.upack' (chunk index -1, root 'root:/') mounted
[2024.05.18-17.37.10:615][  0]LogShaderLibrary: Display: ShaderCodeLibraryPakFileMountedCallback: pending pak file info (ChunkID:-1 Root:root:/ File:C:/Program Files/Epic Games/UE_4.27/FeaturePacks/MobileStarterContent.upack)
[2024.05.18-17.37.10:615][  0]LogPakFile: OnPakFileMounted2Time == 0.000030
[2024.05.18-17.37.10:617][  0]LogPakFile: PakFile PrimaryIndexSize=185
[2024.05.18-17.37.10:617][  0]LogPakFile: PakFile PathHashIndexSize=101
[2024.05.18-17.37.10:617][  0]LogPakFile: PakFile FullDirectoryIndexSize=148
[2024.05.18-17.37.10:617][  0]LogShaderLibrary: Display: ShaderCodeLibraryPakFileMountedCallback: PakFile 'C:/Program Files/Epic Games/UE_4.27/FeaturePacks/StarterContent.upack' (chunk index -1, root 'root:/') mounted
[2024.05.18-17.37.10:617][  0]LogShaderLibrary: Display: ShaderCodeLibraryPakFileMountedCallback: pending pak file info (ChunkID:-1 Root:root:/ File:C:/Program Files/Epic Games/UE_4.27/FeaturePacks/StarterContent.upack)
[2024.05.18-17.37.10:617][  0]LogPakFile: OnPakFileMounted2Time == 0.000030
[2024.05.18-17.37.10:619][  0]LogPakFile: PakFile PrimaryIndexSize=190
[2024.05.18-17.37.10:619][  0]LogPakFile: PakFile PathHashIndexSize=101
[2024.05.18-17.37.10:619][  0]LogPakFile: PakFile FullDirectoryIndexSize=154
[2024.05.18-17.37.10:619][  0]LogShaderLibrary: Display: ShaderCodeLibraryPakFileMountedCallback: PakFile 'C:/Program Files/Epic Games/UE_4.27/FeaturePacks/TP_2DSideScroller.upack' (chunk index -1, root 'root:/') mounted
[2024.05.18-17.37.10:619][  0]LogShaderLibrary: Display: ShaderCodeLibraryPakFileMountedCallback: pending pak file info (ChunkID:-1 Root:root:/ File:C:/Program Files/Epic Games/UE_4.27/FeaturePacks/TP_2DSideScroller.upack)
[2024.05.18-17.37.10:619][  0]LogPakFile: OnPakFileMounted2Time == 0.000028
[2024.05.18-17.37.10:621][  0]LogPakFile: PakFile PrimaryIndexSize=192
[2024.05.18-17.37.10:621][  0]LogPakFile: PakFile PathHashIndexSize=101
[2024.05.18-17.37.10:621][  0]LogPakFile: PakFile FullDirectoryIndexSize=158
[2024.05.18-17.37.10:621][  0]LogShaderLibrary: Display: ShaderCodeLibraryPakFileMountedCallback: PakFile 'C:/Program Files/Epic Games/UE_4.27/FeaturePacks/TP_2DSideScrollerBP.upack' (chunk index -1, root 'root:/') mounted
[2024.05.18-17.37.10:621][  0]LogShaderLibrary: Display: ShaderCodeLibraryPakFileMountedCallback: pending pak file info (ChunkID:-1 Root:root:/ File:C:/Program Files/Epic Games/UE_4.27/FeaturePacks/TP_2DSideScrollerBP.upack)
[2024.05.18-17.37.10:621][  0]LogPakFile: OnPakFileMounted2Time == 0.000031
[2024.05.18-17.37.10:622][  0]LogPakFile: PakFile PrimaryIndexSize=182
[2024.05.18-17.37.10:622][  0]LogPakFile: PakFile PathHashIndexSize=101
[2024.05.18-17.37.10:622][  0]LogPakFile: PakFile FullDirectoryIndexSize=138
[2024.05.18-17.37.10:622][  0]LogShaderLibrary: Display: ShaderCodeLibraryPakFileMountedCallback: PakFile 'C:/Program Files/Epic Games/UE_4.27/FeaturePacks/TP_Flying.upack' (chunk index -1, root 'root:/') mounted
[2024.05.18-17.37.10:622][  0]LogShaderLibrary: Display: ShaderCodeLibraryPakFileMountedCallback: pending pak file info (ChunkID:-1 Root:root:/ File:C:/Program Files/Epic Games/UE_4.27/FeaturePacks/TP_Flying.upack)
[2024.05.18-17.37.10:622][  0]LogPakFile: OnPakFileMounted2Time == 0.000030
[2024.05.18-17.37.10:624][  0]LogPakFile: PakFile PrimaryIndexSize=184
[2024.05.18-17.37.10:624][  0]LogPakFile: PakFile PathHashIndexSize=101
[2024.05.18-17.37.10:624][  0]LogPakFile: PakFile FullDirectoryIndexSize=142
[2024.05.18-17.37.10:624][  0]LogShaderLibrary: Display: ShaderCodeLibraryPakFileMountedCallback: PakFile 'C:/Program Files/Epic Games/UE_4.27/FeaturePacks/TP_FlyingBP.upack' (chunk index -1, root 'root:/') mounted
[2024.05.18-17.37.10:624][  0]LogShaderLibrary: Display: ShaderCodeLibraryPakFileMountedCallback: pending pak file info (ChunkID:-1 Root:root:/ File:C:/Program Files/Epic Games/UE_4.27/FeaturePacks/TP_FlyingBP.upack)
[2024.05.18-17.37.10:624][  0]LogPakFile: OnPakFileMounted2Time == 0.000026
[2024.05.18-17.37.10:625][  0]LogPakFile: PakFile PrimaryIndexSize=188
[2024.05.18-17.37.10:625][  0]LogPakFile: PakFile PathHashIndexSize=101
[2024.05.18-17.37.10:625][  0]LogPakFile: PakFile FullDirectoryIndexSize=150
[2024.05.18-17.37.10:625][  0]LogShaderLibrary: Display: ShaderCodeLibraryPakFileMountedCallback: PakFile 'C:/Program Files/Epic Games/UE_4.27/FeaturePacks/TP_HandheldARBP.upack' (chunk index -1, root 'root:/') mounted
[2024.05.18-17.37.10:625][  0]LogShaderLibrary: Display: ShaderCodeLibraryPakFileMountedCallback: pending pak file info (ChunkID:-1 Root:root:/ File:C:/Program Files/Epic Games/UE_4.27/FeaturePacks/TP_HandheldARBP.upack)
[2024.05.18-17.37.10:625][  0]LogPakFile: OnPakFileMounted2Time == 0.000032
[2024.05.18-17.37.10:627][  0]LogPakFile: PakFile PrimaryIndexSize=182
[2024.05.18-17.37.10:627][  0]LogPakFile: PakFile PathHashIndexSize=101
[2024.05.18-17.37.10:627][  0]LogPakFile: PakFile FullDirectoryIndexSize=138
[2024.05.18-17.37.10:627][  0]LogShaderLibrary: Display: ShaderCodeLibraryPakFileMountedCallback: PakFile 'C:/Program Files/Epic Games/UE_4.27/FeaturePacks/TP_Puzzle.upack' (chunk index -1, root 'root:/') mounted
[2024.05.18-17.37.10:627][  0]LogShaderLibrary: Display: ShaderCodeLibraryPakFileMountedCallback: pending pak file info (ChunkID:-1 Root:root:/ File:C:/Program Files/Epic Games/UE_4.27/FeaturePacks/TP_Puzzle.upack)
[2024.05.18-17.37.10:627][  0]LogPakFile: OnPakFileMounted2Time == 0.000030
[2024.05.18-17.37.10:629][  0]LogPakFile: PakFile PrimaryIndexSize=184
[2024.05.18-17.37.10:629][  0]LogPakFile: PakFile PathHashIndexSize=101
[2024.05.18-17.37.10:629][  0]LogPakFile: PakFile FullDirectoryIndexSize=142
[2024.05.18-17.37.10:629][  0]LogShaderLibrary: Display: ShaderCodeLibraryPakFileMountedCallback: PakFile 'C:/Program Files/Epic Games/UE_4.27/FeaturePacks/TP_PuzzleBP.upack' (chunk index -1, root 'root:/') mounted
[2024.05.18-17.37.10:629][  0]LogShaderLibrary: Display: ShaderCodeLibraryPakFileMountedCallback: pending pak file info (ChunkID:-1 Root:root:/ File:C:/Program Files/Epic Games/UE_4.27/FeaturePacks/TP_PuzzleBP.upack)
[2024.05.18-17.37.10:629][  0]LogPakFile: OnPakFileMounted2Time == 0.000040
[2024.05.18-17.37.10:631][  0]LogPakFile: PakFile PrimaryIndexSize=183
[2024.05.18-17.37.10:631][  0]LogPakFile: PakFile PathHashIndexSize=101
[2024.05.18-17.37.10:631][  0]LogPakFile: PakFile FullDirectoryIndexSize=140
[2024.05.18-17.37.10:631][  0]LogShaderLibrary: Display: ShaderCodeLibraryPakFileMountedCallback: PakFile 'C:/Program Files/Epic Games/UE_4.27/FeaturePacks/TP_Rolling.upack' (chunk index -1, root 'root:/') mounted
[2024.05.18-17.37.10:631][  0]LogShaderLibrary: Display: ShaderCodeLibraryPakFileMountedCallback: pending pak file info (ChunkID:-1 Root:root:/ File:C:/Program Files/Epic Games/UE_4.27/FeaturePacks/TP_Rolling.upack)
[2024.05.18-17.37.10:631][  0]LogPakFile: OnPakFileMounted2Time == 0.000033
[2024.05.18-17.37.10:633][  0]LogPakFile: PakFile PrimaryIndexSize=185
[2024.05.18-17.37.10:633][  0]LogPakFile: PakFile PathHashIndexSize=101
[2024.05.18-17.37.10:633][  0]LogPakFile: PakFile FullDirectoryIndexSize=144
[2024.05.18-17.37.10:633][  0]LogShaderLibrary: Display: ShaderCodeLibraryPakFileMountedCallback: PakFile 'C:/Program Files/Epic Games/UE_4.27/FeaturePacks/TP_RollingBP.upack' (chunk index -1, root 'root:/') mounted
[2024.05.18-17.37.10:633][  0]LogShaderLibrary: Display: ShaderCodeLibraryPakFileMountedCallback: pending pak file info (ChunkID:-1 Root:root:/ File:C:/Program Files/Epic Games/UE_4.27/FeaturePacks/TP_RollingBP.upack)
[2024.05.18-17.37.10:633][  0]LogPakFile: OnPakFileMounted2Time == 0.000026
[2024.05.18-17.37.10:635][  0]LogPakFile: PakFile PrimaryIndexSize=188
[2024.05.18-17.37.10:635][  0]LogPakFile: PakFile PathHashIndexSize=101
[2024.05.18-17.37.10:635][  0]LogPakFile: PakFile FullDirectoryIndexSize=150
[2024.05.18-17.37.10:635][  0]LogShaderLibrary: Display: ShaderCodeLibraryPakFileMountedCallback: PakFile 'C:/Program Files/Epic Games/UE_4.27/FeaturePacks/TP_SideScroller.upack' (chunk index -1, root 'root:/') mounted
[2024.05.18-17.37.10:635][  0]LogShaderLibrary: Display: ShaderCodeLibraryPakFileMountedCallback: pending pak file info (ChunkID:-1 Root:root:/ File:C:/Program Files/Epic Games/UE_4.27/FeaturePacks/TP_SideScroller.upack)
[2024.05.18-17.37.10:635][  0]LogPakFile: OnPakFileMounted2Time == 0.000038
[2024.05.18-17.37.10:637][  0]LogPakFile: PakFile PrimaryIndexSize=190
[2024.05.18-17.37.10:637][  0]LogPakFile: PakFile PathHashIndexSize=101
[2024.05.18-17.37.10:637][  0]LogPakFile: PakFile FullDirectoryIndexSize=154
[2024.05.18-17.37.10:637][  0]LogShaderLibrary: Display: ShaderCodeLibraryPakFileMountedCallback: PakFile 'C:/Program Files/Epic Games/UE_4.27/FeaturePacks/TP_SideScrollerBP.upack' (chunk index -1, root 'root:/') mounted
[2024.05.18-17.37.10:637][  0]LogShaderLibrary: Display: ShaderCodeLibraryPakFileMountedCallback: pending pak file info (ChunkID:-1 Root:root:/ File:C:/Program Files/Epic Games/UE_4.27/FeaturePacks/TP_SideScrollerBP.upack)
[2024.05.18-17.37.10:637][  0]LogPakFile: OnPakFileMounted2Time == 0.000031
[2024.05.18-17.37.10:638][  0]LogPakFile: PakFile PrimaryIndexSize=187
[2024.05.18-17.37.10:638][  0]LogPakFile: PakFile PathHashIndexSize=101
[2024.05.18-17.37.10:638][  0]LogPakFile: PakFile FullDirectoryIndexSize=148
[2024.05.18-17.37.10:638][  0]LogShaderLibrary: Display: ShaderCodeLibraryPakFileMountedCallback: PakFile 'C:/Program Files/Epic Games/UE_4.27/FeaturePacks/TP_ThirdPerson.upack' (chunk index -1, root 'root:/') mounted
[2024.05.18-17.37.10:638][  0]LogShaderLibrary: Display: ShaderCodeLibraryPakFileMountedCallback: pending pak file info (ChunkID:-1 Root:root:/ File:C:/Program Files/Epic Games/UE_4.27/FeaturePacks/TP_ThirdPerson.upack)
[2024.05.18-17.37.10:638][  0]LogPakFile: OnPakFileMounted2Time == 0.000028
[2024.05.18-17.37.10:639][  0]LogPakFile: PakFile PrimaryIndexSize=189
[2024.05.18-17.37.10:639][  0]LogPakFile: PakFile PathHashIndexSize=101
[2024.05.18-17.37.10:639][  0]LogPakFile: PakFile FullDirectoryIndexSize=152
[2024.05.18-17.37.10:639][  0]LogShaderLibrary: Display: ShaderCodeLibraryPakFileMountedCallback: PakFile 'C:/Program Files/Epic Games/UE_4.27/FeaturePacks/TP_ThirdPersonBP.upack' (chunk index -1, root 'root:/') mounted
[2024.05.18-17.37.10:639][  0]LogShaderLibrary: Display: ShaderCodeLibraryPakFileMountedCallback: pending pak file info (ChunkID:-1 Root:root:/ File:C:/Program Files/Epic Games/UE_4.27/FeaturePacks/TP_ThirdPersonBP.upack)
[2024.05.18-17.37.10:639][  0]LogPakFile: OnPakFileMounted2Time == 0.000026
[2024.05.18-17.37.10:641][  0]LogPakFile: PakFile PrimaryIndexSize=183
[2024.05.18-17.37.10:641][  0]LogPakFile: PakFile PathHashIndexSize=101
[2024.05.18-17.37.10:641][  0]LogPakFile: PakFile FullDirectoryIndexSize=140
[2024.05.18-17.37.10:641][  0]LogShaderLibrary: Display: ShaderCodeLibraryPakFileMountedCallback: PakFile 'C:/Program Files/Epic Games/UE_4.27/FeaturePacks/TP_TopDown.upack' (chunk index -1, root 'root:/') mounted
[2024.05.18-17.37.10:641][  0]LogShaderLibrary: Display: ShaderCodeLibraryPakFileMountedCallback: pending pak file info (ChunkID:-1 Root:root:/ File:C:/Program Files/Epic Games/UE_4.27/FeaturePacks/TP_TopDown.upack)
[2024.05.18-17.37.10:641][  0]LogPakFile: OnPakFileMounted2Time == 0.000063
[2024.05.18-17.37.10:643][  0]LogPakFile: PakFile PrimaryIndexSize=185
[2024.05.18-17.37.10:643][  0]LogPakFile: PakFile PathHashIndexSize=101
[2024.05.18-17.37.10:643][  0]LogPakFile: PakFile FullDirectoryIndexSize=144
[2024.05.18-17.37.10:643][  0]LogShaderLibrary: Display: ShaderCodeLibraryPakFileMountedCallback: PakFile 'C:/Program Files/Epic Games/UE_4.27/FeaturePacks/TP_TopDownBP.upack' (chunk index -1, root 'root:/') mounted
[2024.05.18-17.37.10:643][  0]LogShaderLibrary: Display: ShaderCodeLibraryPakFileMountedCallback: pending pak file info (ChunkID:-1 Root:root:/ File:C:/Program Files/Epic Games/UE_4.27/FeaturePacks/TP_TopDownBP.upack)
[2024.05.18-17.37.10:643][  0]LogPakFile: OnPakFileMounted2Time == 0.000030
[2024.05.18-17.37.10:645][  0]LogPakFile: PakFile PrimaryIndexSize=185
[2024.05.18-17.37.10:645][  0]LogPakFile: PakFile PathHashIndexSize=101
[2024.05.18-17.37.10:645][  0]LogPakFile: PakFile FullDirectoryIndexSize=144
[2024.05.18-17.37.10:645][  0]LogShaderLibrary: Display: ShaderCodeLibraryPakFileMountedCallback: PakFile 'C:/Program Files/Epic Games/UE_4.27/FeaturePacks/TP_TwinStick.upack' (chunk index -1, root 'root:/') mounted
[2024.05.18-17.37.10:645][  0]LogShaderLibrary: Display: ShaderCodeLibraryPakFileMountedCallback: pending pak file info (ChunkID:-1 Root:root:/ File:C:/Program Files/Epic Games/UE_4.27/FeaturePacks/TP_TwinStick.upack)
[2024.05.18-17.37.10:645][  0]LogPakFile: OnPakFileMounted2Time == 0.000026
[2024.05.18-17.37.10:646][  0]LogPakFile: PakFile PrimaryIndexSize=187
[2024.05.18-17.37.10:646][  0]LogPakFile: PakFile PathHashIndexSize=101
[2024.05.18-17.37.10:646][  0]LogPakFile: PakFile FullDirectoryIndexSize=148
[2024.05.18-17.37.10:646][  0]LogShaderLibrary: Display: ShaderCodeLibraryPakFileMountedCallback: PakFile 'C:/Program Files/Epic Games/UE_4.27/FeaturePacks/TP_TwinStickBP.upack' (chunk index -1, root 'root:/') mounted
[2024.05.18-17.37.10:646][  0]LogShaderLibrary: Display: ShaderCodeLibraryPakFileMountedCallback: pending pak file info (ChunkID:-1 Root:root:/ File:C:/Program Files/Epic Games/UE_4.27/FeaturePacks/TP_TwinStickBP.upack)
[2024.05.18-17.37.10:646][  0]LogPakFile: OnPakFileMounted2Time == 0.000026
[2024.05.18-17.37.10:648][  0]LogPakFile: PakFile PrimaryIndexSize=183
[2024.05.18-17.37.10:648][  0]LogPakFile: PakFile PathHashIndexSize=101
[2024.05.18-17.37.10:648][  0]LogPakFile: PakFile FullDirectoryIndexSize=140
[2024.05.18-17.37.10:648][  0]LogShaderLibrary: Display: ShaderCodeLibraryPakFileMountedCallback: PakFile 'C:/Program Files/Epic Games/UE_4.27/FeaturePacks/TP_Vehicle.upack' (chunk index -1, root 'root:/') mounted
[2024.05.18-17.37.10:648][  0]LogShaderLibrary: Display: ShaderCodeLibraryPakFileMountedCallback: pending pak file info (ChunkID:-1 Root:root:/ File:C:/Program Files/Epic Games/UE_4.27/FeaturePacks/TP_Vehicle.upack)
[2024.05.18-17.37.10:648][  0]LogPakFile: OnPakFileMounted2Time == 0.000028
[2024.05.18-17.37.10:649][  0]LogPakFile: PakFile PrimaryIndexSize=186
[2024.05.18-17.37.10:649][  0]LogPakFile: PakFile PathHashIndexSize=101
[2024.05.18-17.37.10:649][  0]LogPakFile: PakFile FullDirectoryIndexSize=146
[2024.05.18-17.37.10:649][  0]LogShaderLibrary: Display: ShaderCodeLibraryPakFileMountedCallback: PakFile 'C:/Program Files/Epic Games/UE_4.27/FeaturePacks/TP_VehicleAdv.upack' (chunk index -1, root 'root:/') mounted
[2024.05.18-17.37.10:649][  0]LogShaderLibrary: Display: ShaderCodeLibraryPakFileMountedCallback: pending pak file info (ChunkID:-1 Root:root:/ File:C:/Program Files/Epic Games/UE_4.27/FeaturePacks/TP_VehicleAdv.upack)
[2024.05.18-17.37.10:649][  0]LogPakFile: OnPakFileMounted2Time == 0.000038
[2024.05.18-17.37.10:651][  0]LogPakFile: PakFile PrimaryIndexSize=188
[2024.05.18-17.37.10:651][  0]LogPakFile: PakFile PathHashIndexSize=101
[2024.05.18-17.37.10:651][  0]LogPakFile: PakFile FullDirectoryIndexSize=150
[2024.05.18-17.37.10:651][  0]LogShaderLibrary: Display: ShaderCodeLibraryPakFileMountedCallback: PakFile 'C:/Program Files/Epic Games/UE_4.27/FeaturePacks/TP_VehicleAdvBP.upack' (chunk index -1, root 'root:/') mounted
[2024.05.18-17.37.10:651][  0]LogShaderLibrary: Display: ShaderCodeLibraryPakFileMountedCallback: pending pak file info (ChunkID:-1 Root:root:/ File:C:/Program Files/Epic Games/UE_4.27/FeaturePacks/TP_VehicleAdvBP.upack)
[2024.05.18-17.37.10:651][  0]LogPakFile: OnPakFileMounted2Time == 0.000054
[2024.05.18-17.37.10:652][  0]LogPakFile: PakFile PrimaryIndexSize=185
[2024.05.18-17.37.10:652][  0]LogPakFile: PakFile PathHashIndexSize=101
[2024.05.18-17.37.10:652][  0]LogPakFile: PakFile FullDirectoryIndexSize=144
[2024.05.18-17.37.10:653][  0]LogShaderLibrary: Display: ShaderCodeLibraryPakFileMountedCallback: PakFile 'C:/Program Files/Epic Games/UE_4.27/FeaturePacks/TP_VehicleBP.upack' (chunk index -1, root 'root:/') mounted
[2024.05.18-17.37.10:653][  0]LogShaderLibrary: Display: ShaderCodeLibraryPakFileMountedCallback: pending pak file info (ChunkID:-1 Root:root:/ File:C:/Program Files/Epic Games/UE_4.27/FeaturePacks/TP_VehicleBP.upack)
[2024.05.18-17.37.10:653][  0]LogPakFile: OnPakFileMounted2Time == 0.000028
[2024.05.18-17.37.10:654][  0]LogPakFile: PakFile PrimaryIndexSize=192
[2024.05.18-17.37.10:654][  0]LogPakFile: PakFile PathHashIndexSize=101
[2024.05.18-17.37.10:654][  0]LogPakFile: PakFile FullDirectoryIndexSize=158
[2024.05.18-17.37.10:654][  0]LogShaderLibrary: Display: ShaderCodeLibraryPakFileMountedCallback: PakFile 'C:/Program Files/Epic Games/UE_4.27/FeaturePacks/TP_VirtualRealityBP.upack' (chunk index -1, root 'root:/') mounted
[2024.05.18-17.37.10:654][  0]LogShaderLibrary: Display: ShaderCodeLibraryPakFileMountedCallback: pending pak file info (ChunkID:-1 Root:root:/ File:C:/Program Files/Epic Games/UE_4.27/FeaturePacks/TP_VirtualRealityBP.upack)
[2024.05.18-17.37.10:654][  0]LogPakFile: OnPakFileMounted2Time == 0.000026
[2024.05.18-17.37.10:870][  0]LogNativeClassHierarchy: Verbose: Native class hierarchy updated for 'AddContentDialog' in 0.0004 seconds. Added 0 classes and 0 folders.
[2024.05.18-17.37.10:875][  0]LogNativeClassHierarchy: Verbose: Native class hierarchy updated for 'SceneOutliner' in 0.0003 seconds. Added 2 classes and 0 folders.
[2024.05.18-17.37.11:122][  0]LogSlate: Took 0.000757 seconds to synchronously load lazily loaded font '../../../Engine/Content/Slate/Fonts/Roboto-Regular.ttf' (155K)
[2024.05.18-17.37.11:124][  0]LogSlate: Took 0.000556 seconds to synchronously load lazily loaded font '../../../Engine/Content/Editor/Slate/Fonts/FontAwesome.ttf' (139K)
[2024.05.18-17.37.11:125][  0]LogSlate: Took 0.000504 seconds to synchronously load lazily loaded font '../../../Engine/Content/Slate/Fonts/Roboto-Bold.ttf' (160K)
[2024.05.18-17.37.11:217][  0]LogRenderer: Reallocating scene render targets to support 964x488 Format 10 NumSamples 1 (Frame:1).
[2024.05.18-17.37.11:258][  0]LogSlate: Took 0.000716 seconds to synchronously load lazily loaded font '../../../Engine/Content/Slate/Fonts/Roboto-Light.ttf' (167K)
[2024.05.18-17.37.11:278][  0]LogSlate: Took 0.000108 seconds to synchronously load lazily loaded font '../../../Engine/Content/Slate/Fonts/Roboto-Light.ttf' (167K)
[2024.05.18-17.37.11:368][  0]LogNativeClassHierarchy: Verbose: Native class hierarchy updated for 'HierarchicalLODOutliner' in 0.0003 seconds. Added 0 classes and 0 folders.
[2024.05.18-17.37.11:369][  0]LogLoad: (Engine Initialization) Total time: 16.37 seconds
[2024.05.18-17.37.11:369][  0]LogLoad: (Engine Initialization) Total Blueprint compile time: 0.00 seconds
[2024.05.18-17.37.11:449][  0]LogContentStreaming: Texture pool size now 1000 MB
[2024.05.18-17.37.11:481][  1]LogAssetRegistry: Asset discovery search completed in 8.9515 seconds
[2024.05.18-17.37.11:491][  1]LogCollectionManager: Fixed up redirectors for 0 collections in 0.000006 seconds (updated 0 objects)
[2024.05.18-17.37.27:520][290]LogEditorViewport: Clicking on Actor (LMB): StaticMeshActor (Pl_16m_Platform7)
[2024.05.18-17.37.28:142][316]LogEditorViewport: Clicking on Actor (LMB): Nombre_C (Nombre)
[2024.05.18-17.37.29:809][410]Cmd: EDIT COPY
[2024.05.18-17.37.30:093][427]Cmd: EDIT PASTE
[2024.05.18-17.37.35:928][708]LogSlate: Took 0.001609 seconds to synchronously load lazily loaded font '../../../Engine/Content/Slate/Fonts/Roboto-Italic.ttf' (157K)
[2024.05.18-17.37.41:907][ 22]LogAssetEditorSubsystem: Opening Asset editor for Blueprint /Game/Blueprint/Nombre.Nombre
[2024.05.18-17.37.42:273][ 22]LogNativeClassHierarchy: Verbose: Native class hierarchy updated for 'BlueprintGraph' in 0.0011 seconds. Added 126 classes and 0 folders.
[2024.05.18-17.37.43:171][ 22]LogSlate: Took 0.001042 seconds to synchronously load lazily loaded font '../../../Engine/Content/Slate/Fonts/Roboto-BoldCondensed.ttf' (158K)
[2024.05.18-17.37.45:439][105]LogSlate: Window 'Nombre' being destroyed
[2024.05.18-17.37.45:462][106]LogRenderer: Reallocating scene render targets to support 1204x612 Format 10 NumSamples 1 (Frame:985).
[2024.05.18-17.37.49:583][315]LogWorld: UWorld::CleanupWorld for World_2, bSessionEnded=true, bCleanupResources=true
[2024.05.18-17.37.49:583][315]LogSlate: InvalidateAllWidgets triggered.  All widgets were invalidated
[2024.05.18-17.37.58:255][817]LogEditorViewport: Clicking on Actor (LMB): Nombre_C (Nombre)
[2024.05.18-17.38.06:213][290]LogEditorViewport: Clicking on Actor (LMB): Nombre_C (Nombre2)
[2024.05.18-17.38.24:437][374]Cmd: EDIT COPY
[2024.05.18-17.38.24:688][389]Cmd: EDIT PASTE
[2024.05.18-17.38.31:509][797]LogEditorViewport: Clicking on Component (LMB): TextRenderComponent (TextRender)
[2024.05.18-17.38.32:253][841]LogEditorViewport: Clicking on Component (LMB): TextRenderComponent (TextRender)
[2024.05.18-17.38.37:120][133]LogEditorViewport: Clicking on Actor (LMB): StaticMeshActor (Pl_16m_Platform2)
[2024.05.18-17.38.38:760][229]LogEditorViewport: Clicking on Actor (LMB): StaticMeshActor (Pl_16m_Platform)
[2024.05.18-17.38.39:872][294]LogEditorViewport: Clicking on Actor (LMB): Nombre_C (Nombre2)
[2024.05.18-17.38.42:443][446]LogEditorViewport: Clicking on Actor (LMB): Nombre_C (Nombre2)
[2024.05.18-17.38.42:967][477]LogEditorViewport: Clicking on Actor (LMB): Nombre_C (Nombre2)
[2024.05.18-17.38.45:137][607]Cmd: TRANSACTION UNDO
[2024.05.18-17.38.45:137][607]LogEditorTransaction: Undo Move Actors
[2024.05.18-17.38.45:523][623]LogEditorViewport: Clicking on Actor (LMB): Nombre_C (Nombre2)
[2024.05.18-17.38.45:902][642]LogEditorViewport: Clicking on Actor (LMB): StaticMeshActor (Pl_16m_Platform2)
[2024.05.18-17.38.46:717][689]LogEditorViewport: Clicking on Actor (LMB): StaticMeshActor (Pl_16m_Platform2)
[2024.05.18-17.38.47:165][715]LogEditorViewport: Clicking on Actor (LMB): Nombre_C (Nombre2)
[2024.05.18-17.38.49:016][824]Cmd: TRANSACTION UNDO
[2024.05.18-17.38.49:016][824]LogEditorTransaction: Undo Move Actors
[2024.05.18-17.38.50:803][920]Cmd: TRANSACTION UNDO
[2024.05.18-17.38.50:803][920]LogEditorTransaction: Undo Clicking on Actors
[2024.05.18-17.38.51:449][955]Cmd: TRANSACTION UNDO
[2024.05.18-17.38.51:449][955]LogEditorTransaction: Undo Clicking on Actors
[2024.05.18-17.38.52:076][991]Cmd: TRANSACTION UNDO
[2024.05.18-17.38.52:077][991]LogEditorTransaction: Undo Clicking on Actors
[2024.05.18-17.38.52:503][ 14]Cmd: TRANSACTION UNDO
[2024.05.18-17.38.52:503][ 14]LogEditorTransaction: Undo Clicking on Actors
[2024.05.18-17.38.52:908][ 36]Cmd: TRANSACTION UNDO
[2024.05.18-17.38.52:908][ 36]LogEditorTransaction: Undo Clicking on Actors
[2024.05.18-17.38.53:274][ 56]Cmd: TRANSACTION UNDO
[2024.05.18-17.38.53:274][ 56]LogEditorTransaction: Undo Clicking on Components
[2024.05.18-17.38.53:643][ 76]Cmd: TRANSACTION UNDO
[2024.05.18-17.38.53:644][ 76]LogEditorTransaction: Undo Move Components
[2024.05.18-17.38.54:786][143]LogEditorViewport: Clicking on Component (LMB): TextRenderComponent (TextRender1)
[2024.05.18-17.38.55:217][168]LogEditorViewport: Clicking on Component (LMB): TextRenderComponent (TextRender1)
[2024.05.18-17.38.55:668][194]LogEditorViewport: Clicking on Actor (LMB): StaticMeshActor (Pl_16m_Platform)
[2024.05.18-17.38.56:421][236]LogEditorViewport: Clicking on Actor (LMB): Nombre_C (Nombre2)
[2024.05.18-17.38.57:537][301]Cmd: EDIT COPY
[2024.05.18-17.38.57:770][315]Cmd: EDIT PASTE
[2024.05.18-17.39.23:297][839]LogEditorViewport: Clicking on Actor (LMB): StaticMeshActor (Pl_16m_Platform2)
[2024.05.18-17.39.25:019][941]LogEditorViewport: Clicking on Actor (LMB): Nombre_C (Nombre3)
[2024.05.18-17.39.37:786][699]Cmd: TRANSACTION UNDO
[2024.05.18-17.39.37:786][699]LogEditorTransaction: Undo Move Components
[2024.05.18-17.39.40:712][843]LogAssetEditorSubsystem: Opening Asset editor for Blueprint /Game/Blueprint/Nombre.Nombre
[2024.05.18-17.39.46:868][180]LogWorld: UWorld::CleanupWorld for World_3, bSessionEnded=true, bCleanupResources=true
[2024.05.18-17.39.46:868][180]LogSlate: InvalidateAllWidgets triggered.  All widgets were invalidated
[2024.05.18-17.39.47:889][237]LogAssetEditorSubsystem: Opening Asset editor for Blueprint /Game/Blueprint/Nombre.Nombre
[2024.05.18-17.40.06:731][331]Cmd: TRANSACTION UNDO
[2024.05.18-17.40.06:731][331]LogEditorTransaction: Undo Edit Text
[2024.05.18-17.40.07:655][375]LogEditorViewport: Clicking on Actor (LMB): StaticMeshActor (Pl_16m_Platform2)
[2024.05.18-17.40.08:257][408]LogEditorViewport: Clicking on Actor (LMB): StaticMeshActor (Pl_16m_Platform2)
[2024.05.18-17.40.08:664][431]LogEditorViewport: Clicking on Actor (LMB): StaticMeshActor (Pl_16m_Platform2)
[2024.05.18-17.40.09:133][458]LogEditorViewport: Clicking on Actor (LMB): Nombre_C (Nombre3)
[2024.05.18-17.40.10:418][533]LogEditorViewport: Clicking on Actor (LMB): Nombre_C (Nombre3)
[2024.05.18-17.40.13:224][701]LogEditorViewport: Clicking on Actor (LMB): StaticMeshActor (Pl_16m_Platform4)
[2024.05.18-17.40.13:647][725]LogEditorViewport: Clicking on Actor (LMB): StaticMeshActor (Pl_16m_Platform4)
[2024.05.18-17.40.14:330][766]LogEditorViewport: Clicking on Actor (LMB): Nombre_C (Nombre)
[2024.05.18-17.40.14:943][802]Cmd: EDIT COPY
[2024.05.18-17.40.16:425][891]LogEditorViewport: Clicking on Actor (LMB): Nombre_C (Nombre3)
[2024.05.18-17.40.17:252][940]Cmd: DELETE
[2024.05.18-17.40.17:252][940]Cmd: ACTOR DELETE
[2024.05.18-17.40.17:275][940]LogEditorActor: Deleted Actor: Nombre_C
[2024.05.18-17.40.17:301][940]LogUObjectHash: Compacting FUObjectHashTables data took   1.99ms
[2024.05.18-17.40.17:302][940]LogEditorActor: Deleted 1 Actors (0.050 secs)
[2024.05.18-17.40.17:559][956]Cmd: EDIT PASTE
[2024.05.18-17.40.52:582][ 33]LogEditorViewport: Clicking on Actor (LMB): Nombre_C (Nombre2)
[2024.05.18-17.40.54:745][161]LogTemp: Repeating last play command: Selected Viewport
[2024.05.18-17.40.54:751][161]LogPlayLevel: PlayLevel: No blueprints needed recompiling
[2024.05.18-17.40.54:752][161]PIE: New page: PIE session: Nivel-1 (18 may. 2024 6:40:54)
[2024.05.18-17.40.54:754][161]LogOnline: OSS: Creating online subsystem instance for: NULL
[2024.05.18-17.40.54:755][161]LogOnline: OSS: TryLoadSubsystemAndSetDefault: Loaded subsystem for module [NULL]
[2024.05.18-17.40.54:757][161]LogPlayLevel: Creating play world package: /Game/Niveles/UEDPIE_0_Nivel-1
[2024.05.18-17.40.54:787][161]LogPlayLevel: PIE: StaticDuplicateObject took: (0.030298s)
[2024.05.18-17.40.54:788][161]LogAIModule: Creating AISystem for world Nivel-1
[2024.05.18-17.40.54:788][161]LogPlayLevel: PIE: World Init took: (0.001529s)
[2024.05.18-17.40.54:788][161]LogPlayLevel: PIE: Created PIE world by copying editor world from /Game/Niveles/Nivel-1.Nivel-1 to /Game/Niveles/UEDPIE_0_Nivel-1.Nivel-1 (0.032057s)
[2024.05.18-17.40.54:808][161]LogUObjectHash: Compacting FUObjectHashTables data took   1.86ms
[2024.05.18-17.40.54:809][161]LogAudio: Display: Creating Audio Device:                 Id: 2, Scope: Unique, Realtime: True
[2024.05.18-17.40.54:809][161]LogAudioMixer: Display: Audio Mixer Platform Settings:
[2024.05.18-17.40.54:809][161]LogAudioMixer: Display: 	Sample Rate:						  48000
[2024.05.18-17.40.54:809][161]LogAudioMixer: Display: 	Callback Buffer Frame Size Requested: 1024
[2024.05.18-17.40.54:809][161]LogAudioMixer: Display: 	Callback Buffer Frame Size To Use:	  1024
[2024.05.18-17.40.54:809][161]LogAudioMixer: Display: 	Number of buffers to queue:			  2
[2024.05.18-17.40.54:809][161]LogAudioMixer: Display: 	Max Channels (voices):				  32
[2024.05.18-17.40.54:809][161]LogAudioMixer: Display: 	Number of Async Source Workers:		  0
[2024.05.18-17.40.54:809][161]LogAudio: Display: AudioDevice MaxSources: 32
[2024.05.18-17.40.54:810][161]LogAudio: Display: Audio Spatialization Plugin: None (built-in).
[2024.05.18-17.40.54:810][161]LogAudio: Display: Audio Reverb Plugin: None (built-in).
[2024.05.18-17.40.54:810][161]LogAudio: Display: Audio Occlusion Plugin: None (built-in).
[2024.05.18-17.40.54:810][161]LogAudioMixer: Display: Initializing audio mixer.
[2024.05.18-17.40.54:814][161]LogAudioMixer: Display: 0: FrontLeft
[2024.05.18-17.40.54:814][161]LogAudioMixer: Display: 1: FrontRight
[2024.05.18-17.40.54:869][161]LogAudioMixer: Display: Using Audio Device Altavoces (Realtek(R) Audio)
[2024.05.18-17.40.54:869][161]LogAudioMixer: Display: Initializing Sound Submixes...
[2024.05.18-17.40.54:869][161]LogAudioMixer: Display: Creating Master Submix 'MasterSubmixDefault'
[2024.05.18-17.40.54:869][161]LogAudioMixer: Display: Creating Master Submix 'MasterReverbSubmixDefault'
[2024.05.18-17.40.54:869][161]LogAudioMixer: Display: Creating Master Submix 'MasterEQSubmixDefault'
[2024.05.18-17.40.54:869][161]LogAudioMixer: FMixerPlatformXAudio2::StartAudioStream() called
[2024.05.18-17.40.54:869][161]LogAudioMixer: Display: Output buffers initialized: Frames=1024, Channels=2, Samples=2048
[2024.05.18-17.40.54:871][161]LogAudioMixer: Display: Starting AudioMixerPlatformInterface::RunInternal()
[2024.05.18-17.40.54:871][161]LogAudioMixer: Display: FMixerPlatformXAudio2::SubmitBuffer() called for the first time
[2024.05.18-17.40.54:871][161]LogInit: FAudioDevice initialized.
[2024.05.18-17.40.54:871][161]LogAudio: Display: Audio Device (ID: 2) registered with world 'Nivel-1'.
[2024.05.18-17.40.54:883][161]LogLoad: Game class is 'SideScrollerGameMode_C'
[2024.05.18-17.40.54:895][161]LogWorld: Bringing World /Game/Niveles/UEDPIE_0_Nivel-1.Nivel-1 up for play (max tick rate 60) at 2024.05.18-11.40.54
[2024.05.18-17.40.54:903][161]LogWorld: Bringing up level for play took: 0.017438
[2024.05.18-17.40.54:903][161]LogOnline: OSS: Creating online subsystem instance for: :Context_6
[2024.05.18-17.40.54:910][161]LogNativeClassHierarchy: Verbose: Native class hierarchy updated for 'MovieSceneCapture' in 0.0004 seconds. Added 20 classes and 0 folders.
[2024.05.18-17.40.54:924][161]PIE: Server logged in
[2024.05.18-17.40.54:925][161]PIE: Play in editor total start time 0.176 seconds.
[2024.05.18-17.41.51:073][505]LogSlate: Updating window title bar state: overlay mode, drag disabled, window buttons hidden, title bar hidden
[2024.05.18-17.41.51:073][505]LogWorld: BeginTearingDown for /Game/Niveles/UEDPIE_0_Nivel-1
[2024.05.18-17.41.51:074][505]LogWorld: UWorld::CleanupWorld for Nivel-1, bSessionEnded=true, bCleanupResources=true
[2024.05.18-17.41.51:076][505]LogSlate: InvalidateAllWidgets triggered.  All widgets were invalidated
[2024.05.18-17.41.51:086][505]LogPlayLevel: Display: Shutting down PIE online subsystems
[2024.05.18-17.41.51:094][505]LogSlate: InvalidateAllWidgets triggered.  All widgets were invalidated
[2024.05.18-17.41.51:124][505]LogAudio: Display: Audio Device unregistered from world 'None'.
[2024.05.18-17.41.51:125][505]LogAudioMixer: FMixerPlatformXAudio2::StopAudioStream() called
[2024.05.18-17.41.51:126][505]LogAudioMixer: FMixerPlatformXAudio2::StopAudioStream() called
[2024.05.18-17.41.51:131][505]LogSlate: Updating window title bar state: overlay mode, drag disabled, window buttons hidden, title bar hidden
[2024.05.18-17.41.51:158][505]LogUObjectHash: Compacting FUObjectHashTables data took   3.29ms
[2024.05.18-17.41.51:185][506]LogPlayLevel: Display: Destroying online subsystem :Context_6
[2024.05.18-17.41.56:175][805]LogEditorViewport: Clicking on Actor (LMB): Nombre_C (Nombre)
[2024.05.18-17.42.02:324][172]LogEditorViewport: Clicking on Actor (LMB): StaticMeshActor (Pl_Tree_12)
[2024.05.18-17.42.03:032][213]LogEditorViewport: Clicking on Actor (LMB): StaticMeshActor (Pl_Tree_12)
[2024.05.18-17.42.03:520][242]LogEditorViewport: Clicking on Actor (LMB): StaticMeshActor (Pl_Tree_12)
[2024.05.18-17.42.03:921][266]LogEditorViewport: Clicking on Actor (LMB): StaticMeshActor (Pl_Tree_12)
[2024.05.18-17.42.04:371][293]LogEditorViewport: Clicking on Actor (LMB): StaticMeshActor (Pl_Tree_12)
[2024.05.18-17.42.04:591][306]LogEditorViewport: Clicking on Component (LMB): StaticMeshComponent (StaticMeshComponent0)
[2024.05.18-17.42.06:271][406]LogEditorViewport: Clicking on Actor (LMB): BP_Camara_C (BP_Camara)
[2024.05.18-17.42.08:070][513]LogTemp: Repeating last play command: Selected Viewport
[2024.05.18-17.42.08:074][513]LogPlayLevel: PlayLevel: No blueprints needed recompiling
[2024.05.18-17.42.08:074][513]PIE: New page: PIE session: Nivel-1 (18 may. 2024 6:42:08)
[2024.05.18-17.42.08:074][513]LogPlayLevel: Creating play world package: /Game/Niveles/UEDPIE_0_Nivel-1
[2024.05.18-17.42.08:104][513]LogPlayLevel: PIE: StaticDuplicateObject took: (0.028699s)
[2024.05.18-17.42.08:104][513]LogAIModule: Creating AISystem for world Nivel-1
[2024.05.18-17.42.08:105][513]LogPlayLevel: PIE: World Init took: (0.000966s)
[2024.05.18-17.42.08:105][513]LogPlayLevel: PIE: Created PIE world by copying editor world from /Game/Niveles/Nivel-1.Nivel-1 to /Game/Niveles/UEDPIE_0_Nivel-1.Nivel-1 (0.029797s)
[2024.05.18-17.42.08:162][513]LogUObjectHash: Compacting FUObjectHashTables data took   3.07ms
[2024.05.18-17.42.08:165][513]LogAudio: Display: Creating Audio Device:                 Id: 3, Scope: Unique, Realtime: True
[2024.05.18-17.42.08:165][513]LogAudioMixer: Display: Audio Mixer Platform Settings:
[2024.05.18-17.42.08:165][513]LogAudioMixer: Display: 	Sample Rate:						  48000
[2024.05.18-17.42.08:165][513]LogAudioMixer: Display: 	Callback Buffer Frame Size Requested: 1024
[2024.05.18-17.42.08:165][513]LogAudioMixer: Display: 	Callback Buffer Frame Size To Use:	  1024
[2024.05.18-17.42.08:165][513]LogAudioMixer: Display: 	Number of buffers to queue:			  2
[2024.05.18-17.42.08:165][513]LogAudioMixer: Display: 	Max Channels (voices):				  32
[2024.05.18-17.42.08:165][513]LogAudioMixer: Display: 	Number of Async Source Workers:		  0
[2024.05.18-17.42.08:165][513]LogAudio: Display: AudioDevice MaxSources: 32
[2024.05.18-17.42.08:166][513]LogAudio: Display: Audio Spatialization Plugin: None (built-in).
[2024.05.18-17.42.08:166][513]LogAudio: Display: Audio Reverb Plugin: None (built-in).
[2024.05.18-17.42.08:166][513]LogAudio: Display: Audio Occlusion Plugin: None (built-in).
[2024.05.18-17.42.08:166][513]LogAudioMixer: Display: Initializing audio mixer.
[2024.05.18-17.42.08:170][513]LogAudioMixer: Display: 0: FrontLeft
[2024.05.18-17.42.08:170][513]LogAudioMixer: Display: 1: FrontRight
[2024.05.18-17.42.08:218][513]LogAudioMixer: Display: Using Audio Device Altavoces (Realtek(R) Audio)
[2024.05.18-17.42.08:218][513]LogAudioMixer: Display: Initializing Sound Submixes...
[2024.05.18-17.42.08:218][513]LogAudioMixer: Display: Creating Master Submix 'MasterSubmixDefault'
[2024.05.18-17.42.08:218][513]LogAudioMixer: Display: Creating Master Submix 'MasterReverbSubmixDefault'
[2024.05.18-17.42.08:219][513]LogAudioMixer: Display: Creating Master Submix 'MasterEQSubmixDefault'
[2024.05.18-17.42.08:219][513]LogAudioMixer: FMixerPlatformXAudio2::StartAudioStream() called
[2024.05.18-17.42.08:219][513]LogAudioMixer: Display: Output buffers initialized: Frames=1024, Channels=2, Samples=2048
[2024.05.18-17.42.08:221][513]LogAudioMixer: Display: Starting AudioMixerPlatformInterface::RunInternal()
[2024.05.18-17.42.08:221][513]LogAudioMixer: Display: FMixerPlatformXAudio2::SubmitBuffer() called for the first time
[2024.05.18-17.42.08:221][513]LogInit: FAudioDevice initialized.
[2024.05.18-17.42.08:221][513]LogAudio: Display: Audio Device (ID: 3) registered with world 'Nivel-1'.
[2024.05.18-17.42.08:228][513]LogLoad: Game class is 'SideScrollerGameMode_C'
[2024.05.18-17.42.08:239][513]LogWorld: Bringing World /Game/Niveles/UEDPIE_0_Nivel-1.Nivel-1 up for play (max tick rate 60) at 2024.05.18-11.42.08
[2024.05.18-17.42.08:242][513]LogWorld: Bringing up level for play took: 0.013968
[2024.05.18-17.42.08:242][513]LogOnline: OSS: Creating online subsystem instance for: :Context_7
[2024.05.18-17.42.08:249][513]PIE: Server logged in
[2024.05.18-17.42.08:250][513]PIE: Play in editor total start time 0.176 seconds.
[2024.05.18-17.42.10:453][642]LogSlate: Updating window title bar state: overlay mode, drag disabled, window buttons hidden, title bar hidden
[2024.05.18-17.42.10:453][642]LogWorld: BeginTearingDown for /Game/Niveles/UEDPIE_0_Nivel-1
[2024.05.18-17.42.10:454][642]LogWorld: UWorld::CleanupWorld for Nivel-1, bSessionEnded=true, bCleanupResources=true
[2024.05.18-17.42.10:457][642]LogSlate: InvalidateAllWidgets triggered.  All widgets were invalidated
[2024.05.18-17.42.10:467][642]LogPlayLevel: Display: Shutting down PIE online subsystems
[2024.05.18-17.42.10:475][642]LogSlate: InvalidateAllWidgets triggered.  All widgets were invalidated
[2024.05.18-17.42.10:499][642]LogAudio: Display: Audio Device unregistered from world 'None'.
[2024.05.18-17.42.10:500][642]LogAudioMixer: FMixerPlatformXAudio2::StopAudioStream() called
[2024.05.18-17.42.10:501][642]LogAudioMixer: FMixerPlatformXAudio2::StopAudioStream() called
[2024.05.18-17.42.10:506][642]LogSlate: Updating window title bar state: overlay mode, drag disabled, window buttons hidden, title bar hidden
[2024.05.18-17.42.10:511][642]LogUObjectHash: Compacting FUObjectHashTables data took   2.12ms
[2024.05.18-17.42.10:536][643]LogPlayLevel: Display: Destroying online subsystem :Context_7
[2024.05.18-17.42.11:238][685]LogTemp: Repeating last play command: Selected Viewport
[2024.05.18-17.42.11:244][685]LogPlayLevel: PlayLevel: No blueprints needed recompiling
[2024.05.18-17.42.11:244][685]PIE: New page: PIE session: Nivel-1 (18 may. 2024 6:42:11)
[2024.05.18-17.42.11:244][685]LogPlayLevel: Creating play world package: /Game/Niveles/UEDPIE_0_Nivel-1
[2024.05.18-17.42.11:269][685]LogPlayLevel: PIE: StaticDuplicateObject took: (0.024430s)
[2024.05.18-17.42.11:269][685]LogAIModule: Creating AISystem for world Nivel-1
[2024.05.18-17.42.11:270][685]LogPlayLevel: PIE: World Init took: (0.000997s)
[2024.05.18-17.42.11:270][685]LogPlayLevel: PIE: Created PIE world by copying editor world from /Game/Niveles/Nivel-1.Nivel-1 to /Game/Niveles/UEDPIE_0_Nivel-1.Nivel-1 (0.025626s)
[2024.05.18-17.42.11:296][685]LogUObjectHash: Compacting FUObjectHashTables data took   2.52ms
[2024.05.18-17.42.11:297][685]LogAudio: Display: Creating Audio Device:                 Id: 4, Scope: Unique, Realtime: True
[2024.05.18-17.42.11:297][685]LogAudioMixer: Display: Audio Mixer Platform Settings:
[2024.05.18-17.42.11:297][685]LogAudioMixer: Display: 	Sample Rate:						  48000
[2024.05.18-17.42.11:297][685]LogAudioMixer: Display: 	Callback Buffer Frame Size Requested: 1024
[2024.05.18-17.42.11:297][685]LogAudioMixer: Display: 	Callback Buffer Frame Size To Use:	  1024
[2024.05.18-17.42.11:297][685]LogAudioMixer: Display: 	Number of buffers to queue:			  2
[2024.05.18-17.42.11:297][685]LogAudioMixer: Display: 	Max Channels (voices):				  32
[2024.05.18-17.42.11:297][685]LogAudioMixer: Display: 	Number of Async Source Workers:		  0
[2024.05.18-17.42.11:297][685]LogAudio: Display: AudioDevice MaxSources: 32
[2024.05.18-17.42.11:297][685]LogAudio: Display: Audio Spatialization Plugin: None (built-in).
[2024.05.18-17.42.11:297][685]LogAudio: Display: Audio Reverb Plugin: None (built-in).
[2024.05.18-17.42.11:297][685]LogAudio: Display: Audio Occlusion Plugin: None (built-in).
[2024.05.18-17.42.11:297][685]LogAudioMixer: Display: Initializing audio mixer.
[2024.05.18-17.42.11:301][685]LogAudioMixer: Display: 0: FrontLeft
[2024.05.18-17.42.11:301][685]LogAudioMixer: Display: 1: FrontRight
[2024.05.18-17.42.11:350][685]LogAudioMixer: Display: Using Audio Device Altavoces (Realtek(R) Audio)
[2024.05.18-17.42.11:350][685]LogAudioMixer: Display: Initializing Sound Submixes...
[2024.05.18-17.42.11:350][685]LogAudioMixer: Display: Creating Master Submix 'MasterSubmixDefault'
[2024.05.18-17.42.11:350][685]LogAudioMixer: Display: Creating Master Submix 'MasterReverbSubmixDefault'
[2024.05.18-17.42.11:350][685]LogAudioMixer: Display: Creating Master Submix 'MasterEQSubmixDefault'
[2024.05.18-17.42.11:350][685]LogAudioMixer: FMixerPlatformXAudio2::StartAudioStream() called
[2024.05.18-17.42.11:350][685]LogAudioMixer: Display: Output buffers initialized: Frames=1024, Channels=2, Samples=2048
[2024.05.18-17.42.11:351][685]LogAudioMixer: Display: Starting AudioMixerPlatformInterface::RunInternal()
[2024.05.18-17.42.11:352][685]LogAudioMixer: Display: FMixerPlatformXAudio2::SubmitBuffer() called for the first time
[2024.05.18-17.42.11:352][685]LogInit: FAudioDevice initialized.
[2024.05.18-17.42.11:352][685]LogAudio: Display: Audio Device (ID: 4) registered with world 'Nivel-1'.
[2024.05.18-17.42.11:363][685]LogLoad: Game class is 'SideScrollerGameMode_C'
[2024.05.18-17.42.11:373][685]LogWorld: Bringing World /Game/Niveles/UEDPIE_0_Nivel-1.Nivel-1 up for play (max tick rate 60) at 2024.05.18-11.42.11
[2024.05.18-17.42.11:375][685]LogWorld: Bringing up level for play took: 0.012113
[2024.05.18-17.42.11:375][685]LogOnline: OSS: Creating online subsystem instance for: :Context_8
[2024.05.18-17.42.11:381][685]PIE: Server logged in
[2024.05.18-17.42.11:382][685]PIE: Play in editor total start time 0.14 seconds.
[2024.05.18-17.42.15:564][933]LogSlate: Updating window title bar state: overlay mode, drag disabled, window buttons hidden, title bar hidden
[2024.05.18-17.42.15:564][933]LogWorld: BeginTearingDown for /Game/Niveles/UEDPIE_0_Nivel-1
[2024.05.18-17.42.15:564][933]LogWorld: UWorld::CleanupWorld for Nivel-1, bSessionEnded=true, bCleanupResources=true
[2024.05.18-17.42.15:567][933]LogSlate: InvalidateAllWidgets triggered.  All widgets were invalidated
[2024.05.18-17.42.15:582][933]LogPlayLevel: Display: Shutting down PIE online subsystems
[2024.05.18-17.42.15:590][933]LogSlate: InvalidateAllWidgets triggered.  All widgets were invalidated
[2024.05.18-17.42.15:610][933]LogSlate: Updating window title bar state: overlay mode, drag disabled, window buttons hidden, title bar hidden
[2024.05.18-17.42.15:611][933]LogAudioMixer: FMixerPlatformXAudio2::StopAudioStream() called
[2024.05.18-17.42.15:612][933]LogAudioMixer: FMixerPlatformXAudio2::StopAudioStream() called
[2024.05.18-17.42.15:621][933]LogUObjectHash: Compacting FUObjectHashTables data took   1.93ms
[2024.05.18-17.42.15:651][934]LogPlayLevel: Display: Destroying online subsystem :Context_8
[2024.05.18-17.42.36:707][190]LogTemp: Repeating last play command: Selected Viewport
[2024.05.18-17.42.36:712][190]LogPlayLevel: PlayLevel: No blueprints needed recompiling
[2024.05.18-17.42.36:713][190]PIE: New page: PIE session: Nivel-1 (18 may. 2024 6:42:36)
[2024.05.18-17.42.36:764][190]LogPlayLevel: Creating play world package: /Game/Niveles/UEDPIE_0_Nivel-1
[2024.05.18-17.42.36:790][190]LogPlayLevel: PIE: StaticDuplicateObject took: (0.026702s)
[2024.05.18-17.42.36:790][190]LogAIModule: Creating AISystem for world Nivel-1
[2024.05.18-17.42.36:790][190]LogPlayLevel: PIE: World Init took: (0.001309s)
[2024.05.18-17.42.36:790][190]LogPlayLevel: PIE: Created PIE world by copying editor world from /Game/Niveles/Nivel-1.Nivel-1 to /Game/Niveles/UEDPIE_0_Nivel-1.Nivel-1 (0.028218s)
[2024.05.18-17.42.36:817][190]LogUObjectHash: Compacting FUObjectHashTables data took   2.79ms
[2024.05.18-17.42.36:822][190]LogAudio: Display: Creating Audio Device:                 Id: 5, Scope: Unique, Realtime: True
[2024.05.18-17.42.36:822][190]LogAudioMixer: Display: Audio Mixer Platform Settings:
[2024.05.18-17.42.36:822][190]LogAudioMixer: Display: 	Sample Rate:						  48000
[2024.05.18-17.42.36:822][190]LogAudioMixer: Display: 	Callback Buffer Frame Size Requested: 1024
[2024.05.18-17.42.36:822][190]LogAudioMixer: Display: 	Callback Buffer Frame Size To Use:	  1024
[2024.05.18-17.42.36:822][190]LogAudioMixer: Display: 	Number of buffers to queue:			  2
[2024.05.18-17.42.36:822][190]LogAudioMixer: Display: 	Max Channels (voices):				  32
[2024.05.18-17.42.36:822][190]LogAudioMixer: Display: 	Number of Async Source Workers:		  0
[2024.05.18-17.42.36:822][190]LogAudio: Display: AudioDevice MaxSources: 32
[2024.05.18-17.42.36:822][190]LogAudio: Display: Audio Spatialization Plugin: None (built-in).
[2024.05.18-17.42.36:822][190]LogAudio: Display: Audio Reverb Plugin: None (built-in).
[2024.05.18-17.42.36:822][190]LogAudio: Display: Audio Occlusion Plugin: None (built-in).
[2024.05.18-17.42.36:822][190]LogAudioMixer: Display: Initializing audio mixer.
[2024.05.18-17.42.36:825][190]LogAudioMixer: Display: 0: FrontLeft
[2024.05.18-17.42.36:825][190]LogAudioMixer: Display: 1: FrontRight
[2024.05.18-17.42.36:867][190]LogAudioMixer: Display: Using Audio Device Altavoces (Realtek(R) Audio)
[2024.05.18-17.42.36:867][190]LogAudioMixer: Display: Initializing Sound Submixes...
[2024.05.18-17.42.36:867][190]LogAudioMixer: Display: Creating Master Submix 'MasterSubmixDefault'
[2024.05.18-17.42.36:868][190]LogAudioMixer: Display: Creating Master Submix 'MasterReverbSubmixDefault'
[2024.05.18-17.42.36:868][190]LogAudioMixer: Display: Creating Master Submix 'MasterEQSubmixDefault'
[2024.05.18-17.42.36:868][190]LogAudioMixer: FMixerPlatformXAudio2::StartAudioStream() called
[2024.05.18-17.42.36:868][190]LogAudioMixer: Display: Output buffers initialized: Frames=1024, Channels=2, Samples=2048
[2024.05.18-17.42.36:871][190]LogAudioMixer: Display: Starting AudioMixerPlatformInterface::RunInternal()
[2024.05.18-17.42.36:871][190]LogAudioMixer: Display: FMixerPlatformXAudio2::SubmitBuffer() called for the first time
[2024.05.18-17.42.36:871][190]LogInit: FAudioDevice initialized.
[2024.05.18-17.42.36:871][190]LogAudio: Display: Audio Device (ID: 5) registered with world 'Nivel-1'.
[2024.05.18-17.42.36:882][190]LogLoad: Game class is 'SideScrollerGameMode_C'
[2024.05.18-17.42.36:892][190]LogWorld: Bringing World /Game/Niveles/UEDPIE_0_Nivel-1.Nivel-1 up for play (max tick rate 60) at 2024.05.18-11.42.36
[2024.05.18-17.42.36:894][190]LogWorld: Bringing up level for play took: 0.011113
[2024.05.18-17.42.36:895][190]LogOnline: OSS: Creating online subsystem instance for: :Context_9
[2024.05.18-17.42.36:900][190]PIE: Server logged in
[2024.05.18-17.42.36:901][190]PIE: Play in editor total start time 0.19 seconds.
[2024.05.18-17.43.11:456][260]LogSlate: Updating window title bar state: overlay mode, drag disabled, window buttons hidden, title bar hidden
[2024.05.18-17.43.11:456][260]LogWorld: BeginTearingDown for /Game/Niveles/UEDPIE_0_Nivel-1
[2024.05.18-17.43.11:457][260]LogWorld: UWorld::CleanupWorld for Nivel-1, bSessionEnded=true, bCleanupResources=true
[2024.05.18-17.43.11:460][260]LogSlate: InvalidateAllWidgets triggered.  All widgets were invalidated
[2024.05.18-17.43.11:467][260]LogPlayLevel: Display: Shutting down PIE online subsystems
[2024.05.18-17.43.11:478][260]LogSlate: InvalidateAllWidgets triggered.  All widgets were invalidated
[2024.05.18-17.43.11:499][260]LogAudio: Display: Audio Device unregistered from world 'None'.
[2024.05.18-17.43.11:499][260]LogAudioMixer: FMixerPlatformXAudio2::StopAudioStream() called
[2024.05.18-17.43.11:500][260]LogAudioMixer: FMixerPlatformXAudio2::StopAudioStream() called
[2024.05.18-17.43.11:506][260]LogSlate: Updating window title bar state: overlay mode, drag disabled, window buttons hidden, title bar hidden
[2024.05.18-17.43.11:510][260]LogUObjectHash: Compacting FUObjectHashTables data took   2.08ms
[2024.05.18-17.43.11:540][261]LogPlayLevel: Display: Destroying online subsystem :Context_9
[2024.05.18-17.43.25:237][372]LogUObjectHash: Compacting FUObjectHashTables data took   2.73ms
[2024.05.18-17.43.26:628][372]LogSlate: Window 'Save Content' being destroyed
[2024.05.18-17.43.26:736][372]LogUObjectHash: Compacting FUObjectHashTables data took   1.01ms
[2024.05.18-17.43.26:919][372]LogSavePackage: Moving '../../../../../../Users/alber/OneDrive/Documentos/Unreal Projects/MarioAnahuacOrdinario/MarioAnahuacOrdinario/Saved/Nivel-11D0BDAFB40FFEE381756EB98B4E883C7.tmp' to '../../../../../../Users/alber/OneDrive/Documentos/Unreal Projects/MarioAnahuacOrdinario/MarioAnahuacOrdinario/Content/Niveles/Nivel-1.umap'
[2024.05.18-17.43.26:928][372]LogFileHelpers: Saving map 'Nivel-1' took 0.223
[2024.05.18-17.43.27:513][372]LogAssetEditorSubsystem: Opening Asset editor for World /Game/Niveles/Nivel4.Nivel4
[2024.05.18-17.43.27:514][372]Cmd: MAP LOAD FILE="../../../../../../Users/alber/OneDrive/Documentos/Unreal Projects/MarioAnahuacOrdinario/MarioAnahuacOrdinario/Content/Niveles/Nivel4.umap" TEMPLATE=0 SHOWPROGRESS=1 FEATURELEVEL=3
[2024.05.18-17.43.27:514][372]LightingResults: New page: Lighting Build
[2024.05.18-17.43.27:514][372]LoadErrors: New page: Loading map: Nivel4.umap
[2024.05.18-17.43.27:524][372]LogWorld: UWorld::CleanupWorld for Nivel-1, bSessionEnded=true, bCleanupResources=true
[2024.05.18-17.43.27:524][372]LogSlate: InvalidateAllWidgets triggered.  All widgets were invalidated
[2024.05.18-17.43.27:525][372]MapCheck: New page: Map Check
[2024.05.18-17.43.27:525][372]LightingResults: New page: Lighting Build
[2024.05.18-17.43.27:567][372]LogAudio: Display: Audio Device unregistered from world 'None'.
[2024.05.18-17.43.27:580][372]LogUObjectHash: Compacting FUObjectHashTables data took   3.36ms
[2024.05.18-17.43.27:581][372]LogAudio: Display: Audio Device (ID: 1) registered with world 'Nivel4'.
[2024.05.18-17.43.27:680][372]LogEditorServer: Finished looking for orphan Actors (0.000 secs)
[2024.05.18-17.43.27:680][372]LogAIModule: Creating AISystem for world Nivel4
[2024.05.18-17.43.27:724][372]LogUObjectHash: Compacting FUObjectHashTables data took   2.40ms
[2024.05.18-17.43.27:734][372]Cmd: MAP CHECKDEP NOCLEARLOG
[2024.05.18-17.43.27:735][372]MapCheck: Map check complete: 0 Error(s), 0 Warning(s), took 0.366ms to complete.
[2024.05.18-17.43.27:735][372]LogFileHelpers: Loading map 'Nivel4' took 0.221
[2024.05.18-17.43.27:760][372]AssetCheck: New page: Asset Save: Nivel-1
[2024.05.18-17.43.27:760][372]LogContentValidation: Display: Validating World /Game/Niveles/Nivel-1.Nivel-1
[2024.05.18-17.43.32:361][629]LogTemp: Repeating last play command: Selected Viewport
[2024.05.18-17.43.32:366][629]LogPlayLevel: PlayLevel: No blueprints needed recompiling
[2024.05.18-17.43.32:366][629]PIE: New page: PIE session: Nivel4 (18 may. 2024 6:43:32)
[2024.05.18-17.43.32:394][629]LogPlayLevel: Creating play world package: /Game/Niveles/UEDPIE_0_Nivel4
[2024.05.18-17.43.32:533][629]LogPlayLevel: PIE: StaticDuplicateObject took: (0.138064s)
[2024.05.18-17.43.32:534][629]LogAIModule: Creating AISystem for world Nivel4
[2024.05.18-17.43.32:534][629]LogPlayLevel: PIE: World Init took: (0.001780s)
[2024.05.18-17.43.32:535][629]LogPlayLevel: PIE: Created PIE world by copying editor world from /Game/Niveles/Nivel4.Nivel4 to /Game/Niveles/UEDPIE_0_Nivel4.Nivel4 (0.140362s)
[2024.05.18-17.43.32:565][629]LogUObjectHash: Compacting FUObjectHashTables data took   3.29ms
[2024.05.18-17.43.32:570][629]LogAudio: Display: Creating Audio Device:                 Id: 6, Scope: Unique, Realtime: True
[2024.05.18-17.43.32:570][629]LogAudioMixer: Display: Audio Mixer Platform Settings:
[2024.05.18-17.43.32:570][629]LogAudioMixer: Display: 	Sample Rate:						  48000
[2024.05.18-17.43.32:570][629]LogAudioMixer: Display: 	Callback Buffer Frame Size Requested: 1024
[2024.05.18-17.43.32:570][629]LogAudioMixer: Display: 	Callback Buffer Frame Size To Use:	  1024
[2024.05.18-17.43.32:570][629]LogAudioMixer: Display: 	Number of buffers to queue:			  2
[2024.05.18-17.43.32:570][629]LogAudioMixer: Display: 	Max Channels (voices):				  32
[2024.05.18-17.43.32:570][629]LogAudioMixer: Display: 	Number of Async Source Workers:		  0
[2024.05.18-17.43.32:570][629]LogAudio: Display: AudioDevice MaxSources: 32
[2024.05.18-17.43.32:571][629]LogAudio: Display: Audio Spatialization Plugin: None (built-in).
[2024.05.18-17.43.32:571][629]LogAudio: Display: Audio Reverb Plugin: None (built-in).
[2024.05.18-17.43.32:571][629]LogAudio: Display: Audio Occlusion Plugin: None (built-in).
[2024.05.18-17.43.32:571][629]LogAudioMixer: Display: Initializing audio mixer.
[2024.05.18-17.43.32:574][629]LogAudioMixer: Display: 0: FrontLeft
[2024.05.18-17.43.32:574][629]LogAudioMixer: Display: 1: FrontRight
[2024.05.18-17.43.32:630][629]LogAudioMixer: Display: Using Audio Device Altavoces (Realtek(R) Audio)
[2024.05.18-17.43.32:631][629]LogAudioMixer: Display: Initializing Sound Submixes...
[2024.05.18-17.43.32:631][629]LogAudioMixer: Display: Creating Master Submix 'MasterSubmixDefault'
[2024.05.18-17.43.32:631][629]LogAudioMixer: Display: Creating Master Submix 'MasterReverbSubmixDefault'
[2024.05.18-17.43.32:631][629]LogAudioMixer: Display: Creating Master Submix 'MasterEQSubmixDefault'
[2024.05.18-17.43.32:631][629]LogAudioMixer: FMixerPlatformXAudio2::StartAudioStream() called
[2024.05.18-17.43.32:631][629]LogAudioMixer: Display: Output buffers initialized: Frames=1024, Channels=2, Samples=2048
[2024.05.18-17.43.32:633][629]LogAudioMixer: Display: Starting AudioMixerPlatformInterface::RunInternal()
[2024.05.18-17.43.32:633][629]LogAudioMixer: Display: FMixerPlatformXAudio2::SubmitBuffer() called for the first time
[2024.05.18-17.43.32:633][629]LogInit: FAudioDevice initialized.
[2024.05.18-17.43.32:633][629]LogAudio: Display: Audio Device (ID: 6) registered with world 'Nivel4'.
[2024.05.18-17.43.32:646][629]LogLoad: Game class is 'SideScrollerGameMode_C'
[2024.05.18-17.43.32:704][629]LogWorld: Bringing World /Game/Niveles/UEDPIE_0_Nivel4.Nivel4 up for play (max tick rate 60) at 2024.05.18-11.43.32
[2024.05.18-17.43.32:707][629]LogWorld: Bringing up level for play took: 0.059833
[2024.05.18-17.43.32:707][629]LogOnline: OSS: Creating online subsystem instance for: :Context_10
[2024.05.18-17.43.32:714][629]PIE: Server logged in
[2024.05.18-17.43.32:715][629]PIE: Play in editor total start time 0.35 seconds.
[2024.05.18-17.44.01:897][373]LogNet: Browse: /Game/Niveles/Nivel4
[2024.05.18-17.44.01:899][373]LogLoad: LoadMap: /Game/Niveles/Nivel4
[2024.05.18-17.44.01:899][373]LogWorld: BeginTearingDown for /Game/Niveles/UEDPIE_0_Nivel4
[2024.05.18-17.44.01:902][373]LogWorld: UWorld::CleanupWorld for Nivel4, bSessionEnded=true, bCleanupResources=true
[2024.05.18-17.44.01:913][373]LogSlate: InvalidateAllWidgets triggered.  All widgets were invalidated
[2024.05.18-17.44.01:934][373]LogAudio: Display: Audio Device unregistered from world 'None'.
[2024.05.18-17.44.01:951][373]LogUObjectHash: Compacting FUObjectHashTables data took   2.40ms
[2024.05.18-17.44.01:957][373]LogPlayLevel: Creating play world package: /Game/Niveles/UEDPIE_0_Nivel4
[2024.05.18-17.44.02:056][373]LogPlayLevel: PIE: StaticDuplicateObject took: (0.098905s)
[2024.05.18-17.44.02:057][373]LogAIModule: Creating AISystem for world Nivel4
[2024.05.18-17.44.02:057][373]LogPlayLevel: PIE: World Init took: (0.001463s)
[2024.05.18-17.44.02:057][373]LogPlayLevel: PIE: Created PIE world by copying editor world from /Game/Niveles/Nivel4.Nivel4 to /Game/Niveles/UEDPIE_0_Nivel4.Nivel4 (0.100735s)
[2024.05.18-17.44.02:057][373]LogAudio: Display: Audio Device (ID: 6) registered with world 'Nivel4'.
[2024.05.18-17.44.02:057][373]LogLoad: Game class is 'SideScrollerGameMode_C'
[2024.05.18-17.44.02:081][373]LogWorld: Bringing World /Game/Niveles/UEDPIE_0_Nivel4.Nivel4 up for play (max tick rate 60) at 2024.05.18-11.44.02
[2024.05.18-17.44.02:083][373]LogWorld: Bringing up level for play took: 0.025392
[2024.05.18-17.44.02:093][373]LogLoad: Took 0.194505 seconds to LoadMap(/Game/Niveles/UEDPIE_0_Nivel4)
[2024.05.18-17.44.15:334][164]LogNet: Browse: /Game/Niveles/Nivel4
[2024.05.18-17.44.15:334][164]LogLoad: LoadMap: /Game/Niveles/Nivel4
[2024.05.18-17.44.15:334][164]LogWorld: BeginTearingDown for /Game/Niveles/UEDPIE_0_Nivel4
[2024.05.18-17.44.15:336][164]LogWorld: UWorld::CleanupWorld for Nivel4, bSessionEnded=true, bCleanupResources=true
[2024.05.18-17.44.15:346][164]LogSlate: InvalidateAllWidgets triggered.  All widgets were invalidated
[2024.05.18-17.44.15:377][164]LogAudio: Display: Audio Device unregistered from world 'None'.
[2024.05.18-17.44.15:385][164]LogUObjectHash: Compacting FUObjectHashTables data took   2.07ms
[2024.05.18-17.44.15:392][164]LogPlayLevel: Creating play world package: /Game/Niveles/UEDPIE_0_Nivel4
[2024.05.18-17.44.15:496][164]LogPlayLevel: PIE: StaticDuplicateObject took: (0.103247s)
[2024.05.18-17.44.15:496][164]LogAIModule: Creating AISystem for world Nivel4
[2024.05.18-17.44.15:498][164]LogPlayLevel: PIE: World Init took: (0.001299s)
[2024.05.18-17.44.15:498][164]LogPlayLevel: PIE: Created PIE world by copying editor world from /Game/Niveles/Nivel4.Nivel4 to /Game/Niveles/UEDPIE_0_Nivel4.Nivel4 (0.105056s)
[2024.05.18-17.44.15:498][164]LogAudio: Display: Audio Device (ID: 6) registered with world 'Nivel4'.
[2024.05.18-17.44.15:498][164]LogLoad: Game class is 'SideScrollerGameMode_C'
[2024.05.18-17.44.15:527][164]LogWorld: Bringing World /Game/Niveles/UEDPIE_0_Nivel4.Nivel4 up for play (max tick rate 60) at 2024.05.18-11.44.15
[2024.05.18-17.44.15:530][164]LogWorld: Bringing up level for play took: 0.030883
[2024.05.18-17.44.15:539][164]LogLoad: Took 0.205244 seconds to LoadMap(/Game/Niveles/UEDPIE_0_Nivel4)
[2024.05.18-17.45.25:340][346]LogNet: Browse: /Game/Niveles/MenuPrincipal
[2024.05.18-17.45.25:340][346]LogLoad: LoadMap: /Game/Niveles/MenuPrincipal
[2024.05.18-17.45.25:340][346]LogWorld: BeginTearingDown for /Game/Niveles/UEDPIE_0_Nivel4
[2024.05.18-17.45.25:343][346]LogWorld: UWorld::CleanupWorld for Nivel4, bSessionEnded=true, bCleanupResources=true
[2024.05.18-17.45.25:354][346]LogSlate: InvalidateAllWidgets triggered.  All widgets were invalidated
[2024.05.18-17.45.25:416][346]LogAudio: Display: Audio Device unregistered from world 'None'.
[2024.05.18-17.45.25:427][346]LogUObjectHash: Compacting FUObjectHashTables data took   2.71ms
[2024.05.18-17.45.25:446][346]LogAudio: Display: Audio Device (ID: 6) registered with world 'MenuPrincipal'.
[2024.05.18-17.45.25:447][346]LogAIModule: Creating AISystem for world MenuPrincipal
[2024.05.18-17.45.25:447][346]LogLoad: Game class is 'SideScrollerGameMode_C'
[2024.05.18-17.45.25:448][346]LogWorld: Bringing World /Game/Niveles/UEDPIE_0_MenuPrincipal.MenuPrincipal up for play (max tick rate 60) at 2024.05.18-11.45.25
[2024.05.18-17.45.25:448][346]LogWorld: Bringing up level for play took: 0.000621
[2024.05.18-17.45.25:449][346]LogGameMode: FindPlayerStart: PATHS NOT DEFINED or NO PLAYERSTART with positive rating
[2024.05.18-17.45.25:450][346]LogLoad: Took 0.111125 seconds to LoadMap(/Game/Niveles/MenuPrincipal)
[2024.05.18-17.45.30:380][640]LogSlate: Updating window title bar state: overlay mode, drag disabled, window buttons hidden, title bar hidden
[2024.05.18-17.45.30:382][640]LogWorld: BeginTearingDown for /Game/Niveles/UEDPIE_0_MenuPrincipal
[2024.05.18-17.45.30:422][640]LogWorld: UWorld::CleanupWorld for MenuPrincipal, bSessionEnded=true, bCleanupResources=true
[2024.05.18-17.45.30:423][640]LogSlate: InvalidateAllWidgets triggered.  All widgets were invalidated
[2024.05.18-17.45.30:429][640]LogPlayLevel: Display: Shutting down PIE online subsystems
[2024.05.18-17.45.30:435][640]LogSlate: InvalidateAllWidgets triggered.  All widgets were invalidated
[2024.05.18-17.45.30:454][640]LogSlate: Updating window title bar state: overlay mode, drag disabled, window buttons hidden, title bar hidden
[2024.05.18-17.45.30:455][640]LogAudioMixer: FMixerPlatformXAudio2::StopAudioStream() called
[2024.05.18-17.45.30:456][640]LogAudioMixer: FMixerPlatformXAudio2::StopAudioStream() called
[2024.05.18-17.45.30:464][640]LogUObjectHash: Compacting FUObjectHashTables data took   2.06ms
[2024.05.18-17.45.30:511][641]LogPlayLevel: Display: Destroying online subsystem :Context_10
[2024.05.18-17.45.40:434][234]LogEditorViewport: Clicking on Actor (LMB): BlockingVolume (BlockingVolume3)
[2024.05.18-17.45.43:459][411]LogEditorViewport: Clicking on Actor (LMB): BP_Camara_C (BP_Camara2)
[2024.05.18-17.45.45:900][553]LogTemp: Repeating last play command: Selected Viewport
[2024.05.18-17.45.45:904][553]LogPlayLevel: PlayLevel: No blueprints needed recompiling
[2024.05.18-17.45.45:904][553]PIE: New page: PIE session: Nivel4 (18 may. 2024 6:45:45)
[2024.05.18-17.45.45:934][553]LogPlayLevel: Creating play world package: /Game/Niveles/UEDPIE_0_Nivel4
[2024.05.18-17.45.46:029][553]LogPlayLevel: PIE: StaticDuplicateObject took: (0.094976s)
[2024.05.18-17.45.46:030][553]LogAIModule: Creating AISystem for world Nivel4
[2024.05.18-17.45.46:030][553]LogPlayLevel: PIE: World Init took: (0.001233s)
[2024.05.18-17.45.46:031][553]LogPlayLevel: PIE: Created PIE world by copying editor world from /Game/Niveles/Nivel4.Nivel4 to /Game/Niveles/UEDPIE_0_Nivel4.Nivel4 (0.096560s)
[2024.05.18-17.45.46:051][553]LogUObjectHash: Compacting FUObjectHashTables data took   2.10ms
[2024.05.18-17.45.46:056][553]LogAudio: Display: Creating Audio Device:                 Id: 7, Scope: Unique, Realtime: True
[2024.05.18-17.45.46:056][553]LogAudioMixer: Display: Audio Mixer Platform Settings:
[2024.05.18-17.45.46:056][553]LogAudioMixer: Display: 	Sample Rate:						  48000
[2024.05.18-17.45.46:056][553]LogAudioMixer: Display: 	Callback Buffer Frame Size Requested: 1024
[2024.05.18-17.45.46:056][553]LogAudioMixer: Display: 	Callback Buffer Frame Size To Use:	  1024
[2024.05.18-17.45.46:056][553]LogAudioMixer: Display: 	Number of buffers to queue:			  2
[2024.05.18-17.45.46:056][553]LogAudioMixer: Display: 	Max Channels (voices):				  32
[2024.05.18-17.45.46:056][553]LogAudioMixer: Display: 	Number of Async Source Workers:		  0
[2024.05.18-17.45.46:056][553]LogAudio: Display: AudioDevice MaxSources: 32
[2024.05.18-17.45.46:056][553]LogAudio: Display: Audio Spatialization Plugin: None (built-in).
[2024.05.18-17.45.46:056][553]LogAudio: Display: Audio Reverb Plugin: None (built-in).
[2024.05.18-17.45.46:056][553]LogAudio: Display: Audio Occlusion Plugin: None (built-in).
[2024.05.18-17.45.46:056][553]LogAudioMixer: Display: Initializing audio mixer.
[2024.05.18-17.45.46:059][553]LogAudioMixer: Display: 0: FrontLeft
[2024.05.18-17.45.46:059][553]LogAudioMixer: Display: 1: FrontRight
[2024.05.18-17.45.46:096][553]LogAudioMixer: Display: Using Audio Device Altavoces (Realtek(R) Audio)
[2024.05.18-17.45.46:098][553]LogAudioMixer: Display: Initializing Sound Submixes...
[2024.05.18-17.45.46:098][553]LogAudioMixer: Display: Creating Master Submix 'MasterSubmixDefault'
[2024.05.18-17.45.46:098][553]LogAudioMixer: Display: Creating Master Submix 'MasterReverbSubmixDefault'
[2024.05.18-17.45.46:098][553]LogAudioMixer: Display: Creating Master Submix 'MasterEQSubmixDefault'
[2024.05.18-17.45.46:098][553]LogAudioMixer: FMixerPlatformXAudio2::StartAudioStream() called
[2024.05.18-17.45.46:098][553]LogAudioMixer: Display: Output buffers initialized: Frames=1024, Channels=2, Samples=2048
[2024.05.18-17.45.46:100][553]LogAudioMixer: Display: Starting AudioMixerPlatformInterface::RunInternal()
[2024.05.18-17.45.46:100][553]LogAudioMixer: Display: FMixerPlatformXAudio2::SubmitBuffer() called for the first time
[2024.05.18-17.45.46:100][553]LogInit: FAudioDevice initialized.
[2024.05.18-17.45.46:100][553]LogAudio: Display: Audio Device (ID: 7) registered with world 'Nivel4'.
[2024.05.18-17.45.46:106][553]LogLoad: Game class is 'SideScrollerGameMode_C'
[2024.05.18-17.45.46:161][553]LogWorld: Bringing World /Game/Niveles/UEDPIE_0_Nivel4.Nivel4 up for play (max tick rate 60) at 2024.05.18-11.45.46
[2024.05.18-17.45.46:163][553]LogWorld: Bringing up level for play took: 0.055336
[2024.05.18-17.45.46:163][553]LogOnline: OSS: Creating online subsystem instance for: :Context_11
[2024.05.18-17.45.46:168][553]PIE: Server logged in
[2024.05.18-17.45.46:169][553]PIE: Play in editor total start time 0.265 seconds.
[2024.05.18-17.45.50:216][789]LogSlate: Updating window title bar state: overlay mode, drag disabled, window buttons hidden, title bar hidden
[2024.05.18-17.45.50:216][789]LogWorld: BeginTearingDown for /Game/Niveles/UEDPIE_0_Nivel4
[2024.05.18-17.45.50:217][789]LogWorld: UWorld::CleanupWorld for Nivel4, bSessionEnded=true, bCleanupResources=true
[2024.05.18-17.45.50:231][789]LogSlate: InvalidateAllWidgets triggered.  All widgets were invalidated
[2024.05.18-17.45.50:240][789]LogPlayLevel: Display: Shutting down PIE online subsystems
[2024.05.18-17.45.50:249][789]LogSlate: InvalidateAllWidgets triggered.  All widgets were invalidated
[2024.05.18-17.45.50:276][789]LogAudio: Display: Audio Device unregistered from world 'None'.
[2024.05.18-17.45.50:277][789]LogAudioMixer: FMixerPlatformXAudio2::StopAudioStream() called
[2024.05.18-17.45.50:278][789]LogAudioMixer: FMixerPlatformXAudio2::StopAudioStream() called
[2024.05.18-17.45.50:282][789]LogSlate: Updating window title bar state: overlay mode, drag disabled, window buttons hidden, title bar hidden
[2024.05.18-17.45.50:292][789]LogUObjectHash: Compacting FUObjectHashTables data took   2.10ms
[2024.05.18-17.45.50:320][790]LogPlayLevel: Display: Destroying online subsystem :Context_11
[2024.05.18-17.45.51:001][828]LogUObjectHash: Compacting FUObjectHashTables data took   2.25ms
[2024.05.18-17.45.52:309][828]LogSlate: Window 'Save Content' being destroyed
[2024.05.18-17.45.52:395][828]LogUObjectHash: Compacting FUObjectHashTables data took   0.80ms
[2024.05.18-17.45.52:962][828]LogSavePackage: Moving '../../../../../../Users/alber/OneDrive/Documentos/Unreal Projects/MarioAnahuacOrdinario/MarioAnahuacOrdinario/Saved/Nivel45D86B60D4D1CFB8E694D088DFDC2AAD9.tmp' to '../../../../../../Users/alber/OneDrive/Documentos/Unreal Projects/MarioAnahuacOrdinario/MarioAnahuacOrdinario/Content/Niveles/Nivel4.umap'
[2024.05.18-17.45.52:969][828]LogFileHelpers: Saving map 'Nivel4' took 0.602
[2024.05.18-17.45.53:196][828]LogAssetEditorSubsystem: Opening Asset editor for World /Game/Niveles/Nivel-3.Nivel-3
[2024.05.18-17.45.53:196][828]Cmd: MAP LOAD FILE="../../../../../../Users/alber/OneDrive/Documentos/Unreal Projects/MarioAnahuacOrdinario/MarioAnahuacOrdinario/Content/Niveles/Nivel-3.umap" TEMPLATE=0 SHOWPROGRESS=1 FEATURELEVEL=3
[2024.05.18-17.45.53:196][828]LightingResults: New page: Lighting Build
[2024.05.18-17.45.53:196][828]LoadErrors: New page: Loading map: Nivel-3.umap
[2024.05.18-17.45.53:258][828]LogWorld: UWorld::CleanupWorld for Nivel4, bSessionEnded=true, bCleanupResources=true
[2024.05.18-17.45.53:259][828]LogSlate: InvalidateAllWidgets triggered.  All widgets were invalidated
[2024.05.18-17.45.53:259][828]MapCheck: New page: Map Check
[2024.05.18-17.45.53:259][828]LightingResults: New page: Lighting Build
[2024.05.18-17.45.53:291][828]LogAudio: Display: Audio Device unregistered from world 'None'.
[2024.05.18-17.45.53:316][828]LogUObjectHash: Compacting FUObjectHashTables data took   2.83ms
[2024.05.18-17.45.53:341][828]LogUObjectHash: Compacting FUObjectHashTables data took   2.28ms
[2024.05.18-17.45.53:360][828]LogUObjectHash: Compacting FUObjectHashTables data took   0.81ms
[2024.05.18-17.45.53:360][828]LogAudio: Display: Audio Device (ID: 1) registered with world 'Nivel-3'.
[2024.05.18-17.45.53:390][828]LogEditorServer: Finished looking for orphan Actors (0.000 secs)
[2024.05.18-17.45.53:390][828]LogAIModule: Creating AISystem for world Nivel-3
[2024.05.18-17.45.53:417][828]LogUObjectHash: Compacting FUObjectHashTables data took   2.25ms
[2024.05.18-17.45.53:420][828]Cmd: MAP CHECKDEP NOCLEARLOG
[2024.05.18-17.45.53:420][828]MapCheck: Map check complete: 0 Error(s), 0 Warning(s), took 0.147ms to complete.
[2024.05.18-17.45.53:420][828]LogFileHelpers: Loading map 'Nivel-3' took 0.224
[2024.05.18-17.45.53:444][828]AssetCheck: New page: Asset Save: Nivel4
[2024.05.18-17.45.53:444][828]LogContentValidation: Display: Validating World /Game/Niveles/Nivel4.Nivel4
[2024.05.18-17.46.01:897][270]LogAssetEditorSubsystem: Opening Asset editor for WidgetBlueprint /Game/Blueprint/Info.Info
[2024.05.18-17.46.04:168][343]LogSlate: Window 'Info' being destroyed
[2024.05.18-17.47.36:360][785]LogUObjectHash: Compacting FUObjectHashTables data took  11.56ms
[2024.05.18-17.47.36:411][785]LogAssetEditorSubsystem: Opening Asset editor for World /Game/Niveles/Nivel4.Nivel4
[2024.05.18-17.47.36:412][785]Cmd: MAP LOAD FILE="../../../../../../Users/alber/OneDrive/Documentos/Unreal Projects/MarioAnahuacOrdinario/MarioAnahuacOrdinario/Content/Niveles/Nivel4.umap" TEMPLATE=0 SHOWPROGRESS=1 FEATURELEVEL=3
[2024.05.18-17.47.36:413][785]LightingResults: New page: Lighting Build
[2024.05.18-17.47.36:413][785]LoadErrors: New page: Loading map: Nivel4.umap
[2024.05.18-17.47.36:418][785]LogWorld: UWorld::CleanupWorld for Nivel-3, bSessionEnded=true, bCleanupResources=true
[2024.05.18-17.47.36:419][785]LogSlate: InvalidateAllWidgets triggered.  All widgets were invalidated
[2024.05.18-17.47.36:419][785]MapCheck: New page: Map Check
[2024.05.18-17.47.36:419][785]LightingResults: New page: Lighting Build
[2024.05.18-17.47.36:455][785]LogAudio: Display: Audio Device unregistered from world 'None'.
[2024.05.18-17.47.36:474][785]LogUObjectHash: Compacting FUObjectHashTables data took   7.01ms
[2024.05.18-17.47.36:511][785]LogUObjectHash: Compacting FUObjectHashTables data took   4.26ms
[2024.05.18-17.47.36:544][785]LogUObjectHash: Compacting FUObjectHashTables data took   0.99ms
[2024.05.18-17.47.36:544][785]LogAudio: Display: Audio Device (ID: 1) registered with world 'Nivel4'.
[2024.05.18-17.47.36:729][785]LogEditorServer: Finished looking for orphan Actors (0.001 secs)
[2024.05.18-17.47.36:729][785]LogAIModule: Creating AISystem for world Nivel4
[2024.05.18-17.47.36:803][785]LogUObjectHash: Compacting FUObjectHashTables data took   3.57ms
[2024.05.18-17.47.36:809][785]Cmd: MAP CHECKDEP NOCLEARLOG
[2024.05.18-17.47.36:809][785]MapCheck: Map check complete: 0 Error(s), 0 Warning(s), took 0.362ms to complete.
[2024.05.18-17.47.36:809][785]LogFileHelpers: Loading map 'Nivel4' took 0.397
[2024.05.18-17.47.41:512][ 33]LogAssetEditorSubsystem: Opening Asset editor for LevelScriptBlueprint /Game/Niveles/Nivel4.Nivel4:PersistentLevel.Nivel4
[2024.05.18-17.47.53:083][681]LogTemp: Repeating last play command: Selected Viewport
[2024.05.18-17.47.53:117][681]BlueprintLog: New page: Pre-Play auto-recompile
[2024.05.18-17.47.53:118][681]LogPlayLevel: [PlayLevel] Compiling Nivel4 before play...
[2024.05.18-17.47.53:253][681]LogUObjectHash: Compacting FUObjectHashTables data took   5.83ms
[2024.05.18-17.47.53:254][681]LogPlayLevel: PlayLevel: Blueprint regeneration took 136 ms (1 blueprints)
[2024.05.18-17.47.53:254][681]PIE: New page: PIE session: Nivel4 (18 may. 2024 6:47:53)
[2024.05.18-17.47.53:256][681]LogPlayLevel: Creating play world package: /Game/Niveles/UEDPIE_0_Nivel4
[2024.05.18-17.47.53:391][681]LogPlayLevel: PIE: StaticDuplicateObject took: (0.134455s)
[2024.05.18-17.47.53:392][681]LogAIModule: Creating AISystem for world Nivel4
[2024.05.18-17.47.53:393][681]LogPlayLevel: PIE: World Init took: (0.001795s)
[2024.05.18-17.47.53:393][681]LogPlayLevel: PIE: Created PIE world by copying editor world from /Game/Niveles/Nivel4.Nivel4 to /Game/Niveles/UEDPIE_0_Nivel4.Nivel4 (0.136749s)
[2024.05.18-17.47.53:432][681]LogUObjectHash: Compacting FUObjectHashTables data took   4.12ms
[2024.05.18-17.47.53:433][681]LogAudio: Display: Creating Audio Device:                 Id: 8, Scope: Unique, Realtime: True
[2024.05.18-17.47.53:433][681]LogAudioMixer: Display: Audio Mixer Platform Settings:
[2024.05.18-17.47.53:433][681]LogAudioMixer: Display: 	Sample Rate:						  48000
[2024.05.18-17.47.53:433][681]LogAudioMixer: Display: 	Callback Buffer Frame Size Requested: 1024
[2024.05.18-17.47.53:433][681]LogAudioMixer: Display: 	Callback Buffer Frame Size To Use:	  1024
[2024.05.18-17.47.53:433][681]LogAudioMixer: Display: 	Number of buffers to queue:			  2
[2024.05.18-17.47.53:433][681]LogAudioMixer: Display: 	Max Channels (voices):				  32
[2024.05.18-17.47.53:433][681]LogAudioMixer: Display: 	Number of Async Source Workers:		  0
[2024.05.18-17.47.53:433][681]LogAudio: Display: AudioDevice MaxSources: 32
[2024.05.18-17.47.53:433][681]LogAudio: Display: Audio Spatialization Plugin: None (built-in).
[2024.05.18-17.47.53:433][681]LogAudio: Display: Audio Reverb Plugin: None (built-in).
[2024.05.18-17.47.53:433][681]LogAudio: Display: Audio Occlusion Plugin: None (built-in).
[2024.05.18-17.47.53:433][681]LogAudioMixer: Display: Initializing audio mixer.
[2024.05.18-17.47.53:437][681]LogAudioMixer: Display: 0: FrontLeft
[2024.05.18-17.47.53:437][681]LogAudioMixer: Display: 1: FrontRight
[2024.05.18-17.47.53:487][681]LogAudioMixer: Display: Using Audio Device Altavoces (Realtek(R) Audio)
[2024.05.18-17.47.53:487][681]LogAudioMixer: Display: Initializing Sound Submixes...
[2024.05.18-17.47.53:487][681]LogAudioMixer: Display: Creating Master Submix 'MasterSubmixDefault'
[2024.05.18-17.47.53:487][681]LogAudioMixer: Display: Creating Master Submix 'MasterReverbSubmixDefault'
[2024.05.18-17.47.53:488][681]LogAudioMixer: Display: Creating Master Submix 'MasterEQSubmixDefault'
[2024.05.18-17.47.53:488][681]LogAudioMixer: FMixerPlatformXAudio2::StartAudioStream() called
[2024.05.18-17.47.53:488][681]LogAudioMixer: Display: Output buffers initialized: Frames=1024, Channels=2, Samples=2048
[2024.05.18-17.47.53:489][681]LogAudioMixer: Display: Starting AudioMixerPlatformInterface::RunInternal()
[2024.05.18-17.47.53:489][681]LogAudioMixer: Display: FMixerPlatformXAudio2::SubmitBuffer() called for the first time
[2024.05.18-17.47.53:489][681]LogInit: FAudioDevice initialized.
[2024.05.18-17.47.53:489][681]LogAudio: Display: Audio Device (ID: 8) registered with world 'Nivel4'.
[2024.05.18-17.47.53:519][681]LogSlate: Updating window title bar state: overlay mode, drag disabled, window buttons hidden, title bar hidden
[2024.05.18-17.47.53:520][681]LogLoad: Game class is 'SideScrollerGameMode_C'
[2024.05.18-17.47.53:583][681]LogWorld: Bringing World /Game/Niveles/UEDPIE_0_Nivel4.Nivel4 up for play (max tick rate 60) at 2024.05.18-11.47.53
[2024.05.18-17.47.53:585][681]LogWorld: Bringing up level for play took: 0.064193
[2024.05.18-17.47.53:585][681]LogOnline: OSS: Creating online subsystem instance for: :Context_33
[2024.05.18-17.47.53:593][681]PIE: Server logged in
[2024.05.18-17.47.53:593][681]PIE: Play in editor total start time 0.477 seconds.
[2024.05.18-17.47.53:708][683]LogRenderer: Reallocating scene render targets to support 1204x852 Format 10 NumSamples 1 (Frame:1).
[2024.05.18-17.48.07:040][472]LogNet: Browse: /Game/Niveles/Nivel4
[2024.05.18-17.48.07:040][472]LogLoad: LoadMap: /Game/Niveles/Nivel4
[2024.05.18-17.48.07:040][472]LogWorld: BeginTearingDown for /Game/Niveles/UEDPIE_0_Nivel4
[2024.05.18-17.48.07:044][472]LogWorld: UWorld::CleanupWorld for Nivel4, bSessionEnded=true, bCleanupResources=true
[2024.05.18-17.48.07:057][472]LogSlate: InvalidateAllWidgets triggered.  All widgets were invalidated
[2024.05.18-17.48.07:105][472]LogAudio: Display: Audio Device unregistered from world 'None'.
[2024.05.18-17.48.07:127][472]LogUObjectHash: Compacting FUObjectHashTables data took   5.05ms
[2024.05.18-17.48.07:132][472]LogPlayLevel: Creating play world package: /Game/Niveles/UEDPIE_0_Nivel4
[2024.05.18-17.48.07:295][472]LogPlayLevel: PIE: StaticDuplicateObject took: (0.162371s)
[2024.05.18-17.48.07:296][472]LogAIModule: Creating AISystem for world Nivel4
[2024.05.18-17.48.07:297][472]LogPlayLevel: PIE: World Init took: (0.001780s)
[2024.05.18-17.48.07:297][472]LogPlayLevel: PIE: Created PIE world by copying editor world from /Game/Niveles/Nivel4.Nivel4 to /Game/Niveles/UEDPIE_0_Nivel4.Nivel4 (0.164778s)
[2024.05.18-17.48.07:297][472]LogAudio: Display: Audio Device (ID: 8) registered with world 'Nivel4'.
[2024.05.18-17.48.07:297][472]LogLoad: Game class is 'SideScrollerGameMode_C'
[2024.05.18-17.48.07:334][472]LogWorld: Bringing World /Game/Niveles/UEDPIE_0_Nivel4.Nivel4 up for play (max tick rate 60) at 2024.05.18-11.48.07
[2024.05.18-17.48.07:337][472]LogWorld: Bringing up level for play took: 0.039666
[2024.05.18-17.48.07:348][472]LogLoad: Took 0.308138 seconds to LoadMap(/Game/Niveles/UEDPIE_0_Nivel4)
[2024.05.18-17.48.20:413][130]LogNet: Browse: /Game/Niveles/Nivel4
[2024.05.18-17.48.20:413][130]LogLoad: LoadMap: /Game/Niveles/Nivel4
[2024.05.18-17.48.20:413][130]LogWorld: BeginTearingDown for /Game/Niveles/UEDPIE_0_Nivel4
[2024.05.18-17.48.20:418][130]LogWorld: UWorld::CleanupWorld for Nivel4, bSessionEnded=true, bCleanupResources=true
[2024.05.18-17.48.20:444][130]LogSlate: InvalidateAllWidgets triggered.  All widgets were invalidated
[2024.05.18-17.48.20:514][130]LogAudio: Display: Audio Device unregistered from world 'None'.
[2024.05.18-17.48.20:530][130]LogUObjectHash: Compacting FUObjectHashTables data took   3.41ms
[2024.05.18-17.48.20:537][130]LogPlayLevel: Creating play world package: /Game/Niveles/UEDPIE_0_Nivel4
[2024.05.18-17.48.20:663][130]LogPlayLevel: PIE: StaticDuplicateObject took: (0.126421s)
[2024.05.18-17.48.20:664][130]LogAIModule: Creating AISystem for world Nivel4
[2024.05.18-17.48.20:665][130]LogPlayLevel: PIE: World Init took: (0.001731s)
[2024.05.18-17.48.20:666][130]LogPlayLevel: PIE: Created PIE world by copying editor world from /Game/Niveles/Nivel4.Nivel4 to /Game/Niveles/UEDPIE_0_Nivel4.Nivel4 (0.128696s)
[2024.05.18-17.48.20:666][130]LogAudio: Display: Audio Device (ID: 8) registered with world 'Nivel4'.
[2024.05.18-17.48.20:666][130]LogLoad: Game class is 'SideScrollerGameMode_C'
[2024.05.18-17.48.20:693][130]LogWorld: Bringing World /Game/Niveles/UEDPIE_0_Nivel4.Nivel4 up for play (max tick rate 3) at 2024.05.18-11.48.20
[2024.05.18-17.48.20:696][130]LogWorld: Bringing up level for play took: 0.028639
[2024.05.18-17.48.20:703][130]LogLoad: Took 0.289668 seconds to LoadMap(/Game/Niveles/UEDPIE_0_Nivel4)
[2024.05.18-17.48.33:147][223]LogEditorViewport: Clicking Background
[2024.05.18-17.49.19:808][950]LogSlate: Updating window title bar state: overlay mode, drag disabled, window buttons hidden, title bar hidden
[2024.05.18-17.49.19:808][950]LogWorld: BeginTearingDown for /Game/Niveles/UEDPIE_0_Nivel4
[2024.05.18-17.49.19:809][950]LogSlate: Window 'MarioAnahuac Preview [NetMode: Standalone]  (64-bit/Windows) ' being destroyed
[2024.05.18-17.49.19:846][950]LogWorld: UWorld::CleanupWorld for Nivel4, bSessionEnded=true, bCleanupResources=true
[2024.05.18-17.49.19:862][950]LogSlate: InvalidateAllWidgets triggered.  All widgets were invalidated
[2024.05.18-17.49.19:875][950]LogPlayLevel: Display: Shutting down PIE online subsystems
[2024.05.18-17.49.19:885][950]LogSlate: InvalidateAllWidgets triggered.  All widgets were invalidated
[2024.05.18-17.49.19:934][950]LogAudioMixer: FMixerPlatformXAudio2::StopAudioStream() called
[2024.05.18-17.49.19:936][950]LogAudioMixer: FMixerPlatformXAudio2::StopAudioStream() called
[2024.05.18-17.49.19:958][950]LogUObjectHash: Compacting FUObjectHashTables data took   4.93ms
[2024.05.18-17.49.19:990][951]LogPlayLevel: Display: Destroying online subsystem :Context_33
[2024.05.18-17.49.40:980][117]LogTemp: Repeating last play command: Selected Viewport
[2024.05.18-17.49.40:985][117]LogPlayLevel: PlayLevel: No blueprints needed recompiling
[2024.05.18-17.49.40:985][117]PIE: New page: PIE session: Nivel4 (18 may. 2024 6:49:40)
[2024.05.18-17.49.40:985][117]LogPlayLevel: Creating play world package: /Game/Niveles/UEDPIE_0_Nivel4
[2024.05.18-17.49.41:085][117]LogPlayLevel: PIE: StaticDuplicateObject took: (0.100030s)
[2024.05.18-17.49.41:086][117]LogAIModule: Creating AISystem for world Nivel4
[2024.05.18-17.49.41:087][117]LogPlayLevel: PIE: World Init took: (0.001900s)
[2024.05.18-17.49.41:087][117]LogPlayLevel: PIE: Created PIE world by copying editor world from /Game/Niveles/Nivel4.Nivel4 to /Game/Niveles/UEDPIE_0_Nivel4.Nivel4 (0.102416s)
[2024.05.18-17.49.41:122][117]LogUObjectHash: Compacting FUObjectHashTables data took   3.49ms
[2024.05.18-17.49.41:124][117]LogAudio: Display: Creating Audio Device:                 Id: 9, Scope: Unique, Realtime: True
[2024.05.18-17.49.41:124][117]LogAudioMixer: Display: Audio Mixer Platform Settings:
[2024.05.18-17.49.41:124][117]LogAudioMixer: Display: 	Sample Rate:						  48000
[2024.05.18-17.49.41:124][117]LogAudioMixer: Display: 	Callback Buffer Frame Size Requested: 1024
[2024.05.18-17.49.41:124][117]LogAudioMixer: Display: 	Callback Buffer Frame Size To Use:	  1024
[2024.05.18-17.49.41:124][117]LogAudioMixer: Display: 	Number of buffers to queue:			  2
[2024.05.18-17.49.41:124][117]LogAudioMixer: Display: 	Max Channels (voices):				  32
[2024.05.18-17.49.41:124][117]LogAudioMixer: Display: 	Number of Async Source Workers:		  0
[2024.05.18-17.49.41:124][117]LogAudio: Display: AudioDevice MaxSources: 32
[2024.05.18-17.49.41:124][117]LogAudio: Display: Audio Spatialization Plugin: None (built-in).
[2024.05.18-17.49.41:124][117]LogAudio: Display: Audio Reverb Plugin: None (built-in).
[2024.05.18-17.49.41:124][117]LogAudio: Display: Audio Occlusion Plugin: None (built-in).
[2024.05.18-17.49.41:124][117]LogAudioMixer: Display: Initializing audio mixer.
[2024.05.18-17.49.41:128][117]LogAudioMixer: Display: 0: FrontLeft
[2024.05.18-17.49.41:128][117]LogAudioMixer: Display: 1: FrontRight
[2024.05.18-17.49.41:168][117]LogAudioMixer: Display: Using Audio Device Altavoces (Realtek(R) Audio)
[2024.05.18-17.49.41:168][117]LogAudioMixer: Display: Initializing Sound Submixes...
[2024.05.18-17.49.41:169][117]LogAudioMixer: Display: Creating Master Submix 'MasterSubmixDefault'
[2024.05.18-17.49.41:169][117]LogAudioMixer: Display: Creating Master Submix 'MasterReverbSubmixDefault'
[2024.05.18-17.49.41:169][117]LogAudioMixer: Display: Creating Master Submix 'MasterEQSubmixDefault'
[2024.05.18-17.49.41:169][117]LogAudioMixer: FMixerPlatformXAudio2::StartAudioStream() called
[2024.05.18-17.49.41:169][117]LogAudioMixer: Display: Output buffers initialized: Frames=1024, Channels=2, Samples=2048
[2024.05.18-17.49.41:170][117]LogAudioMixer: Display: Starting AudioMixerPlatformInterface::RunInternal()
[2024.05.18-17.49.41:170][117]LogAudioMixer: Display: FMixerPlatformXAudio2::SubmitBuffer() called for the first time
[2024.05.18-17.49.41:170][117]LogInit: FAudioDevice initialized.
[2024.05.18-17.49.41:170][117]LogAudio: Display: Audio Device (ID: 9) registered with world 'Nivel4'.
[2024.05.18-17.49.41:180][117]LogLoad: Game class is 'SideScrollerGameMode_C'
[2024.05.18-17.49.41:228][117]LogWorld: Bringing World /Game/Niveles/UEDPIE_0_Nivel4.Nivel4 up for play (max tick rate 60) at 2024.05.18-11.49.41
[2024.05.18-17.49.41:230][117]LogWorld: Bringing up level for play took: 0.049143
[2024.05.18-17.49.41:230][117]LogOnline: OSS: Creating online subsystem instance for: :Context_34
[2024.05.18-17.49.41:237][117]PIE: Server logged in
[2024.05.18-17.49.41:237][117]PIE: Play in editor total start time 0.253 seconds.
[2024.05.18-17.49.51:565][468]LogNet: Browse: /Game/Niveles/Nivel4
[2024.05.18-17.49.51:565][468]LogLoad: LoadMap: /Game/Niveles/Nivel4
[2024.05.18-17.49.51:565][468]LogWorld: BeginTearingDown for /Game/Niveles/UEDPIE_0_Nivel4
[2024.05.18-17.49.51:568][468]LogWorld: UWorld::CleanupWorld for Nivel4, bSessionEnded=true, bCleanupResources=true
[2024.05.18-17.49.51:585][468]LogSlate: InvalidateAllWidgets triggered.  All widgets were invalidated
[2024.05.18-17.49.51:623][468]LogAudio: Display: Audio Device unregistered from world 'None'.
[2024.05.18-17.49.51:633][468]LogUObjectHash: Compacting FUObjectHashTables data took   3.07ms
[2024.05.18-17.49.51:641][468]LogPlayLevel: Creating play world package: /Game/Niveles/UEDPIE_0_Nivel4
[2024.05.18-17.49.51:749][468]LogPlayLevel: PIE: StaticDuplicateObject took: (0.108010s)
[2024.05.18-17.49.51:750][468]LogAIModule: Creating AISystem for world Nivel4
[2024.05.18-17.49.51:751][468]LogPlayLevel: PIE: World Init took: (0.001524s)
[2024.05.18-17.49.51:751][468]LogPlayLevel: PIE: Created PIE world by copying editor world from /Game/Niveles/Nivel4.Nivel4 to /Game/Niveles/UEDPIE_0_Nivel4.Nivel4 (0.109963s)
[2024.05.18-17.49.51:751][468]LogAudio: Display: Audio Device (ID: 9) registered with world 'Nivel4'.
[2024.05.18-17.49.51:751][468]LogLoad: Game class is 'SideScrollerGameMode_C'
[2024.05.18-17.49.51:776][468]LogWorld: Bringing World /Game/Niveles/UEDPIE_0_Nivel4.Nivel4 up for play (max tick rate 60) at 2024.05.18-11.49.51
[2024.05.18-17.49.51:779][468]LogWorld: Bringing up level for play took: 0.026748
[2024.05.18-17.49.51:786][468]LogLoad: Took 0.220698 seconds to LoadMap(/Game/Niveles/UEDPIE_0_Nivel4)
[2024.05.18-17.50.03:850][178]LogSlate: Updating window title bar state: overlay mode, drag disabled, window buttons hidden, title bar hidden
[2024.05.18-17.50.03:850][178]LogWorld: BeginTearingDown for /Game/Niveles/UEDPIE_0_Nivel4
[2024.05.18-17.50.03:853][178]LogWorld: UWorld::CleanupWorld for Nivel4, bSessionEnded=true, bCleanupResources=true
[2024.05.18-17.50.03:864][178]LogSlate: InvalidateAllWidgets triggered.  All widgets were invalidated
[2024.05.18-17.50.03:876][178]LogPlayLevel: Display: Shutting down PIE online subsystems
[2024.05.18-17.50.03:889][178]LogSlate: InvalidateAllWidgets triggered.  All widgets were invalidated
[2024.05.18-17.50.03:925][178]LogSlate: Updating window title bar state: overlay mode, drag disabled, window buttons hidden, title bar hidden
[2024.05.18-17.50.03:925][178]LogAudioMixer: FMixerPlatformXAudio2::StopAudioStream() called
[2024.05.18-17.50.03:926][178]LogAudioMixer: FMixerPlatformXAudio2::StopAudioStream() called
[2024.05.18-17.50.03:944][178]LogUObjectHash: Compacting FUObjectHashTables data took   3.06ms
[2024.05.18-17.50.03:974][179]LogPlayLevel: Display: Destroying online subsystem :Context_34
[2024.05.18-17.50.32:813][822]LogEditorViewport: Clicking on Actor (context menu): StaticMeshActor (BrickBlockBlue3535)
[2024.05.18-17.50.34:036][881]LogEditorViewport: Clicking on Actor (LMB): StaticMeshActor (BrickBlockBlue3464)
[2024.05.18-17.50.34:559][910]Cmd: POLY SELECT MEMORY UNION
[2024.05.18-17.50.37:320][ 69]LogUObjectHash: Compacting FUObjectHashTables data took   3.88ms
[2024.05.18-17.50.38:648][ 69]LogSlate: Window 'Save Content' being destroyed
[2024.05.18-17.50.38:776][ 69]LogUObjectHash: Compacting FUObjectHashTables data took   0.97ms
[2024.05.18-17.50.39:581][ 69]LogSavePackage: Moving '../../../../../../Users/alber/OneDrive/Documentos/Unreal Projects/MarioAnahuacOrdinario/MarioAnahuacOrdinario/Saved/Nivel4D3F22AB54A065BD3BBA24987A4A76B90.tmp' to '../../../../../../Users/alber/OneDrive/Documentos/Unreal Projects/MarioAnahuacOrdinario/MarioAnahuacOrdinario/Content/Niveles/Nivel4.umap'
[2024.05.18-17.50.39:588][ 69]LogFileHelpers: Saving map 'Nivel4' took 0.855
[2024.05.18-17.50.39:619][ 69]AssetCheck: New page: Asset Save: Nivel4
[2024.05.18-17.50.39:619][ 69]LogContentValidation: Display: Validating World /Game/Niveles/Nivel4.Nivel4
[2024.05.18-17.50.43:230][274]LogUObjectHash: Compacting FUObjectHashTables data took   3.84ms
[2024.05.18-17.50.43:274][274]LogAssetEditorSubsystem: Opening Asset editor for World /Game/Niveles/Nivel-1.Nivel-1
[2024.05.18-17.50.43:275][274]Cmd: MAP LOAD FILE="../../../../../../Users/alber/OneDrive/Documentos/Unreal Projects/MarioAnahuacOrdinario/MarioAnahuacOrdinario/Content/Niveles/Nivel-1.umap" TEMPLATE=0 SHOWPROGRESS=1 FEATURELEVEL=3
[2024.05.18-17.50.43:275][274]LightingResults: New page: Lighting Build
[2024.05.18-17.50.43:275][274]LoadErrors: New page: Loading map: Nivel-1.umap
[2024.05.18-17.50.43:310][274]LogWorld: UWorld::CleanupWorld for World_25, bSessionEnded=true, bCleanupResources=true
[2024.05.18-17.50.43:310][274]LogSlate: InvalidateAllWidgets triggered.  All widgets were invalidated
[2024.05.18-17.50.43:360][274]LogWorld: UWorld::CleanupWorld for Nivel4, bSessionEnded=true, bCleanupResources=true
[2024.05.18-17.50.43:362][274]LogSlate: InvalidateAllWidgets triggered.  All widgets were invalidated
[2024.05.18-17.50.43:363][274]MapCheck: New page: Map Check
[2024.05.18-17.50.43:363][274]LightingResults: New page: Lighting Build
[2024.05.18-17.50.43:406][274]LogAudio: Display: Audio Device unregistered from world 'None'.
[2024.05.18-17.50.43:424][274]LogUObjectHash: Compacting FUObjectHashTables data took   5.41ms
[2024.05.18-17.50.43:438][274]LogAudio: Display: Audio Device (ID: 1) registered with world 'Nivel-1'.
[2024.05.18-17.50.43:532][274]LogEditorServer: Finished looking for orphan Actors (0.000 secs)
[2024.05.18-17.50.43:532][274]LogAIModule: Creating AISystem for world Nivel-1
[2024.05.18-17.50.43:580][274]LogUObjectHash: Compacting FUObjectHashTables data took   4.45ms
[2024.05.18-17.50.43:586][274]Cmd: MAP CHECKDEP NOCLEARLOG
[2024.05.18-17.50.43:586][274]MapCheck: Map check complete: 0 Error(s), 0 Warning(s), took 0.227ms to complete.
[2024.05.18-17.50.43:586][274]LogFileHelpers: Loading map 'Nivel-1' took 0.312
[2024.05.18-17.50.52:090][783]LogEditorViewport: Clicking on Actor (LMB): StaticMeshActor (Pl_16m_Platform4)
[2024.05.18-17.50.52:753][821]LogEditorViewport: Clicking on Actor (LMB): Nombre_C (Nombre)
[2024.05.18-17.50.55:151][963]Cmd: TRANSACTION UNDO
[2024.05.18-17.50.55:151][963]LogEditorTransaction: Undo Clicking on Actors
[2024.05.18-17.50.56:465][ 28]Cmd: TRANSACTION UNDO
[2024.05.18-17.50.56:465][ 28]LogEditorTransaction: Undo Clicking on Actors
[2024.05.18-17.51.02:476][382]LogTemp: Repeating last play command: Selected Viewport
[2024.05.18-17.51.02:484][382]LogPlayLevel: PlayLevel: No blueprints needed recompiling
[2024.05.18-17.51.02:484][382]PIE: New page: PIE session: Nivel-1 (18 may. 2024 6:51:02)
[2024.05.18-17.51.02:484][382]LogPlayLevel: Creating play world package: /Game/Niveles/UEDPIE_0_Nivel-1
[2024.05.18-17.51.02:515][382]LogPlayLevel: PIE: StaticDuplicateObject took: (0.032267s)
[2024.05.18-17.51.02:517][382]LogAIModule: Creating AISystem for world Nivel-1
[2024.05.18-17.51.02:517][382]LogPlayLevel: PIE: World Init took: (0.001135s)
[2024.05.18-17.51.02:517][382]LogPlayLevel: PIE: Created PIE world by copying editor world from /Game/Niveles/Nivel-1.Nivel-1 to /Game/Niveles/UEDPIE_0_Nivel-1.Nivel-1 (0.033606s)
[2024.05.18-17.51.02:558][382]LogUObjectHash: Compacting FUObjectHashTables data took   6.05ms
[2024.05.18-17.51.02:562][382]LogAudio: Display: Creating Audio Device:                 Id: 10, Scope: Unique, Realtime: True
[2024.05.18-17.51.02:563][382]LogAudioMixer: Display: Audio Mixer Platform Settings:
[2024.05.18-17.51.02:563][382]LogAudioMixer: Display: 	Sample Rate:						  48000
[2024.05.18-17.51.02:563][382]LogAudioMixer: Display: 	Callback Buffer Frame Size Requested: 1024
[2024.05.18-17.51.02:563][382]LogAudioMixer: Display: 	Callback Buffer Frame Size To Use:	  1024
[2024.05.18-17.51.02:563][382]LogAudioMixer: Display: 	Number of buffers to queue:			  2
[2024.05.18-17.51.02:563][382]LogAudioMixer: Display: 	Max Channels (voices):				  32
[2024.05.18-17.51.02:563][382]LogAudioMixer: Display: 	Number of Async Source Workers:		  0
[2024.05.18-17.51.02:563][382]LogAudio: Display: AudioDevice MaxSources: 32
[2024.05.18-17.51.02:563][382]LogAudio: Display: Audio Spatialization Plugin: None (built-in).
[2024.05.18-17.51.02:563][382]LogAudio: Display: Audio Reverb Plugin: None (built-in).
[2024.05.18-17.51.02:563][382]LogAudio: Display: Audio Occlusion Plugin: None (built-in).
[2024.05.18-17.51.02:563][382]LogAudioMixer: Display: Initializing audio mixer.
[2024.05.18-17.51.02:568][382]LogAudioMixer: Display: 0: FrontLeft
[2024.05.18-17.51.02:568][382]LogAudioMixer: Display: 1: FrontRight
[2024.05.18-17.51.02:619][382]LogAudioMixer: Display: Using Audio Device Altavoces (Realtek(R) Audio)
[2024.05.18-17.51.02:620][382]LogAudioMixer: Display: Initializing Sound Submixes...
[2024.05.18-17.51.02:620][382]LogAudioMixer: Display: Creating Master Submix 'MasterSubmixDefault'
[2024.05.18-17.51.02:620][382]LogAudioMixer: Display: Creating Master Submix 'MasterReverbSubmixDefault'
[2024.05.18-17.51.02:620][382]LogAudioMixer: Display: Creating Master Submix 'MasterEQSubmixDefault'
[2024.05.18-17.51.02:620][382]LogAudioMixer: FMixerPlatformXAudio2::StartAudioStream() called
[2024.05.18-17.51.02:620][382]LogAudioMixer: Display: Output buffers initialized: Frames=1024, Channels=2, Samples=2048
[2024.05.18-17.51.02:621][382]LogAudioMixer: Display: Starting AudioMixerPlatformInterface::RunInternal()
[2024.05.18-17.51.02:622][382]LogAudioMixer: Display: FMixerPlatformXAudio2::SubmitBuffer() called for the first time
[2024.05.18-17.51.02:622][382]LogInit: FAudioDevice initialized.
[2024.05.18-17.51.02:622][382]LogAudio: Display: Audio Device (ID: 10) registered with world 'Nivel-1'.
[2024.05.18-17.51.02:629][382]LogLoad: Game class is 'SideScrollerGameMode_C'
[2024.05.18-17.51.02:642][382]LogWorld: Bringing World /Game/Niveles/UEDPIE_0_Nivel-1.Nivel-1 up for play (max tick rate 60) at 2024.05.18-11.51.02
[2024.05.18-17.51.02:645][382]LogWorld: Bringing up level for play took: 0.014053
[2024.05.18-17.51.02:645][382]LogOnline: OSS: Creating online subsystem instance for: :Context_35
[2024.05.18-17.51.02:649][382]PIE: Server logged in
[2024.05.18-17.51.02:650][382]PIE: Play in editor total start time 0.168 seconds.
[2024.05.18-17.51.04:122][467]LogSlate: Updating window title bar state: overlay mode, drag disabled, window buttons hidden, title bar hidden
[2024.05.18-17.51.04:122][467]LogWorld: BeginTearingDown for /Game/Niveles/UEDPIE_0_Nivel-1
[2024.05.18-17.51.04:123][467]LogWorld: UWorld::CleanupWorld for Nivel-1, bSessionEnded=true, bCleanupResources=true
[2024.05.18-17.51.04:126][467]LogSlate: InvalidateAllWidgets triggered.  All widgets were invalidated
[2024.05.18-17.51.04:132][467]LogPlayLevel: Display: Shutting down PIE online subsystems
[2024.05.18-17.51.04:141][467]LogSlate: InvalidateAllWidgets triggered.  All widgets were invalidated
[2024.05.18-17.51.04:172][467]LogAudio: Display: Audio Device unregistered from world 'None'.
[2024.05.18-17.51.04:172][467]LogAudioMixer: FMixerPlatformXAudio2::StopAudioStream() called
[2024.05.18-17.51.04:173][467]LogAudioMixer: FMixerPlatformXAudio2::StopAudioStream() called
[2024.05.18-17.51.04:178][467]LogSlate: Updating window title bar state: overlay mode, drag disabled, window buttons hidden, title bar hidden
[2024.05.18-17.51.04:185][467]LogUObjectHash: Compacting FUObjectHashTables data took   3.24ms
[2024.05.18-17.51.04:214][468]LogPlayLevel: Display: Destroying online subsystem :Context_35
[2024.05.18-17.51.06:132][582]LogEditorViewport: Clicking on Actor (LMB): BP_Camara_C (BP_Camara)
[2024.05.18-17.51.08:025][694]LogTemp: Repeating last play command: Selected Viewport
[2024.05.18-17.51.08:030][694]LogPlayLevel: PlayLevel: No blueprints needed recompiling
[2024.05.18-17.51.08:030][694]PIE: New page: PIE session: Nivel-1 (18 may. 2024 6:51:08)
[2024.05.18-17.51.08:031][694]LogPlayLevel: Creating play world package: /Game/Niveles/UEDPIE_0_Nivel-1
[2024.05.18-17.51.08:055][694]LogPlayLevel: PIE: StaticDuplicateObject took: (0.024699s)
[2024.05.18-17.51.08:056][694]LogAIModule: Creating AISystem for world Nivel-1
[2024.05.18-17.51.08:057][694]LogPlayLevel: PIE: World Init took: (0.001251s)
[2024.05.18-17.51.08:057][694]LogPlayLevel: PIE: Created PIE world by copying editor world from /Game/Niveles/Nivel-1.Nivel-1 to /Game/Niveles/UEDPIE_0_Nivel-1.Nivel-1 (0.026105s)
[2024.05.18-17.51.08:087][694]LogUObjectHash: Compacting FUObjectHashTables data took   3.01ms
[2024.05.18-17.51.08:089][694]LogAudio: Display: Creating Audio Device:                 Id: 11, Scope: Unique, Realtime: True
[2024.05.18-17.51.08:089][694]LogAudioMixer: Display: Audio Mixer Platform Settings:
[2024.05.18-17.51.08:089][694]LogAudioMixer: Display: 	Sample Rate:						  48000
[2024.05.18-17.51.08:089][694]LogAudioMixer: Display: 	Callback Buffer Frame Size Requested: 1024
[2024.05.18-17.51.08:089][694]LogAudioMixer: Display: 	Callback Buffer Frame Size To Use:	  1024
[2024.05.18-17.51.08:089][694]LogAudioMixer: Display: 	Number of buffers to queue:			  2
[2024.05.18-17.51.08:089][694]LogAudioMixer: Display: 	Max Channels (voices):				  32
[2024.05.18-17.51.08:089][694]LogAudioMixer: Display: 	Number of Async Source Workers:		  0
[2024.05.18-17.51.08:089][694]LogAudio: Display: AudioDevice MaxSources: 32
[2024.05.18-17.51.08:090][694]LogAudio: Display: Audio Spatialization Plugin: None (built-in).
[2024.05.18-17.51.08:090][694]LogAudio: Display: Audio Reverb Plugin: None (built-in).
[2024.05.18-17.51.08:090][694]LogAudio: Display: Audio Occlusion Plugin: None (built-in).
[2024.05.18-17.51.08:090][694]LogAudioMixer: Display: Initializing audio mixer.
[2024.05.18-17.51.08:092][694]LogAudioMixer: Display: 0: FrontLeft
[2024.05.18-17.51.08:092][694]LogAudioMixer: Display: 1: FrontRight
[2024.05.18-17.51.08:133][694]LogAudioMixer: Display: Using Audio Device Altavoces (Realtek(R) Audio)
[2024.05.18-17.51.08:133][694]LogAudioMixer: Display: Initializing Sound Submixes...
[2024.05.18-17.51.08:133][694]LogAudioMixer: Display: Creating Master Submix 'MasterSubmixDefault'
[2024.05.18-17.51.08:133][694]LogAudioMixer: Display: Creating Master Submix 'MasterReverbSubmixDefault'
[2024.05.18-17.51.08:133][694]LogAudioMixer: Display: Creating Master Submix 'MasterEQSubmixDefault'
[2024.05.18-17.51.08:133][694]LogAudioMixer: FMixerPlatformXAudio2::StartAudioStream() called
[2024.05.18-17.51.08:133][694]LogAudioMixer: Display: Output buffers initialized: Frames=1024, Channels=2, Samples=2048
[2024.05.18-17.51.08:134][694]LogAudioMixer: Display: Starting AudioMixerPlatformInterface::RunInternal()
[2024.05.18-17.51.08:134][694]LogAudioMixer: Display: FMixerPlatformXAudio2::SubmitBuffer() called for the first time
[2024.05.18-17.51.08:134][694]LogInit: FAudioDevice initialized.
[2024.05.18-17.51.08:134][694]LogAudio: Display: Audio Device (ID: 11) registered with world 'Nivel-1'.
[2024.05.18-17.51.08:148][694]LogLoad: Game class is 'SideScrollerGameMode_C'
[2024.05.18-17.51.08:157][694]LogWorld: Bringing World /Game/Niveles/UEDPIE_0_Nivel-1.Nivel-1 up for play (max tick rate 60) at 2024.05.18-11.51.08
[2024.05.18-17.51.08:160][694]LogWorld: Bringing up level for play took: 0.010544
[2024.05.18-17.51.08:160][694]LogOnline: OSS: Creating online subsystem instance for: :Context_36
[2024.05.18-17.51.08:164][694]PIE: Server logged in
[2024.05.18-17.51.08:165][694]PIE: Play in editor total start time 0.135 seconds.
[2024.05.18-17.51.09:563][776]LogSlate: Updating window title bar state: overlay mode, drag disabled, window buttons hidden, title bar hidden
[2024.05.18-17.51.09:564][776]LogWorld: BeginTearingDown for /Game/Niveles/UEDPIE_0_Nivel-1
[2024.05.18-17.51.09:564][776]LogWorld: UWorld::CleanupWorld for Nivel-1, bSessionEnded=true, bCleanupResources=true
[2024.05.18-17.51.09:568][776]LogSlate: InvalidateAllWidgets triggered.  All widgets were invalidated
[2024.05.18-17.51.09:575][776]LogPlayLevel: Display: Shutting down PIE online subsystems
[2024.05.18-17.51.09:586][776]LogSlate: InvalidateAllWidgets triggered.  All widgets were invalidated
[2024.05.18-17.51.09:616][776]LogAudio: Display: Audio Device unregistered from world 'None'.
[2024.05.18-17.51.09:616][776]LogAudioMixer: FMixerPlatformXAudio2::StopAudioStream() called
[2024.05.18-17.51.09:617][776]LogAudioMixer: FMixerPlatformXAudio2::StopAudioStream() called
[2024.05.18-17.51.09:622][776]LogSlate: Updating window title bar state: overlay mode, drag disabled, window buttons hidden, title bar hidden
[2024.05.18-17.51.09:627][776]LogUObjectHash: Compacting FUObjectHashTables data took   2.85ms
[2024.05.18-17.51.09:656][777]LogPlayLevel: Display: Destroying online subsystem :Context_36
[2024.05.18-17.51.12:675][957]LogTemp: Repeating last play command: Selected Viewport
[2024.05.18-17.51.12:680][957]LogPlayLevel: PlayLevel: No blueprints needed recompiling
[2024.05.18-17.51.12:680][957]PIE: New page: PIE session: Nivel-1 (18 may. 2024 6:51:12)
[2024.05.18-17.51.12:680][957]LogPlayLevel: Creating play world package: /Game/Niveles/UEDPIE_0_Nivel-1
[2024.05.18-17.51.12:705][957]LogPlayLevel: PIE: StaticDuplicateObject took: (0.024271s)
[2024.05.18-17.51.12:706][957]LogAIModule: Creating AISystem for world Nivel-1
[2024.05.18-17.51.12:706][957]LogPlayLevel: PIE: World Init took: (0.000944s)
[2024.05.18-17.51.12:706][957]LogPlayLevel: PIE: Created PIE world by copying editor world from /Game/Niveles/Nivel-1.Nivel-1 to /Game/Niveles/UEDPIE_0_Nivel-1.Nivel-1 (0.025347s)
[2024.05.18-17.51.12:738][957]LogUObjectHash: Compacting FUObjectHashTables data took   3.57ms
[2024.05.18-17.51.12:739][957]LogAudio: Display: Creating Audio Device:                 Id: 12, Scope: Unique, Realtime: True
[2024.05.18-17.51.12:739][957]LogAudioMixer: Display: Audio Mixer Platform Settings:
[2024.05.18-17.51.12:739][957]LogAudioMixer: Display: 	Sample Rate:						  48000
[2024.05.18-17.51.12:739][957]LogAudioMixer: Display: 	Callback Buffer Frame Size Requested: 1024
[2024.05.18-17.51.12:739][957]LogAudioMixer: Display: 	Callback Buffer Frame Size To Use:	  1024
[2024.05.18-17.51.12:739][957]LogAudioMixer: Display: 	Number of buffers to queue:			  2
[2024.05.18-17.51.12:739][957]LogAudioMixer: Display: 	Max Channels (voices):				  32
[2024.05.18-17.51.12:739][957]LogAudioMixer: Display: 	Number of Async Source Workers:		  0
[2024.05.18-17.51.12:739][957]LogAudio: Display: AudioDevice MaxSources: 32
[2024.05.18-17.51.12:740][957]LogAudio: Display: Audio Spatialization Plugin: None (built-in).
[2024.05.18-17.51.12:740][957]LogAudio: Display: Audio Reverb Plugin: None (built-in).
[2024.05.18-17.51.12:740][957]LogAudio: Display: Audio Occlusion Plugin: None (built-in).
[2024.05.18-17.51.12:740][957]LogAudioMixer: Display: Initializing audio mixer.
[2024.05.18-17.51.12:742][957]LogAudioMixer: Display: 0: FrontLeft
[2024.05.18-17.51.12:742][957]LogAudioMixer: Display: 1: FrontRight
[2024.05.18-17.51.12:793][957]LogAudioMixer: Display: Using Audio Device Altavoces (Realtek(R) Audio)
[2024.05.18-17.51.12:793][957]LogAudioMixer: Display: Initializing Sound Submixes...
[2024.05.18-17.51.12:793][957]LogAudioMixer: Display: Creating Master Submix 'MasterSubmixDefault'
[2024.05.18-17.51.12:793][957]LogAudioMixer: Display: Creating Master Submix 'MasterReverbSubmixDefault'
[2024.05.18-17.51.12:793][957]LogAudioMixer: Display: Creating Master Submix 'MasterEQSubmixDefault'
[2024.05.18-17.51.12:793][957]LogAudioMixer: FMixerPlatformXAudio2::StartAudioStream() called
[2024.05.18-17.51.12:793][957]LogAudioMixer: Display: Output buffers initialized: Frames=1024, Channels=2, Samples=2048
[2024.05.18-17.51.12:795][957]LogAudioMixer: Display: Starting AudioMixerPlatformInterface::RunInternal()
[2024.05.18-17.51.12:795][957]LogAudioMixer: Display: FMixerPlatformXAudio2::SubmitBuffer() called for the first time
[2024.05.18-17.51.12:795][957]LogInit: FAudioDevice initialized.
[2024.05.18-17.51.12:795][957]LogAudio: Display: Audio Device (ID: 12) registered with world 'Nivel-1'.
[2024.05.18-17.51.12:808][957]LogLoad: Game class is 'SideScrollerGameMode_C'
[2024.05.18-17.51.12:819][957]LogWorld: Bringing World /Game/Niveles/UEDPIE_0_Nivel-1.Nivel-1 up for play (max tick rate 60) at 2024.05.18-11.51.12
[2024.05.18-17.51.12:822][957]LogWorld: Bringing up level for play took: 0.012571
[2024.05.18-17.51.12:822][957]LogOnline: OSS: Creating online subsystem instance for: :Context_37
[2024.05.18-17.51.12:826][957]PIE: Server logged in
[2024.05.18-17.51.12:827][957]PIE: Play in editor total start time 0.148 seconds.
[2024.05.18-17.51.22:994][564]LogSlate: Updating window title bar state: overlay mode, drag disabled, window buttons hidden, title bar hidden
[2024.05.18-17.51.22:994][564]LogWorld: BeginTearingDown for /Game/Niveles/UEDPIE_0_Nivel-1
[2024.05.18-17.51.22:994][564]LogWorld: UWorld::CleanupWorld for Nivel-1, bSessionEnded=true, bCleanupResources=true
[2024.05.18-17.51.22:997][564]LogSlate: InvalidateAllWidgets triggered.  All widgets were invalidated
[2024.05.18-17.51.23:004][564]LogPlayLevel: Display: Shutting down PIE online subsystems
[2024.05.18-17.51.23:014][564]LogSlate: InvalidateAllWidgets triggered.  All widgets were invalidated
[2024.05.18-17.51.23:044][564]LogAudio: Display: Audio Device unregistered from world 'None'.
[2024.05.18-17.51.23:044][564]LogAudioMixer: FMixerPlatformXAudio2::StopAudioStream() called
[2024.05.18-17.51.23:045][564]LogAudioMixer: FMixerPlatformXAudio2::StopAudioStream() called
[2024.05.18-17.51.23:049][564]LogSlate: Updating window title bar state: overlay mode, drag disabled, window buttons hidden, title bar hidden
[2024.05.18-17.51.23:058][564]LogUObjectHash: Compacting FUObjectHashTables data took   3.71ms
[2024.05.18-17.51.23:087][565]LogPlayLevel: Display: Destroying online subsystem :Context_37
[2024.05.18-17.51.25:555][712]LogTemp: Repeating last play command: Selected Viewport
[2024.05.18-17.51.25:560][712]LogPlayLevel: PlayLevel: No blueprints needed recompiling
[2024.05.18-17.51.25:560][712]PIE: New page: PIE session: Nivel-1 (18 may. 2024 6:51:25)
[2024.05.18-17.51.25:560][712]LogPlayLevel: Creating play world package: /Game/Niveles/UEDPIE_0_Nivel-1
[2024.05.18-17.51.25:582][712]LogPlayLevel: PIE: StaticDuplicateObject took: (0.020881s)
[2024.05.18-17.51.25:582][712]LogAIModule: Creating AISystem for world Nivel-1
[2024.05.18-17.51.25:582][712]LogPlayLevel: PIE: World Init took: (0.000906s)
[2024.05.18-17.51.25:582][712]LogPlayLevel: PIE: Created PIE world by copying editor world from /Game/Niveles/Nivel-1.Nivel-1 to /Game/Niveles/UEDPIE_0_Nivel-1.Nivel-1 (0.021912s)
[2024.05.18-17.51.25:610][712]LogUObjectHash: Compacting FUObjectHashTables data took   2.78ms
[2024.05.18-17.51.25:613][712]LogAudio: Display: Creating Audio Device:                 Id: 13, Scope: Unique, Realtime: True
[2024.05.18-17.51.25:613][712]LogAudioMixer: Display: Audio Mixer Platform Settings:
[2024.05.18-17.51.25:613][712]LogAudioMixer: Display: 	Sample Rate:						  48000
[2024.05.18-17.51.25:613][712]LogAudioMixer: Display: 	Callback Buffer Frame Size Requested: 1024
[2024.05.18-17.51.25:613][712]LogAudioMixer: Display: 	Callback Buffer Frame Size To Use:	  1024
[2024.05.18-17.51.25:613][712]LogAudioMixer: Display: 	Number of buffers to queue:			  2
[2024.05.18-17.51.25:613][712]LogAudioMixer: Display: 	Max Channels (voices):				  32
[2024.05.18-17.51.25:613][712]LogAudioMixer: Display: 	Number of Async Source Workers:		  0
[2024.05.18-17.51.25:613][712]LogAudio: Display: AudioDevice MaxSources: 32
[2024.05.18-17.51.25:613][712]LogAudio: Display: Audio Spatialization Plugin: None (built-in).
[2024.05.18-17.51.25:613][712]LogAudio: Display: Audio Reverb Plugin: None (built-in).
[2024.05.18-17.51.25:613][712]LogAudio: Display: Audio Occlusion Plugin: None (built-in).
[2024.05.18-17.51.25:613][712]LogAudioMixer: Display: Initializing audio mixer.
[2024.05.18-17.51.25:616][712]LogAudioMixer: Display: 0: FrontLeft
[2024.05.18-17.51.25:616][712]LogAudioMixer: Display: 1: FrontRight
[2024.05.18-17.51.25:667][712]LogAudioMixer: Display: Using Audio Device Altavoces (Realtek(R) Audio)
[2024.05.18-17.51.25:667][712]LogAudioMixer: Display: Initializing Sound Submixes...
[2024.05.18-17.51.25:667][712]LogAudioMixer: Display: Creating Master Submix 'MasterSubmixDefault'
[2024.05.18-17.51.25:667][712]LogAudioMixer: Display: Creating Master Submix 'MasterReverbSubmixDefault'
[2024.05.18-17.51.25:667][712]LogAudioMixer: Display: Creating Master Submix 'MasterEQSubmixDefault'
[2024.05.18-17.51.25:667][712]LogAudioMixer: FMixerPlatformXAudio2::StartAudioStream() called
[2024.05.18-17.51.25:667][712]LogAudioMixer: Display: Output buffers initialized: Frames=1024, Channels=2, Samples=2048
[2024.05.18-17.51.25:669][712]LogAudioMixer: Display: Starting AudioMixerPlatformInterface::RunInternal()
[2024.05.18-17.51.25:669][712]LogAudioMixer: Display: FMixerPlatformXAudio2::SubmitBuffer() called for the first time
[2024.05.18-17.51.25:669][712]LogInit: FAudioDevice initialized.
[2024.05.18-17.51.25:669][712]LogAudio: Display: Audio Device (ID: 13) registered with world 'Nivel-1'.
[2024.05.18-17.51.25:677][712]LogLoad: Game class is 'SideScrollerGameMode_C'
[2024.05.18-17.51.25:689][712]LogWorld: Bringing World /Game/Niveles/UEDPIE_0_Nivel-1.Nivel-1 up for play (max tick rate 60) at 2024.05.18-11.51.25
[2024.05.18-17.51.25:693][712]LogWorld: Bringing up level for play took: 0.015271
[2024.05.18-17.51.25:694][712]LogOnline: OSS: Creating online subsystem instance for: :Context_38
[2024.05.18-17.51.25:699][712]PIE: Server logged in
[2024.05.18-17.51.25:700][712]PIE: Play in editor total start time 0.14 seconds.
[2024.05.18-17.51.53:215][359]LogSlate: Updating window title bar state: overlay mode, drag disabled, window buttons hidden, title bar hidden
[2024.05.18-17.51.53:215][359]LogWorld: BeginTearingDown for /Game/Niveles/UEDPIE_0_Nivel-1
[2024.05.18-17.51.53:215][359]LogWorld: UWorld::CleanupWorld for Nivel-1, bSessionEnded=true, bCleanupResources=true
[2024.05.18-17.51.53:218][359]LogSlate: InvalidateAllWidgets triggered.  All widgets were invalidated
[2024.05.18-17.51.53:228][359]LogPlayLevel: Display: Shutting down PIE online subsystems
[2024.05.18-17.51.53:238][359]LogSlate: InvalidateAllWidgets triggered.  All widgets were invalidated
[2024.05.18-17.51.53:264][359]LogAudio: Display: Audio Device unregistered from world 'None'.
[2024.05.18-17.51.53:266][359]LogAudioMixer: FMixerPlatformXAudio2::StopAudioStream() called
[2024.05.18-17.51.53:267][359]LogAudioMixer: FMixerPlatformXAudio2::StopAudioStream() called
[2024.05.18-17.51.53:271][359]LogSlate: Updating window title bar state: overlay mode, drag disabled, window buttons hidden, title bar hidden
[2024.05.18-17.51.53:277][359]LogUObjectHash: Compacting FUObjectHashTables data took   2.70ms
[2024.05.18-17.51.53:305][360]LogPlayLevel: Display: Destroying online subsystem :Context_38
[2024.05.18-17.51.54:573][435]LogTemp: Repeating last play command: Selected Viewport
[2024.05.18-17.51.54:581][435]LogPlayLevel: PlayLevel: No blueprints needed recompiling
[2024.05.18-17.51.54:581][435]PIE: New page: PIE session: Nivel-1 (18 may. 2024 6:51:54)
[2024.05.18-17.51.54:582][435]LogPlayLevel: Creating play world package: /Game/Niveles/UEDPIE_0_Nivel-1
[2024.05.18-17.51.54:614][435]LogPlayLevel: PIE: StaticDuplicateObject took: (0.032978s)
[2024.05.18-17.51.54:615][435]LogAIModule: Creating AISystem for world Nivel-1
[2024.05.18-17.51.54:615][435]LogPlayLevel: PIE: World Init took: (0.001117s)
[2024.05.18-17.51.54:615][435]LogPlayLevel: PIE: Created PIE world by copying editor world from /Game/Niveles/Nivel-1.Nivel-1 to /Game/Niveles/UEDPIE_0_Nivel-1.Nivel-1 (0.034257s)
[2024.05.18-17.51.54:652][435]LogUObjectHash: Compacting FUObjectHashTables data took   3.81ms
[2024.05.18-17.51.54:653][435]LogAudio: Display: Creating Audio Device:                 Id: 14, Scope: Unique, Realtime: True
[2024.05.18-17.51.54:653][435]LogAudioMixer: Display: Audio Mixer Platform Settings:
[2024.05.18-17.51.54:653][435]LogAudioMixer: Display: 	Sample Rate:						  48000
[2024.05.18-17.51.54:653][435]LogAudioMixer: Display: 	Callback Buffer Frame Size Requested: 1024
[2024.05.18-17.51.54:653][435]LogAudioMixer: Display: 	Callback Buffer Frame Size To Use:	  1024
[2024.05.18-17.51.54:653][435]LogAudioMixer: Display: 	Number of buffers to queue:			  2
[2024.05.18-17.51.54:653][435]LogAudioMixer: Display: 	Max Channels (voices):				  32
[2024.05.18-17.51.54:653][435]LogAudioMixer: Display: 	Number of Async Source Workers:		  0
[2024.05.18-17.51.54:653][435]LogAudio: Display: AudioDevice MaxSources: 32
[2024.05.18-17.51.54:654][435]LogAudio: Display: Audio Spatialization Plugin: None (built-in).
[2024.05.18-17.51.54:654][435]LogAudio: Display: Audio Reverb Plugin: None (built-in).
[2024.05.18-17.51.54:654][435]LogAudio: Display: Audio Occlusion Plugin: None (built-in).
[2024.05.18-17.51.54:654][435]LogAudioMixer: Display: Initializing audio mixer.
[2024.05.18-17.51.54:658][435]LogAudioMixer: Display: 0: FrontLeft
[2024.05.18-17.51.54:658][435]LogAudioMixer: Display: 1: FrontRight
[2024.05.18-17.51.54:708][435]LogAudioMixer: Display: Using Audio Device Altavoces (Realtek(R) Audio)
[2024.05.18-17.51.54:708][435]LogAudioMixer: Display: Initializing Sound Submixes...
[2024.05.18-17.51.54:708][435]LogAudioMixer: Display: Creating Master Submix 'MasterSubmixDefault'
[2024.05.18-17.51.54:708][435]LogAudioMixer: Display: Creating Master Submix 'MasterReverbSubmixDefault'
[2024.05.18-17.51.54:708][435]LogAudioMixer: Display: Creating Master Submix 'MasterEQSubmixDefault'
[2024.05.18-17.51.54:708][435]LogAudioMixer: FMixerPlatformXAudio2::StartAudioStream() called
[2024.05.18-17.51.54:708][435]LogAudioMixer: Display: Output buffers initialized: Frames=1024, Channels=2, Samples=2048
[2024.05.18-17.51.54:710][435]LogAudioMixer: Display: Starting AudioMixerPlatformInterface::RunInternal()
[2024.05.18-17.51.54:710][435]LogAudioMixer: Display: FMixerPlatformXAudio2::SubmitBuffer() called for the first time
[2024.05.18-17.51.54:710][435]LogInit: FAudioDevice initialized.
[2024.05.18-17.51.54:710][435]LogAudio: Display: Audio Device (ID: 14) registered with world 'Nivel-1'.
[2024.05.18-17.51.54:723][435]LogLoad: Game class is 'SideScrollerGameMode_C'
[2024.05.18-17.51.54:735][435]LogWorld: Bringing World /Game/Niveles/UEDPIE_0_Nivel-1.Nivel-1 up for play (max tick rate 60) at 2024.05.18-11.51.54
[2024.05.18-17.51.54:738][435]LogWorld: Bringing up level for play took: 0.012229
[2024.05.18-17.51.54:738][435]LogOnline: OSS: Creating online subsystem instance for: :Context_39
[2024.05.18-17.51.54:743][435]PIE: Server logged in
[2024.05.18-17.51.54:744][435]PIE: Play in editor total start time 0.164 seconds.
[2024.05.18-17.51.55:846][498]LogSlate: Updating window title bar state: overlay mode, drag disabled, window buttons hidden, title bar hidden
[2024.05.18-17.51.55:846][498]LogWorld: BeginTearingDown for /Game/Niveles/UEDPIE_0_Nivel-1
[2024.05.18-17.51.55:847][498]LogWorld: UWorld::CleanupWorld for Nivel-1, bSessionEnded=true, bCleanupResources=true
[2024.05.18-17.51.55:850][498]LogSlate: InvalidateAllWidgets triggered.  All widgets were invalidated
[2024.05.18-17.51.55:859][498]LogPlayLevel: Display: Shutting down PIE online subsystems
[2024.05.18-17.51.55:870][498]LogSlate: InvalidateAllWidgets triggered.  All widgets were invalidated
[2024.05.18-17.51.55:899][498]LogSlate: Updating window title bar state: overlay mode, drag disabled, window buttons hidden, title bar hidden
[2024.05.18-17.51.55:899][498]LogAudioMixer: FMixerPlatformXAudio2::StopAudioStream() called
[2024.05.18-17.51.55:900][498]LogAudioMixer: FMixerPlatformXAudio2::StopAudioStream() called
[2024.05.18-17.51.55:914][498]LogUObjectHash: Compacting FUObjectHashTables data took   3.41ms
[2024.05.18-17.51.55:943][499]LogPlayLevel: Display: Destroying online subsystem :Context_39
[2024.05.18-17.52.06:189][113]LogEditorViewport: Clicking on Actor (LMB): Bandera_C (Bandera)
[2024.05.18-17.52.08:068][223]LogAssetEditorSubsystem: Opening Asset editor for Blueprint /Game/Blueprint/Bandera.Bandera
[2024.05.18-17.52.21:628][948]LogAssetEditorSubsystem: Opening Asset editor for Blueprint /Game/Blueprint/Bandera_nivel2.Bandera_nivel2
[2024.05.18-17.53.14:324][993]LogEditorViewport: Clicking on Actor (LMB): BlockingVolume (BlockingVolume)
[2024.05.18-17.53.17:456][179]LogEditorViewport: Clicking on Actor (LMB): BlockingVolume (BlockingVolume)
[2024.05.18-17.53.18:097][217]LogEditorViewport: Clicking on Actor (LMB): PlayerStart (PlayerStart)
[2024.05.18-17.53.23:748][550]LogNavigationPoint: PostEditMove Clear paths rebuilt
[2024.05.18-17.53.28:240][817]LogNavigationPoint: PostEditMove Clear paths rebuilt
[2024.05.18-17.53.30:915][977]LogNavigationPoint: PostEditMove Clear paths rebuilt
[2024.05.18-17.53.32:043][ 44]LogTemp: Repeating last play command: Selected Viewport
[2024.05.18-17.53.32:048][ 44]BlueprintLog: New page: Pre-Play auto-recompile
[2024.05.18-17.53.32:048][ 44]LogPlayLevel: [PlayLevel] Compiling Bandera before play...
[2024.05.18-17.53.32:123][ 44]LogUObjectHash: Compacting FUObjectHashTables data took   4.40ms
[2024.05.18-17.53.32:125][ 44]LogPlayLevel: PlayLevel: Blueprint regeneration took 78 ms (1 blueprints)
[2024.05.18-17.53.32:125][ 44]PIE: New page: PIE session: Nivel-1 (18 may. 2024 6:53:32)
[2024.05.18-17.53.32:160][ 44]LogPlayLevel: Creating play world package: /Game/Niveles/UEDPIE_0_Nivel-1
[2024.05.18-17.53.32:185][ 44]LogPlayLevel: PIE: StaticDuplicateObject took: (0.024700s)
[2024.05.18-17.53.32:186][ 44]LogAIModule: Creating AISystem for world Nivel-1
[2024.05.18-17.53.32:186][ 44]LogPlayLevel: PIE: World Init took: (0.000920s)
[2024.05.18-17.53.32:186][ 44]LogPlayLevel: PIE: Created PIE world by copying editor world from /Game/Niveles/Nivel-1.Nivel-1 to /Game/Niveles/UEDPIE_0_Nivel-1.Nivel-1 (0.025854s)
[2024.05.18-17.53.32:221][ 44]LogUObjectHash: Compacting FUObjectHashTables data took   3.06ms
[2024.05.18-17.53.32:221][ 44]LogAudio: Display: Creating Audio Device:                 Id: 15, Scope: Unique, Realtime: True
[2024.05.18-17.53.32:221][ 44]LogAudioMixer: Display: Audio Mixer Platform Settings:
[2024.05.18-17.53.32:221][ 44]LogAudioMixer: Display: 	Sample Rate:						  48000
[2024.05.18-17.53.32:221][ 44]LogAudioMixer: Display: 	Callback Buffer Frame Size Requested: 1024
[2024.05.18-17.53.32:221][ 44]LogAudioMixer: Display: 	Callback Buffer Frame Size To Use:	  1024
[2024.05.18-17.53.32:221][ 44]LogAudioMixer: Display: 	Number of buffers to queue:			  2
[2024.05.18-17.53.32:221][ 44]LogAudioMixer: Display: 	Max Channels (voices):				  32
[2024.05.18-17.53.32:221][ 44]LogAudioMixer: Display: 	Number of Async Source Workers:		  0
[2024.05.18-17.53.32:221][ 44]LogAudio: Display: AudioDevice MaxSources: 32
[2024.05.18-17.53.32:221][ 44]LogAudio: Display: Audio Spatialization Plugin: None (built-in).
[2024.05.18-17.53.32:221][ 44]LogAudio: Display: Audio Reverb Plugin: None (built-in).
[2024.05.18-17.53.32:221][ 44]LogAudio: Display: Audio Occlusion Plugin: None (built-in).
[2024.05.18-17.53.32:222][ 44]LogAudioMixer: Display: Initializing audio mixer.
[2024.05.18-17.53.32:224][ 44]LogAudioMixer: Display: 0: FrontLeft
[2024.05.18-17.53.32:224][ 44]LogAudioMixer: Display: 1: FrontRight
[2024.05.18-17.53.32:272][ 44]LogAudioMixer: Display: Using Audio Device Altavoces (Realtek(R) Audio)
[2024.05.18-17.53.32:272][ 44]LogAudioMixer: Display: Initializing Sound Submixes...
[2024.05.18-17.53.32:272][ 44]LogAudioMixer: Display: Creating Master Submix 'MasterSubmixDefault'
[2024.05.18-17.53.32:272][ 44]LogAudioMixer: Display: Creating Master Submix 'MasterReverbSubmixDefault'
[2024.05.18-17.53.32:273][ 44]LogAudioMixer: Display: Creating Master Submix 'MasterEQSubmixDefault'
[2024.05.18-17.53.32:273][ 44]LogAudioMixer: FMixerPlatformXAudio2::StartAudioStream() called
[2024.05.18-17.53.32:273][ 44]LogAudioMixer: Display: Output buffers initialized: Frames=1024, Channels=2, Samples=2048
[2024.05.18-17.53.32:274][ 44]LogAudioMixer: Display: Starting AudioMixerPlatformInterface::RunInternal()
[2024.05.18-17.53.32:274][ 44]LogAudioMixer: Display: FMixerPlatformXAudio2::SubmitBuffer() called for the first time
[2024.05.18-17.53.32:274][ 44]LogInit: FAudioDevice initialized.
[2024.05.18-17.53.32:274][ 44]LogAudio: Display: Audio Device (ID: 15) registered with world 'Nivel-1'.
[2024.05.18-17.53.32:287][ 44]LogLoad: Game class is 'SideScrollerGameMode_C'
[2024.05.18-17.53.32:295][ 44]LogWorld: Bringing World /Game/Niveles/UEDPIE_0_Nivel-1.Nivel-1 up for play (max tick rate 60) at 2024.05.18-11.53.32
[2024.05.18-17.53.32:298][ 44]LogWorld: Bringing up level for play took: 0.010792
[2024.05.18-17.53.32:299][ 44]LogOnline: OSS: Creating online subsystem instance for: :Context_43
[2024.05.18-17.53.32:303][ 44]PIE: Server logged in
[2024.05.18-17.53.32:304][ 44]PIE: Play in editor total start time 0.258 seconds.
[2024.05.18-17.53.43:032][683]LogSlate: Updating window title bar state: overlay mode, drag disabled, window buttons hidden, title bar hidden
[2024.05.18-17.53.43:032][683]LogWorld: BeginTearingDown for /Game/Niveles/UEDPIE_0_Nivel-1
[2024.05.18-17.53.43:033][683]LogWorld: UWorld::CleanupWorld for Nivel-1, bSessionEnded=true, bCleanupResources=true
[2024.05.18-17.53.43:036][683]LogSlate: InvalidateAllWidgets triggered.  All widgets were invalidated
[2024.05.18-17.53.43:049][683]LogPlayLevel: Display: Shutting down PIE online subsystems
[2024.05.18-17.53.43:066][683]LogSlate: InvalidateAllWidgets triggered.  All widgets were invalidated
[2024.05.18-17.53.43:098][683]LogSlate: Updating window title bar state: overlay mode, drag disabled, window buttons hidden, title bar hidden
[2024.05.18-17.53.43:099][683]LogAudioMixer: FMixerPlatformXAudio2::StopAudioStream() called
[2024.05.18-17.53.43:100][683]LogAudioMixer: FMixerPlatformXAudio2::StopAudioStream() called
[2024.05.18-17.53.43:111][683]LogUObjectHash: Compacting FUObjectHashTables data took   2.92ms
[2024.05.18-17.53.43:140][684]LogPlayLevel: Display: Destroying online subsystem :Context_43
[2024.05.18-17.53.44:257][750]LogTemp: Repeating last play command: Selected Viewport
[2024.05.18-17.53.44:262][750]LogPlayLevel: PlayLevel: No blueprints needed recompiling
[2024.05.18-17.53.44:262][750]PIE: New page: PIE session: Nivel-1 (18 may. 2024 6:53:44)
[2024.05.18-17.53.44:262][750]LogPlayLevel: Creating play world package: /Game/Niveles/UEDPIE_0_Nivel-1
[2024.05.18-17.53.44:284][750]LogPlayLevel: PIE: StaticDuplicateObject took: (0.021426s)
[2024.05.18-17.53.44:284][750]LogAIModule: Creating AISystem for world Nivel-1
[2024.05.18-17.53.44:285][750]LogPlayLevel: PIE: World Init took: (0.000850s)
[2024.05.18-17.53.44:285][750]LogPlayLevel: PIE: Created PIE world by copying editor world from /Game/Niveles/Nivel-1.Nivel-1 to /Game/Niveles/UEDPIE_0_Nivel-1.Nivel-1 (0.022404s)
[2024.05.18-17.53.44:323][750]LogUObjectHash: Compacting FUObjectHashTables data took   3.06ms
[2024.05.18-17.53.44:324][750]LogAudio: Display: Creating Audio Device:                 Id: 16, Scope: Unique, Realtime: True
[2024.05.18-17.53.44:324][750]LogAudioMixer: Display: Audio Mixer Platform Settings:
[2024.05.18-17.53.44:324][750]LogAudioMixer: Display: 	Sample Rate:						  48000
[2024.05.18-17.53.44:324][750]LogAudioMixer: Display: 	Callback Buffer Frame Size Requested: 1024
[2024.05.18-17.53.44:324][750]LogAudioMixer: Display: 	Callback Buffer Frame Size To Use:	  1024
[2024.05.18-17.53.44:324][750]LogAudioMixer: Display: 	Number of buffers to queue:			  2
[2024.05.18-17.53.44:324][750]LogAudioMixer: Display: 	Max Channels (voices):				  32
[2024.05.18-17.53.44:324][750]LogAudioMixer: Display: 	Number of Async Source Workers:		  0
[2024.05.18-17.53.44:324][750]LogAudio: Display: AudioDevice MaxSources: 32
[2024.05.18-17.53.44:324][750]LogAudio: Display: Audio Spatialization Plugin: None (built-in).
[2024.05.18-17.53.44:324][750]LogAudio: Display: Audio Reverb Plugin: None (built-in).
[2024.05.18-17.53.44:324][750]LogAudio: Display: Audio Occlusion Plugin: None (built-in).
[2024.05.18-17.53.44:324][750]LogAudioMixer: Display: Initializing audio mixer.
[2024.05.18-17.53.44:327][750]LogAudioMixer: Display: 0: FrontLeft
[2024.05.18-17.53.44:327][750]LogAudioMixer: Display: 1: FrontRight
[2024.05.18-17.53.44:364][750]LogAudioMixer: Display: Using Audio Device Altavoces (Realtek(R) Audio)
[2024.05.18-17.53.44:364][750]LogAudioMixer: Display: Initializing Sound Submixes...
[2024.05.18-17.53.44:364][750]LogAudioMixer: Display: Creating Master Submix 'MasterSubmixDefault'
[2024.05.18-17.53.44:364][750]LogAudioMixer: Display: Creating Master Submix 'MasterReverbSubmixDefault'
[2024.05.18-17.53.44:364][750]LogAudioMixer: Display: Creating Master Submix 'MasterEQSubmixDefault'
[2024.05.18-17.53.44:364][750]LogAudioMixer: FMixerPlatformXAudio2::StartAudioStream() called
[2024.05.18-17.53.44:364][750]LogAudioMixer: Display: Output buffers initialized: Frames=1024, Channels=2, Samples=2048
[2024.05.18-17.53.44:365][750]LogAudioMixer: Display: Starting AudioMixerPlatformInterface::RunInternal()
[2024.05.18-17.53.44:365][750]LogAudioMixer: Display: FMixerPlatformXAudio2::SubmitBuffer() called for the first time
[2024.05.18-17.53.44:365][750]LogInit: FAudioDevice initialized.
[2024.05.18-17.53.44:365][750]LogAudio: Display: Audio Device (ID: 16) registered with world 'Nivel-1'.
[2024.05.18-17.53.44:372][750]LogLoad: Game class is 'SideScrollerGameMode_C'
[2024.05.18-17.53.44:380][750]LogWorld: Bringing World /Game/Niveles/UEDPIE_0_Nivel-1.Nivel-1 up for play (max tick rate 60) at 2024.05.18-11.53.44
[2024.05.18-17.53.44:382][750]LogWorld: Bringing up level for play took: 0.008934
[2024.05.18-17.53.44:382][750]LogOnline: OSS: Creating online subsystem instance for: :Context_44
[2024.05.18-17.53.44:386][750]PIE: Server logged in
[2024.05.18-17.53.44:387][750]PIE: Play in editor total start time 0.126 seconds.
[2024.05.18-17.53.51:403][168]LogSlate: Updating window title bar state: overlay mode, drag disabled, window buttons hidden, title bar hidden
[2024.05.18-17.53.51:403][168]LogWorld: BeginTearingDown for /Game/Niveles/UEDPIE_0_Nivel-1
[2024.05.18-17.53.51:404][168]LogWorld: UWorld::CleanupWorld for Nivel-1, bSessionEnded=true, bCleanupResources=true
[2024.05.18-17.53.51:408][168]LogSlate: InvalidateAllWidgets triggered.  All widgets were invalidated
[2024.05.18-17.53.51:417][168]LogPlayLevel: Display: Shutting down PIE online subsystems
[2024.05.18-17.53.51:433][168]LogSlate: InvalidateAllWidgets triggered.  All widgets were invalidated
[2024.05.18-17.53.51:470][168]LogSlate: Updating window title bar state: overlay mode, drag disabled, window buttons hidden, title bar hidden
[2024.05.18-17.53.51:471][168]LogAudioMixer: FMixerPlatformXAudio2::StopAudioStream() called
[2024.05.18-17.53.51:472][168]LogAudioMixer: FMixerPlatformXAudio2::StopAudioStream() called
[2024.05.18-17.53.51:485][168]LogUObjectHash: Compacting FUObjectHashTables data took   2.90ms
[2024.05.18-17.53.51:517][169]LogPlayLevel: Display: Destroying online subsystem :Context_44
[2024.05.18-17.54.50:681][ 69]LogUObjectHash: Compacting FUObjectHashTables data took   4.84ms
[2024.05.18-17.54.51:637][ 69]LogSlate: Window 'Save Content' being destroyed
[2024.05.18-17.54.51:737][ 69]LogSavePackage: Moving '../../../../../../Users/alber/OneDrive/Documentos/Unreal Projects/MarioAnahuacOrdinario/MarioAnahuacOrdinario/Saved/BanderaD2A0B25144DEC030587A25B7AC6B338B.tmp' to '../../../../../../Users/alber/OneDrive/Documentos/Unreal Projects/MarioAnahuacOrdinario/MarioAnahuacOrdinario/Content/Blueprint/Bandera.uasset'
[2024.05.18-17.54.51:785][ 69]LogUObjectHash: Compacting FUObjectHashTables data took   4.44ms
[2024.05.18-17.54.51:955][ 69]LogSavePackage: Moving '../../../../../../Users/alber/OneDrive/Documentos/Unreal Projects/MarioAnahuacOrdinario/MarioAnahuacOrdinario/Saved/Nivel-1D1FB69C04A842C91C26E4B969D20C65E.tmp' to '../../../../../../Users/alber/OneDrive/Documentos/Unreal Projects/MarioAnahuacOrdinario/MarioAnahuacOrdinario/Content/Niveles/Nivel-1.umap'
[2024.05.18-17.54.51:962][ 69]LogFileHelpers: Saving map 'Nivel-1' took 0.223
[2024.05.18-17.54.52:023][ 69]LogAssetEditorSubsystem: Opening Asset editor for World /Game/Niveles/Nivel-2_2.Nivel-2_2
[2024.05.18-17.54.52:023][ 69]Cmd: MAP LOAD FILE="../../../../../../Users/alber/OneDrive/Documentos/Unreal Projects/MarioAnahuacOrdinario/MarioAnahuacOrdinario/Content/Niveles/Nivel-2_2.umap" TEMPLATE=0 SHOWPROGRESS=1 FEATURELEVEL=3
[2024.05.18-17.54.52:023][ 69]LightingResults: New page: Lighting Build
[2024.05.18-17.54.52:024][ 69]LoadErrors: New page: Loading map: Nivel-2_2.umap
[2024.05.18-17.54.52:030][ 69]LogWorld: UWorld::CleanupWorld for Nivel-1, bSessionEnded=true, bCleanupResources=true
[2024.05.18-17.54.52:030][ 69]LogSlate: InvalidateAllWidgets triggered.  All widgets were invalidated
[2024.05.18-17.54.52:031][ 69]MapCheck: New page: Map Check
[2024.05.18-17.54.52:031][ 69]LightingResults: New page: Lighting Build
[2024.05.18-17.54.52:071][ 69]LogAudio: Display: Audio Device unregistered from world 'None'.
[2024.05.18-17.54.52:081][ 69]LogUObjectHash: Compacting FUObjectHashTables data took   4.05ms
[2024.05.18-17.54.52:082][ 69]LogAudio: Display: Audio Device (ID: 1) registered with world 'Nivel-2_2'.
[2024.05.18-17.54.52:087][ 69]LogEditorServer: Finished looking for orphan Actors (0.000 secs)
[2024.05.18-17.54.52:087][ 69]LogAIModule: Creating AISystem for world Nivel-2_2
[2024.05.18-17.54.52:126][ 69]LogUObjectHash: Compacting FUObjectHashTables data took   3.41ms
[2024.05.18-17.54.52:130][ 69]Cmd: MAP CHECKDEP NOCLEARLOG
[2024.05.18-17.54.52:130][ 69]MapCheck: Map check complete: 0 Error(s), 0 Warning(s), took 0.293ms to complete.
[2024.05.18-17.54.52:131][ 69]LogFileHelpers: Loading map 'Nivel-2_2' took 0.107
[2024.05.18-17.54.52:160][ 69]AssetCheck: New page: Asset Save: multiple assets
[2024.05.18-17.54.52:160][ 69]LogContentValidation: Display: Validating Blueprint /Game/Blueprint/Bandera.Bandera
[2024.05.18-17.54.52:160][ 69]LogContentValidation: Display: Validating World /Game/Niveles/Nivel-1.Nivel-1
[2024.05.18-17.54.53:328][132]LogTemp: Repeating last play command: Selected Viewport
[2024.05.18-17.54.53:334][132]LogPlayLevel: PlayLevel: No blueprints needed recompiling
[2024.05.18-17.54.53:334][132]PIE: New page: PIE session: Nivel-2_2 (18 may. 2024 6:54:53)
[2024.05.18-17.54.53:355][132]LogPlayLevel: Creating play world package: /Game/Niveles/UEDPIE_0_Nivel-2_2
[2024.05.18-17.54.53:360][132]LogPlayLevel: PIE: StaticDuplicateObject took: (0.005138s)
[2024.05.18-17.54.53:361][132]LogAIModule: Creating AISystem for world Nivel-2_2
[2024.05.18-17.54.53:361][132]LogPlayLevel: PIE: World Init took: (0.001004s)
[2024.05.18-17.54.53:361][132]LogPlayLevel: PIE: Created PIE world by copying editor world from /Game/Niveles/Nivel-2_2.Nivel-2_2 to /Game/Niveles/UEDPIE_0_Nivel-2_2.Nivel-2_2 (0.006301s)
[2024.05.18-17.54.53:405][132]LogUObjectHash: Compacting FUObjectHashTables data took   4.39ms
[2024.05.18-17.54.53:406][132]LogAudio: Display: Creating Audio Device:                 Id: 17, Scope: Unique, Realtime: True
[2024.05.18-17.54.53:406][132]LogAudioMixer: Display: Audio Mixer Platform Settings:
[2024.05.18-17.54.53:406][132]LogAudioMixer: Display: 	Sample Rate:						  48000
[2024.05.18-17.54.53:406][132]LogAudioMixer: Display: 	Callback Buffer Frame Size Requested: 1024
[2024.05.18-17.54.53:406][132]LogAudioMixer: Display: 	Callback Buffer Frame Size To Use:	  1024
[2024.05.18-17.54.53:406][132]LogAudioMixer: Display: 	Number of buffers to queue:			  2
[2024.05.18-17.54.53:406][132]LogAudioMixer: Display: 	Max Channels (voices):				  32
[2024.05.18-17.54.53:406][132]LogAudioMixer: Display: 	Number of Async Source Workers:		  0
[2024.05.18-17.54.53:406][132]LogAudio: Display: AudioDevice MaxSources: 32
[2024.05.18-17.54.53:406][132]LogAudio: Display: Audio Spatialization Plugin: None (built-in).
[2024.05.18-17.54.53:406][132]LogAudio: Display: Audio Reverb Plugin: None (built-in).
[2024.05.18-17.54.53:406][132]LogAudio: Display: Audio Occlusion Plugin: None (built-in).
[2024.05.18-17.54.53:406][132]LogAudioMixer: Display: Initializing audio mixer.
[2024.05.18-17.54.53:409][132]LogAudioMixer: Display: 0: FrontLeft
[2024.05.18-17.54.53:409][132]LogAudioMixer: Display: 1: FrontRight
[2024.05.18-17.54.53:459][132]LogAudioMixer: Display: Using Audio Device Altavoces (Realtek(R) Audio)
[2024.05.18-17.54.53:459][132]LogAudioMixer: Display: Initializing Sound Submixes...
[2024.05.18-17.54.53:459][132]LogAudioMixer: Display: Creating Master Submix 'MasterSubmixDefault'
[2024.05.18-17.54.53:460][132]LogAudioMixer: Display: Creating Master Submix 'MasterReverbSubmixDefault'
[2024.05.18-17.54.53:460][132]LogAudioMixer: Display: Creating Master Submix 'MasterEQSubmixDefault'
[2024.05.18-17.54.53:460][132]LogAudioMixer: FMixerPlatformXAudio2::StartAudioStream() called
[2024.05.18-17.54.53:460][132]LogAudioMixer: Display: Output buffers initialized: Frames=1024, Channels=2, Samples=2048
[2024.05.18-17.54.53:461][132]LogAudioMixer: Display: Starting AudioMixerPlatformInterface::RunInternal()
[2024.05.18-17.54.53:462][132]LogAudioMixer: Display: FMixerPlatformXAudio2::SubmitBuffer() called for the first time
[2024.05.18-17.54.53:462][132]LogInit: FAudioDevice initialized.
[2024.05.18-17.54.53:462][132]LogAudio: Display: Audio Device (ID: 17) registered with world 'Nivel-2_2'.
[2024.05.18-17.54.53:473][132]LogLoad: Game class is 'SideScrollerGameMode_C'
[2024.05.18-17.54.53:476][132]LogWorld: Bringing World /Game/Niveles/UEDPIE_0_Nivel-2_2.Nivel-2_2 up for play (max tick rate 60) at 2024.05.18-11.54.53
[2024.05.18-17.54.53:476][132]LogWorld: Bringing up level for play took: 0.002306
[2024.05.18-17.54.53:476][132]LogOnline: OSS: Creating online subsystem instance for: :Context_45
[2024.05.18-17.54.53:481][132]PIE: Server logged in
[2024.05.18-17.54.53:482][132]PIE: Play in editor total start time 0.149 seconds.
[2024.05.18-17.54.59:517][489]LogSlate: Updating window title bar state: overlay mode, drag disabled, window buttons hidden, title bar hidden
[2024.05.18-17.54.59:517][489]LogWorld: BeginTearingDown for /Game/Niveles/UEDPIE_0_Nivel-2_2
[2024.05.18-17.54.59:517][489]LogWorld: UWorld::CleanupWorld for Nivel-2_2, bSessionEnded=true, bCleanupResources=true
[2024.05.18-17.54.59:518][489]LogSlate: InvalidateAllWidgets triggered.  All widgets were invalidated
[2024.05.18-17.54.59:530][489]LogPlayLevel: Display: Shutting down PIE online subsystems
[2024.05.18-17.54.59:536][489]LogSlate: InvalidateAllWidgets triggered.  All widgets were invalidated
[2024.05.18-17.54.59:569][489]LogAudio: Display: Audio Device unregistered from world 'None'.
[2024.05.18-17.54.59:569][489]LogAudioMixer: FMixerPlatformXAudio2::StopAudioStream() called
[2024.05.18-17.54.59:571][489]LogAudioMixer: FMixerPlatformXAudio2::StopAudioStream() called
[2024.05.18-17.54.59:576][489]LogSlate: Updating window title bar state: overlay mode, drag disabled, window buttons hidden, title bar hidden
[2024.05.18-17.54.59:580][489]LogUObjectHash: Compacting FUObjectHashTables data took   2.97ms
[2024.05.18-17.54.59:602][490]LogPlayLevel: Display: Destroying online subsystem :Context_45
[2024.05.18-17.55.14:088][330]LogTemp: Repeating last play command: Selected Viewport
[2024.05.18-17.55.14:097][330]LogPlayLevel: PlayLevel: No blueprints needed recompiling
[2024.05.18-17.55.14:097][330]PIE: New page: PIE session: Nivel-2_2 (18 may. 2024 6:55:14)
[2024.05.18-17.55.14:097][330]LogPlayLevel: Creating play world package: /Game/Niveles/UEDPIE_0_Nivel-2_2
[2024.05.18-17.55.14:105][330]LogPlayLevel: PIE: StaticDuplicateObject took: (0.007866s)
[2024.05.18-17.55.14:107][330]LogAIModule: Creating AISystem for world Nivel-2_2
[2024.05.18-17.55.14:107][330]LogPlayLevel: PIE: World Init took: (0.001525s)
[2024.05.18-17.55.14:107][330]LogPlayLevel: PIE: Created PIE world by copying editor world from /Game/Niveles/Nivel-2_2.Nivel-2_2 to /Game/Niveles/UEDPIE_0_Nivel-2_2.Nivel-2_2 (0.009553s)
[2024.05.18-17.55.14:153][330]LogUObjectHash: Compacting FUObjectHashTables data took   4.28ms
[2024.05.18-17.55.14:153][330]LogAudio: Display: Creating Audio Device:                 Id: 18, Scope: Unique, Realtime: True
[2024.05.18-17.55.14:155][330]LogAudioMixer: Display: Audio Mixer Platform Settings:
[2024.05.18-17.55.14:155][330]LogAudioMixer: Display: 	Sample Rate:						  48000
[2024.05.18-17.55.14:155][330]LogAudioMixer: Display: 	Callback Buffer Frame Size Requested: 1024
[2024.05.18-17.55.14:155][330]LogAudioMixer: Display: 	Callback Buffer Frame Size To Use:	  1024
[2024.05.18-17.55.14:155][330]LogAudioMixer: Display: 	Number of buffers to queue:			  2
[2024.05.18-17.55.14:155][330]LogAudioMixer: Display: 	Max Channels (voices):				  32
[2024.05.18-17.55.14:155][330]LogAudioMixer: Display: 	Number of Async Source Workers:		  0
[2024.05.18-17.55.14:155][330]LogAudio: Display: AudioDevice MaxSources: 32
[2024.05.18-17.55.14:155][330]LogAudio: Display: Audio Spatialization Plugin: None (built-in).
[2024.05.18-17.55.14:155][330]LogAudio: Display: Audio Reverb Plugin: None (built-in).
[2024.05.18-17.55.14:155][330]LogAudio: Display: Audio Occlusion Plugin: None (built-in).
[2024.05.18-17.55.14:155][330]LogAudioMixer: Display: Initializing audio mixer.
[2024.05.18-17.55.14:158][330]LogAudioMixer: Display: 0: FrontLeft
[2024.05.18-17.55.14:158][330]LogAudioMixer: Display: 1: FrontRight
[2024.05.18-17.55.14:211][330]LogAudioMixer: Display: Using Audio Device Altavoces (Realtek(R) Audio)
[2024.05.18-17.55.14:213][330]LogAudioMixer: Display: Initializing Sound Submixes...
[2024.05.18-17.55.14:213][330]LogAudioMixer: Display: Creating Master Submix 'MasterSubmixDefault'
[2024.05.18-17.55.14:213][330]LogAudioMixer: Display: Creating Master Submix 'MasterReverbSubmixDefault'
[2024.05.18-17.55.14:213][330]LogAudioMixer: Display: Creating Master Submix 'MasterEQSubmixDefault'
[2024.05.18-17.55.14:213][330]LogAudioMixer: FMixerPlatformXAudio2::StartAudioStream() called
[2024.05.18-17.55.14:213][330]LogAudioMixer: Display: Output buffers initialized: Frames=1024, Channels=2, Samples=2048
[2024.05.18-17.55.14:215][330]LogAudioMixer: Display: Starting AudioMixerPlatformInterface::RunInternal()
[2024.05.18-17.55.14:215][330]LogAudioMixer: Display: FMixerPlatformXAudio2::SubmitBuffer() called for the first time
[2024.05.18-17.55.14:215][330]LogInit: FAudioDevice initialized.
[2024.05.18-17.55.14:215][330]LogAudio: Display: Audio Device (ID: 18) registered with world 'Nivel-2_2'.
[2024.05.18-17.55.14:241][330]LogSlate: Updating window title bar state: overlay mode, drag disabled, window buttons hidden, title bar hidden
[2024.05.18-17.55.14:241][330]LogLoad: Game class is 'SideScrollerGameMode_C'
[2024.05.18-17.55.14:245][330]LogWorld: Bringing World /Game/Niveles/UEDPIE_0_Nivel-2_2.Nivel-2_2 up for play (max tick rate 60) at 2024.05.18-11.55.14
[2024.05.18-17.55.14:245][330]LogWorld: Bringing up level for play took: 0.003252
[2024.05.18-17.55.14:245][330]LogOnline: OSS: Creating online subsystem instance for: :Context_46
[2024.05.18-17.55.14:254][330]PIE: Server logged in
[2024.05.18-17.55.14:256][330]PIE: Play in editor total start time 0.161 seconds.
[2024.05.18-17.55.14:298][331]LogRenderer: Reallocating scene render targets to support 1204x860 Format 10 NumSamples 1 (Frame:1).
[2024.05.18-17.55.25:928][976]LogSlate: Updating window title bar state: overlay mode, drag disabled, window buttons hidden, title bar hidden
[2024.05.18-17.55.25:928][976]LogWorld: BeginTearingDown for /Game/Niveles/UEDPIE_0_Nivel-2_2
[2024.05.18-17.55.25:928][976]LogSlate: Window 'MarioAnahuac Preview [NetMode: Standalone]  (64-bit/Windows) ' being destroyed
[2024.05.18-17.55.25:932][976]LogWorld: UWorld::CleanupWorld for Nivel-2_2, bSessionEnded=true, bCleanupResources=true
[2024.05.18-17.55.25:932][976]LogSlate: InvalidateAllWidgets triggered.  All widgets were invalidated
[2024.05.18-17.55.25:952][976]LogPlayLevel: Display: Shutting down PIE online subsystems
[2024.05.18-17.55.25:959][976]LogSlate: InvalidateAllWidgets triggered.  All widgets were invalidated
[2024.05.18-17.55.26:003][976]LogAudioMixer: FMixerPlatformXAudio2::StopAudioStream() called
[2024.05.18-17.55.26:006][976]LogAudioMixer: FMixerPlatformXAudio2::StopAudioStream() called
[2024.05.18-17.55.26:018][976]LogUObjectHash: Compacting FUObjectHashTables data took   4.88ms
[2024.05.18-17.55.26:039][977]LogPlayLevel: Display: Destroying online subsystem :Context_46
[2024.05.18-17.55.56:014][998]LogBlueprint: Warning: [AssetLog] C:\Users\alber\OneDrive\Documentos\Unreal Projects\MarioAnahuacOrdinario\MarioAnahuacOrdinario\Content\Blueprint\Bandera.uasset: [Compiler] Pasted node  CustomEvent   conflicted with  Event Tick  and was replaced as a Custom Event!
[2024.05.18-17.55.56:015][998]LogBlueprint: Warning: [AssetLog] C:\Users\alber\OneDrive\Documentos\Unreal Projects\MarioAnahuacOrdinario\MarioAnahuacOrdinario\Content\Blueprint\Bandera.uasset: [Compiler] Pasted node  CustomEvent_1   conflicted with  On Component Begin Overlap (Zona de Poste)  and was replaced as a Custom Event!
[2024.05.18-17.55.56:017][998]LogBlueprint: Warning: [AssetLog] C:\Users\alber\OneDrive\Documentos\Unreal Projects\MarioAnahuacOrdinario\MarioAnahuacOrdinario\Content\Blueprint\Bandera.uasset: [Compiler] Pasted node  CustomEvent_2   conflicted with  On Component Begin Overlap (Zona de Arriba)  and was replaced as a Custom Event!
[2024.05.18-17.56.11:581][798]BlueprintLog: New page: Compile Bandera
[2024.05.18-17.56.11:663][798]LogUObjectHash: Compacting FUObjectHashTables data took   7.05ms
[2024.05.18-17.56.11:765][798]LogSlate: Took 0.000704 seconds to synchronously load lazily loaded font '../../../Engine/Content/Slate/Fonts/DroidSansMono.ttf' (77K)
[2024.05.18-17.56.16:507][ 82]LogTemp: Repeating last play command: Selected Viewport
[2024.05.18-17.56.16:518][ 82]LogPlayLevel: PlayLevel: No blueprints needed recompiling
[2024.05.18-17.56.16:518][ 82]PIE: New page: PIE session: Nivel-2_2 (18 may. 2024 6:56:16)
[2024.05.18-17.56.16:518][ 82]LogPlayLevel: Creating play world package: /Game/Niveles/UEDPIE_0_Nivel-2_2
[2024.05.18-17.56.16:525][ 82]LogPlayLevel: PIE: StaticDuplicateObject took: (0.007607s)
[2024.05.18-17.56.16:527][ 82]LogAIModule: Creating AISystem for world Nivel-2_2
[2024.05.18-17.56.16:527][ 82]LogPlayLevel: PIE: World Init took: (0.001480s)
[2024.05.18-17.56.16:527][ 82]LogPlayLevel: PIE: Created PIE world by copying editor world from /Game/Niveles/Nivel-2_2.Nivel-2_2 to /Game/Niveles/UEDPIE_0_Nivel-2_2.Nivel-2_2 (0.009252s)
[2024.05.18-17.56.16:573][ 82]LogUObjectHash: Compacting FUObjectHashTables data took   6.50ms
[2024.05.18-17.56.16:574][ 82]LogAudio: Display: Creating Audio Device:                 Id: 19, Scope: Unique, Realtime: True
[2024.05.18-17.56.16:574][ 82]LogAudioMixer: Display: Audio Mixer Platform Settings:
[2024.05.18-17.56.16:574][ 82]LogAudioMixer: Display: 	Sample Rate:						  48000
[2024.05.18-17.56.16:574][ 82]LogAudioMixer: Display: 	Callback Buffer Frame Size Requested: 1024
[2024.05.18-17.56.16:574][ 82]LogAudioMixer: Display: 	Callback Buffer Frame Size To Use:	  1024
[2024.05.18-17.56.16:574][ 82]LogAudioMixer: Display: 	Number of buffers to queue:			  2
[2024.05.18-17.56.16:574][ 82]LogAudioMixer: Display: 	Max Channels (voices):				  32
[2024.05.18-17.56.16:574][ 82]LogAudioMixer: Display: 	Number of Async Source Workers:		  0
[2024.05.18-17.56.16:574][ 82]LogAudio: Display: AudioDevice MaxSources: 32
[2024.05.18-17.56.16:574][ 82]LogAudio: Display: Audio Spatialization Plugin: None (built-in).
[2024.05.18-17.56.16:574][ 82]LogAudio: Display: Audio Reverb Plugin: None (built-in).
[2024.05.18-17.56.16:574][ 82]LogAudio: Display: Audio Occlusion Plugin: None (built-in).
[2024.05.18-17.56.16:574][ 82]LogAudioMixer: Display: Initializing audio mixer.
[2024.05.18-17.56.16:578][ 82]LogAudioMixer: Display: 0: FrontLeft
[2024.05.18-17.56.16:578][ 82]LogAudioMixer: Display: 1: FrontRight
[2024.05.18-17.56.16:635][ 82]LogAudioMixer: Display: Using Audio Device Altavoces (Realtek(R) Audio)
[2024.05.18-17.56.16:636][ 82]LogAudioMixer: Display: Initializing Sound Submixes...
[2024.05.18-17.56.16:636][ 82]LogAudioMixer: Display: Creating Master Submix 'MasterSubmixDefault'
[2024.05.18-17.56.16:636][ 82]LogAudioMixer: Display: Creating Master Submix 'MasterReverbSubmixDefault'
[2024.05.18-17.56.16:636][ 82]LogAudioMixer: Display: Creating Master Submix 'MasterEQSubmixDefault'
[2024.05.18-17.56.16:636][ 82]LogAudioMixer: FMixerPlatformXAudio2::StartAudioStream() called
[2024.05.18-17.56.16:636][ 82]LogAudioMixer: Display: Output buffers initialized: Frames=1024, Channels=2, Samples=2048
[2024.05.18-17.56.16:638][ 82]LogAudioMixer: Display: Starting AudioMixerPlatformInterface::RunInternal()
[2024.05.18-17.56.16:638][ 82]LogAudioMixer: Display: FMixerPlatformXAudio2::SubmitBuffer() called for the first time
[2024.05.18-17.56.16:639][ 82]LogInit: FAudioDevice initialized.
[2024.05.18-17.56.16:639][ 82]LogAudio: Display: Audio Device (ID: 19) registered with world 'Nivel-2_2'.
[2024.05.18-17.56.16:673][ 82]LogSlate: Updating window title bar state: overlay mode, drag disabled, window buttons hidden, title bar hidden
[2024.05.18-17.56.16:675][ 82]LogLoad: Game class is 'SideScrollerGameMode_C'
[2024.05.18-17.56.16:678][ 82]LogWorld: Bringing World /Game/Niveles/UEDPIE_0_Nivel-2_2.Nivel-2_2 up for play (max tick rate 60) at 2024.05.18-11.56.16
[2024.05.18-17.56.16:678][ 82]LogWorld: Bringing up level for play took: 0.003397
[2024.05.18-17.56.16:679][ 82]LogOnline: OSS: Creating online subsystem instance for: :Context_47
[2024.05.18-17.56.16:693][ 82]PIE: Server logged in
[2024.05.18-17.56.16:696][ 82]PIE: Play in editor total start time 0.18 seconds.
[2024.05.18-17.56.16:729][ 83]LogRenderer: Reallocating scene render targets to support 1204x864 Format 10 NumSamples 1 (Frame:1).
[2024.05.18-17.56.18:061][158]LogSlate: Updating window title bar state: overlay mode, drag disabled, window buttons hidden, title bar hidden
[2024.05.18-17.56.18:061][158]LogWorld: BeginTearingDown for /Game/Niveles/UEDPIE_0_Nivel-2_2
[2024.05.18-17.56.18:061][158]LogSlate: Window 'MarioAnahuac Preview [NetMode: Standalone]  (64-bit/Windows) ' being destroyed
[2024.05.18-17.56.18:069][158]LogWorld: UWorld::CleanupWorld for Nivel-2_2, bSessionEnded=true, bCleanupResources=true
[2024.05.18-17.56.18:070][158]LogSlate: InvalidateAllWidgets triggered.  All widgets were invalidated
[2024.05.18-17.56.18:085][158]LogPlayLevel: Display: Shutting down PIE online subsystems
[2024.05.18-17.56.18:097][158]LogSlate: InvalidateAllWidgets triggered.  All widgets were invalidated
[2024.05.18-17.56.18:138][158]LogAudio: Display: Audio Device unregistered from world 'None'.
[2024.05.18-17.56.18:139][158]LogAudioMixer: FMixerPlatformXAudio2::StopAudioStream() called
[2024.05.18-17.56.18:140][158]LogAudioMixer: FMixerPlatformXAudio2::StopAudioStream() called
[2024.05.18-17.56.18:154][158]LogUObjectHash: Compacting FUObjectHashTables data took   4.93ms
[2024.05.18-17.56.18:174][159]LogPlayLevel: Display: Destroying online subsystem :Context_47
[2024.05.18-17.56.21:827][372]LogUObjectHash: Compacting FUObjectHashTables data took   4.72ms
[2024.05.18-17.56.22:911][372]LogSlate: Window 'Save Content' being destroyed
[2024.05.18-17.56.23:005][372]LogSavePackage: Moving '../../../../../../Users/alber/OneDrive/Documentos/Unreal Projects/MarioAnahuacOrdinario/MarioAnahuacOrdinario/Saved/Bandera04EC74014A527E9F7533E79409C7F642.tmp' to '../../../../../../Users/alber/OneDrive/Documentos/Unreal Projects/MarioAnahuacOrdinario/MarioAnahuacOrdinario/Content/Blueprint/Bandera.uasset'
[2024.05.18-17.56.23:160][372]LogUObjectHash: Compacting FUObjectHashTables data took   4.65ms
[2024.05.18-17.56.23:376][372]LogSavePackage: Moving '../../../../../../Users/alber/OneDrive/Documentos/Unreal Projects/MarioAnahuacOrdinario/MarioAnahuacOrdinario/Saved/Nivel-11755D7BA4B4CE648CCDD9E92C1025012.tmp' to '../../../../../../Users/alber/OneDrive/Documentos/Unreal Projects/MarioAnahuacOrdinario/MarioAnahuacOrdinario/Content/Niveles/Nivel-1.umap'
[2024.05.18-17.56.23:456][372]LogFileHelpers: Saving map 'Nivel-1' took 0.449
[2024.05.18-17.56.23:598][372]LogAssetEditorSubsystem: Opening Asset editor for World /Game/Niveles/Nivel-1.Nivel-1
[2024.05.18-17.56.23:598][372]Cmd: MAP LOAD FILE="../../../../../../Users/alber/OneDrive/Documentos/Unreal Projects/MarioAnahuacOrdinario/MarioAnahuacOrdinario/Content/Niveles/Nivel-1.umap" TEMPLATE=0 SHOWPROGRESS=1 FEATURELEVEL=3
[2024.05.18-17.56.23:598][372]LightingResults: New page: Lighting Build
[2024.05.18-17.56.23:599][372]LoadErrors: New page: Loading map: Nivel-1.umap
[2024.05.18-17.56.23:641][372]LogWorld: UWorld::CleanupWorld for Nivel-2_2, bSessionEnded=true, bCleanupResources=true
[2024.05.18-17.56.23:641][372]LogSlate: InvalidateAllWidgets triggered.  All widgets were invalidated
[2024.05.18-17.56.23:641][372]MapCheck: New page: Map Check
[2024.05.18-17.56.23:641][372]LightingResults: New page: Lighting Build
[2024.05.18-17.56.23:681][372]LogAudio: Display: Audio Device unregistered from world 'None'.
[2024.05.18-17.56.23:689][372]LogUObjectHash: Compacting FUObjectHashTables data took   6.30ms
[2024.05.18-17.56.23:690][372]LogAudio: Display: Audio Device (ID: 1) registered with world 'Nivel-1'.
[2024.05.18-17.56.23:764][372]LogEditorServer: Finished looking for orphan Actors (0.000 secs)
[2024.05.18-17.56.23:765][372]LogAIModule: Creating AISystem for world Nivel-1
[2024.05.18-17.56.23:809][372]LogUObjectHash: Compacting FUObjectHashTables data took   3.62ms
[2024.05.18-17.56.23:814][372]Cmd: MAP CHECKDEP NOCLEARLOG
[2024.05.18-17.56.23:815][372]MapCheck: Map check complete: 0 Error(s), 0 Warning(s), took 0.374ms to complete.
[2024.05.18-17.56.23:815][372]LogFileHelpers: Loading map 'Nivel-1' took 0.217
[2024.05.18-17.56.23:848][372]AssetCheck: New page: Asset Save: multiple assets
[2024.05.18-17.56.23:848][372]LogContentValidation: Display: Validating Blueprint /Game/Blueprint/Bandera.Bandera
[2024.05.18-17.56.23:848][372]LogContentValidation: Display: Validating World /Game/Niveles/Nivel-1.Nivel-1
[2024.05.18-17.56.24:335][400]LogTemp: Repeating last play command: Selected Viewport
[2024.05.18-17.56.24:340][400]LogPlayLevel: PlayLevel: No blueprints needed recompiling
[2024.05.18-17.56.24:340][400]PIE: New page: PIE session: Nivel-1 (18 may. 2024 6:56:24)
[2024.05.18-17.56.24:369][400]LogPlayLevel: Creating play world package: /Game/Niveles/UEDPIE_0_Nivel-1
[2024.05.18-17.56.24:392][400]LogPlayLevel: PIE: StaticDuplicateObject took: (0.022593s)
[2024.05.18-17.56.24:393][400]LogAIModule: Creating AISystem for world Nivel-1
[2024.05.18-17.56.24:393][400]LogPlayLevel: PIE: World Init took: (0.000921s)
[2024.05.18-17.56.24:393][400]LogPlayLevel: PIE: Created PIE world by copying editor world from /Game/Niveles/Nivel-1.Nivel-1 to /Game/Niveles/UEDPIE_0_Nivel-1.Nivel-1 (0.023721s)
[2024.05.18-17.56.24:429][400]LogUObjectHash: Compacting FUObjectHashTables data took   3.71ms
[2024.05.18-17.56.24:430][400]LogAudio: Display: Creating Audio Device:                 Id: 20, Scope: Unique, Realtime: True
[2024.05.18-17.56.24:430][400]LogAudioMixer: Display: Audio Mixer Platform Settings:
[2024.05.18-17.56.24:430][400]LogAudioMixer: Display: 	Sample Rate:						  48000
[2024.05.18-17.56.24:430][400]LogAudioMixer: Display: 	Callback Buffer Frame Size Requested: 1024
[2024.05.18-17.56.24:430][400]LogAudioMixer: Display: 	Callback Buffer Frame Size To Use:	  1024
[2024.05.18-17.56.24:430][400]LogAudioMixer: Display: 	Number of buffers to queue:			  2
[2024.05.18-17.56.24:430][400]LogAudioMixer: Display: 	Max Channels (voices):				  32
[2024.05.18-17.56.24:430][400]LogAudioMixer: Display: 	Number of Async Source Workers:		  0
[2024.05.18-17.56.24:430][400]LogAudio: Display: AudioDevice MaxSources: 32
[2024.05.18-17.56.24:431][400]LogAudio: Display: Audio Spatialization Plugin: None (built-in).
[2024.05.18-17.56.24:431][400]LogAudio: Display: Audio Reverb Plugin: None (built-in).
[2024.05.18-17.56.24:431][400]LogAudio: Display: Audio Occlusion Plugin: None (built-in).
[2024.05.18-17.56.24:431][400]LogAudioMixer: Display: Initializing audio mixer.
[2024.05.18-17.56.24:434][400]LogAudioMixer: Display: 0: FrontLeft
[2024.05.18-17.56.24:434][400]LogAudioMixer: Display: 1: FrontRight
[2024.05.18-17.56.24:475][400]LogAudioMixer: Display: Using Audio Device Altavoces (Realtek(R) Audio)
[2024.05.18-17.56.24:475][400]LogAudioMixer: Display: Initializing Sound Submixes...
[2024.05.18-17.56.24:475][400]LogAudioMixer: Display: Creating Master Submix 'MasterSubmixDefault'
[2024.05.18-17.56.24:475][400]LogAudioMixer: Display: Creating Master Submix 'MasterReverbSubmixDefault'
[2024.05.18-17.56.24:475][400]LogAudioMixer: Display: Creating Master Submix 'MasterEQSubmixDefault'
[2024.05.18-17.56.24:475][400]LogAudioMixer: FMixerPlatformXAudio2::StartAudioStream() called
[2024.05.18-17.56.24:475][400]LogAudioMixer: Display: Output buffers initialized: Frames=1024, Channels=2, Samples=2048
[2024.05.18-17.56.24:477][400]LogAudioMixer: Display: Starting AudioMixerPlatformInterface::RunInternal()
[2024.05.18-17.56.24:477][400]LogAudioMixer: Display: FMixerPlatformXAudio2::SubmitBuffer() called for the first time
[2024.05.18-17.56.24:477][400]LogInit: FAudioDevice initialized.
[2024.05.18-17.56.24:477][400]LogAudio: Display: Audio Device (ID: 20) registered with world 'Nivel-1'.
[2024.05.18-17.56.24:488][400]LogLoad: Game class is 'SideScrollerGameMode_C'
[2024.05.18-17.56.24:499][400]LogWorld: Bringing World /Game/Niveles/UEDPIE_0_Nivel-1.Nivel-1 up for play (max tick rate 60) at 2024.05.18-11.56.24
[2024.05.18-17.56.24:501][400]LogWorld: Bringing up level for play took: 0.012317
[2024.05.18-17.56.24:501][400]LogOnline: OSS: Creating online subsystem instance for: :Context_48
[2024.05.18-17.56.24:506][400]PIE: Server logged in
[2024.05.18-17.56.24:507][400]PIE: Play in editor total start time 0.168 seconds.
[2024.05.18-17.56.33:012][908]LogSlate: Updating window title bar state: overlay mode, drag disabled, window buttons hidden, title bar hidden
[2024.05.18-17.56.33:012][908]LogWorld: BeginTearingDown for /Game/Niveles/UEDPIE_0_Nivel-1
[2024.05.18-17.56.33:013][908]LogWorld: UWorld::CleanupWorld for Nivel-1, bSessionEnded=true, bCleanupResources=true
[2024.05.18-17.56.33:017][908]LogSlate: InvalidateAllWidgets triggered.  All widgets were invalidated
[2024.05.18-17.56.33:031][908]LogPlayLevel: Display: Shutting down PIE online subsystems
[2024.05.18-17.56.33:037][908]LogSlate: InvalidateAllWidgets triggered.  All widgets were invalidated
[2024.05.18-17.56.33:069][908]LogSlate: Updating window title bar state: overlay mode, drag disabled, window buttons hidden, title bar hidden
[2024.05.18-17.56.33:071][908]LogAudioMixer: FMixerPlatformXAudio2::StopAudioStream() called
[2024.05.18-17.56.33:072][908]LogAudioMixer: FMixerPlatformXAudio2::StopAudioStream() called
[2024.05.18-17.56.33:082][908]LogUObjectHash: Compacting FUObjectHashTables data took   2.65ms
[2024.05.18-17.56.33:107][909]LogPlayLevel: Display: Destroying online subsystem :Context_48
[2024.05.18-17.56.44:958][574]LogUObjectHash: Compacting FUObjectHashTables data took   4.49ms
[2024.05.18-17.56.44:975][574]LogWorld: UWorld::CleanupWorld for World_4, bSessionEnded=true, bCleanupResources=true
[2024.05.18-17.56.44:975][574]LogSlate: InvalidateAllWidgets triggered.  All widgets were invalidated
[2024.05.18-17.56.45:057][574]LogWorld: UWorld::CleanupWorld for World_24, bSessionEnded=true, bCleanupResources=true
[2024.05.18-17.56.45:057][574]LogSlate: InvalidateAllWidgets triggered.  All widgets were invalidated
[2024.05.18-17.56.45:069][574]LogWorld: UWorld::CleanupWorld for World_23, bSessionEnded=true, bCleanupResources=true
[2024.05.18-17.56.45:069][574]LogSlate: InvalidateAllWidgets triggered.  All widgets were invalidated
[2024.05.18-17.56.45:128][574]LogActorComponent: UnregisterComponent: (/Engine/Transient.EditorFloorComp) Not registered. Aborting.
[2024.05.18-17.56.45:128][574]LogWorld: UWorld::CleanupWorld for World_26, bSessionEnded=true, bCleanupResources=true
[2024.05.18-17.56.45:128][574]LogSlate: InvalidateAllWidgets triggered.  All widgets were invalidated
[2024.05.18-17.56.45:197][574]LogActorComponent: UnregisterComponent: (/Engine/Transient.EditorFloorComp) Not registered. Aborting.
[2024.05.18-17.56.45:197][574]LogWorld: UWorld::CleanupWorld for World_27, bSessionEnded=true, bCleanupResources=true
[2024.05.18-17.56.45:197][574]LogSlate: InvalidateAllWidgets triggered.  All widgets were invalidated
[2024.05.18-17.56.45:273][574]LogSlate: Window 'MarioAnahuac - Unreal Editor' being destroyed
[2024.05.18-17.56.45:410][575]Cmd: QUIT_EDITOR
[2024.05.18-17.56.45:410][575]LogCore: Engine exit requested (reason: UUnrealEdEngine::CloseEditor())
[2024.05.18-17.56.45:416][575]LogCore: Engine exit requested (reason: EngineExit() was called; note: exit was already requested)
[2024.05.18-17.56.46:095][575]LogAudio: Display: Beginning Audio Device Manager Shutdown (Module: AudioMixerXAudio2)...
[2024.05.18-17.56.46:095][575]LogAudio: Display: Destroying 1 Remaining Audio Device(s)...
[2024.05.18-17.56.46:095][575]LogAudio: Display: Audio Device unregistered from world 'Nivel-1'.
[2024.05.18-17.56.46:095][575]LogAudioMixer: FMixerPlatformXAudio2::StopAudioStream() called
[2024.05.18-17.56.46:096][575]LogAudioMixer: FMixerPlatformXAudio2::StopAudioStream() called
[2024.05.18-17.56.46:116][575]LogAudio: Display: Audio Device Manager Shutdown
[2024.05.18-17.56.46:117][575]LogWindowsTextInputMethodSystem: Display: IME system deactivated.
[2024.05.18-17.56.46:121][575]LogExit: Preparing to exit.
[2024.05.18-17.56.46:198][575]LogUObjectHash: Compacting FUObjectHashTables data took   3.32ms
[2024.05.18-17.56.47:377][575]LogWorld: UWorld::CleanupWorld for World_5, bSessionEnded=true, bCleanupResources=true
[2024.05.18-17.56.47:383][575]LogWorld: UWorld::CleanupWorld for World_6, bSessionEnded=true, bCleanupResources=true
[2024.05.18-17.56.47:387][575]LogWorld: UWorld::CleanupWorld for World_7, bSessionEnded=true, bCleanupResources=true
[2024.05.18-17.56.47:391][575]LogWorld: UWorld::CleanupWorld for World_8, bSessionEnded=true, bCleanupResources=true
[2024.05.18-17.56.47:397][575]LogActorComponent: UnregisterComponent: (None.None) Not registered. Aborting.
[2024.05.18-17.56.47:397][575]LogActorComponent: UnregisterComponent: (None.None) Not registered. Aborting.
[2024.05.18-17.56.47:397][575]LogActorComponent: UnregisterComponent: (None.None) Not registered. Aborting.
[2024.05.18-17.56.47:397][575]LogActorComponent: UnregisterComponent: (None.None) Not registered. Aborting.
[2024.05.18-17.56.47:397][575]LogActorComponent: UnregisterComponent: (None.None) Not registered. Aborting.
[2024.05.18-17.56.47:397][575]LogActorComponent: UnregisterComponent: (None.None) Not registered. Aborting.
[2024.05.18-17.56.47:397][575]LogWorld: UWorld::CleanupWorld for World_9, bSessionEnded=true, bCleanupResources=true
[2024.05.18-17.56.47:402][575]LogActorComponent: UnregisterComponent: (None.None) Not registered. Aborting.
[2024.05.18-17.56.47:402][575]LogActorComponent: UnregisterComponent: (None.None) Not registered. Aborting.
[2024.05.18-17.56.47:402][575]LogActorComponent: UnregisterComponent: (None.None) Not registered. Aborting.
[2024.05.18-17.56.47:402][575]LogActorComponent: UnregisterComponent: (None.None) Not registered. Aborting.
[2024.05.18-17.56.47:402][575]LogActorComponent: UnregisterComponent: (None.None) Not registered. Aborting.
[2024.05.18-17.56.47:402][575]LogActorComponent: UnregisterComponent: (None.None) Not registered. Aborting.
[2024.05.18-17.56.47:402][575]LogActorComponent: UnregisterComponent: (None.None) Not registered. Aborting.
[2024.05.18-17.56.47:402][575]LogWorld: UWorld::CleanupWorld for None, bSessionEnded=true, bCleanupResources=true
[2024.05.18-17.56.47:406][575]LogActorComponent: UnregisterComponent: (None.None) Not registered. Aborting.
[2024.05.18-17.56.47:406][575]LogActorComponent: UnregisterComponent: (None.None) Not registered. Aborting.
[2024.05.18-17.56.47:406][575]LogActorComponent: UnregisterComponent: (None.None) Not registered. Aborting.
[2024.05.18-17.56.47:406][575]LogActorComponent: UnregisterComponent: (None.None) Not registered. Aborting.
[2024.05.18-17.56.47:406][575]LogActorComponent: UnregisterComponent: (None.None) Not registered. Aborting.
[2024.05.18-17.56.47:406][575]LogActorComponent: UnregisterComponent: (None.None) Not registered. Aborting.
[2024.05.18-17.56.47:406][575]LogActorComponent: UnregisterComponent: (None.None) Not registered. Aborting.
[2024.05.18-17.56.47:406][575]LogWorld: UWorld::CleanupWorld for None, bSessionEnded=true, bCleanupResources=true
[2024.05.18-17.56.47:414][575]LogActorComponent: UnregisterComponent: (None.None) Not registered. Aborting.
[2024.05.18-17.56.47:414][575]LogActorComponent: UnregisterComponent: (None.None) Not registered. Aborting.
[2024.05.18-17.56.47:414][575]LogActorComponent: UnregisterComponent: (None.None) Not registered. Aborting.
[2024.05.18-17.56.47:414][575]LogActorComponent: UnregisterComponent: (None.None) Not registered. Aborting.
[2024.05.18-17.56.47:414][575]LogActorComponent: UnregisterComponent: (None.None) Not registered. Aborting.
[2024.05.18-17.56.47:414][575]LogActorComponent: UnregisterComponent: (None.None) Not registered. Aborting.
[2024.05.18-17.56.47:414][575]LogActorComponent: UnregisterComponent: (None.None) Not registered. Aborting.
[2024.05.18-17.56.47:414][575]LogWorld: UWorld::CleanupWorld for None, bSessionEnded=true, bCleanupResources=true
[2024.05.18-17.56.47:419][575]LogActorComponent: UnregisterComponent: (None.None) Not registered. Aborting.
[2024.05.18-17.56.47:419][575]LogActorComponent: UnregisterComponent: (None.None) Not registered. Aborting.
[2024.05.18-17.56.47:419][575]LogActorComponent: UnregisterComponent: (None.None) Not registered. Aborting.
[2024.05.18-17.56.47:419][575]LogActorComponent: UnregisterComponent: (None.None) Not registered. Aborting.
[2024.05.18-17.56.47:419][575]LogActorComponent: UnregisterComponent: (None.None) Not registered. Aborting.
[2024.05.18-17.56.47:419][575]LogActorComponent: UnregisterComponent: (None.None) Not registered. Aborting.
[2024.05.18-17.56.47:419][575]LogActorComponent: UnregisterComponent: (None.None) Not registered. Aborting.
[2024.05.18-17.56.47:419][575]LogWorld: UWorld::CleanupWorld for None, bSessionEnded=true, bCleanupResources=true
[2024.05.18-17.56.47:430][575]LogActorComponent: UnregisterComponent: (None.None) Not registered. Aborting.
[2024.05.18-17.56.47:430][575]LogActorComponent: UnregisterComponent: (None.None) Not registered. Aborting.
[2024.05.18-17.56.47:430][575]LogActorComponent: UnregisterComponent: (None.None) Not registered. Aborting.
[2024.05.18-17.56.47:430][575]LogActorComponent: UnregisterComponent: (None.None) Not registered. Aborting.
[2024.05.18-17.56.47:430][575]LogActorComponent: UnregisterComponent: (None.None) Not registered. Aborting.
[2024.05.18-17.56.47:430][575]LogActorComponent: UnregisterComponent: (None.None) Not registered. Aborting.
[2024.05.18-17.56.47:430][575]LogActorComponent: UnregisterComponent: (None.None) Not registered. Aborting.
[2024.05.18-17.56.47:430][575]LogWorld: UWorld::CleanupWorld for None, bSessionEnded=true, bCleanupResources=true
[2024.05.18-17.56.47:439][575]LogActorComponent: UnregisterComponent: (None.None) Not registered. Aborting.
[2024.05.18-17.56.47:439][575]LogActorComponent: UnregisterComponent: (None.None) Not registered. Aborting.
[2024.05.18-17.56.47:439][575]LogActorComponent: UnregisterComponent: (None.None) Not registered. Aborting.
[2024.05.18-17.56.47:439][575]LogActorComponent: UnregisterComponent: (None.None) Not registered. Aborting.
[2024.05.18-17.56.47:439][575]LogActorComponent: UnregisterComponent: (None.None) Not registered. Aborting.
[2024.05.18-17.56.47:439][575]LogActorComponent: UnregisterComponent: (None.None) Not registered. Aborting.
[2024.05.18-17.56.47:439][575]LogActorComponent: UnregisterComponent: (None.None) Not registered. Aborting.
[2024.05.18-17.56.47:439][575]LogWorld: UWorld::CleanupWorld for None, bSessionEnded=true, bCleanupResources=true
[2024.05.18-17.56.47:443][575]LogActorComponent: UnregisterComponent: (None.None) Not registered. Aborting.
[2024.05.18-17.56.47:443][575]LogActorComponent: UnregisterComponent: (None.None) Not registered. Aborting.
[2024.05.18-17.56.47:443][575]LogActorComponent: UnregisterComponent: (None.None) Not registered. Aborting.
[2024.05.18-17.56.47:443][575]LogActorComponent: UnregisterComponent: (None.None) Not registered. Aborting.
[2024.05.18-17.56.47:443][575]LogActorComponent: UnregisterComponent: (None.None) Not registered. Aborting.
[2024.05.18-17.56.47:443][575]LogActorComponent: UnregisterComponent: (None.None) Not registered. Aborting.
[2024.05.18-17.56.47:443][575]LogActorComponent: UnregisterComponent: (None.None) Not registered. Aborting.
[2024.05.18-17.56.47:443][575]LogWorld: UWorld::CleanupWorld for None, bSessionEnded=true, bCleanupResources=true
[2024.05.18-17.56.47:448][575]LogActorComponent: UnregisterComponent: (None.None) Not registered. Aborting.
[2024.05.18-17.56.47:448][575]LogActorComponent: UnregisterComponent: (None.None) Not registered. Aborting.
[2024.05.18-17.56.47:448][575]LogActorComponent: UnregisterComponent: (None.None) Not registered. Aborting.
[2024.05.18-17.56.47:448][575]LogActorComponent: UnregisterComponent: (None.None) Not registered. Aborting.
[2024.05.18-17.56.47:448][575]LogActorComponent: UnregisterComponent: (None.None) Not registered. Aborting.
[2024.05.18-17.56.47:448][575]LogActorComponent: UnregisterComponent: (None.None) Not registered. Aborting.
[2024.05.18-17.56.47:448][575]LogActorComponent: UnregisterComponent: (None.None) Not registered. Aborting.
[2024.05.18-17.56.47:448][575]LogWorld: UWorld::CleanupWorld for None, bSessionEnded=true, bCleanupResources=true
[2024.05.18-17.56.47:454][575]LogWorld: UWorld::CleanupWorld for None, bSessionEnded=true, bCleanupResources=true
[2024.05.18-17.56.47:458][575]LogWorld: UWorld::CleanupWorld for World_19, bSessionEnded=true, bCleanupResources=true
[2024.05.18-17.56.47:463][575]LogWorld: UWorld::CleanupWorld for World_20, bSessionEnded=true, bCleanupResources=true
[2024.05.18-17.56.47:469][575]LogWorld: UWorld::CleanupWorld for World_21, bSessionEnded=true, bCleanupResources=true
[2024.05.18-17.56.47:474][575]LogWorld: UWorld::CleanupWorld for World_22, bSessionEnded=true, bCleanupResources=true
[2024.05.18-17.56.47:479][575]LogWorld: UWorld::CleanupWorld for World_28, bSessionEnded=true, bCleanupResources=true
[2024.05.18-17.56.47:483][575]LogWorld: UWorld::CleanupWorld for World_1, bSessionEnded=true, bCleanupResources=true
[2024.05.18-17.56.47:489][575]LogWorld: UWorld::CleanupWorld for World_0, bSessionEnded=true, bCleanupResources=true
[2024.05.18-17.56.47:609][575]LogDemo: Cleaned up 0 splitscreen connections with owner deletion
[2024.05.18-17.56.47:628][575]LogWorld: UWorld::CleanupWorld for None, bSessionEnded=true, bCleanupResources=true
[2024.05.18-17.56.47:629][575]LogExit: Editor shut down
[2024.05.18-17.56.47:629][575]LogExit: Transaction tracking system shut down
[2024.05.18-17.56.47:959][575]LogExit: Object subsystem successfully closed.
[2024.05.18-17.56.47:990][575]LogShaderCompilers: Display: === FShaderJobCache stats ===
[2024.05.18-17.56.47:990][575]LogShaderCompilers: Display: Total job queries 0, among them cache hits 0 (0.00%)
[2024.05.18-17.56.47:990][575]LogShaderCompilers: Display: Tracking 0 distinct input hashes that result in 0 distinct outputs (0.00%)
[2024.05.18-17.56.47:990][575]LogShaderCompilers: Display: RAM used: 0.00 MB (0.00 GB) of 819.20 MB (0.80 GB) budget. Usage: 0.00%
[2024.05.18-17.56.47:990][575]LogShaderCompilers: Display: ================================================
[2024.05.18-17.56.48:013][575]LogShaderCompilers: Display: Shaders left to compile 0
[2024.05.18-17.56.48:100][575]LogModuleManager: Shutting down and abandoning module SequencerWidgets (878)
[2024.05.18-17.56.48:100][575]LogModuleManager: Shutting down and abandoning module MovieSceneCapture (876)
[2024.05.18-17.56.48:101][575]LogModuleManager: Shutting down and abandoning module Voice (874)
[2024.05.18-17.56.48:101][575]LogModuleManager: Shutting down and abandoning module BlueprintGraph (872)
[2024.05.18-17.56.48:101][575]LogModuleManager: Shutting down and abandoning module HierarchicalLODOutliner (870)
[2024.05.18-17.56.48:101][575]LogModuleManager: Shutting down and abandoning module SceneOutliner (868)
[2024.05.18-17.56.48:101][575]LogModuleManager: Shutting down and abandoning module AddContentDialog (866)
[2024.05.18-17.56.48:102][575]LogModuleManager: Shutting down and abandoning module WidgetCarousel (865)
[2024.05.18-17.56.48:102][575]LogModuleManager: Shutting down and abandoning module EditorWidgets (862)
[2024.05.18-17.56.48:102][575]LogModuleManager: Shutting down and abandoning module StatsViewer (860)
[2024.05.18-17.56.48:103][575]LogModuleManager: Shutting down and abandoning module PIEPreviewDeviceProfileSelector (858)
[2024.05.18-17.56.48:103][575]LogModuleManager: Shutting down and abandoning module SequenceRecorderSections (856)
[2024.05.18-17.56.48:103][575]LogModuleManager: Shutting down and abandoning module AutomationWorker (854)
[2024.05.18-17.56.48:103][575]LogModuleManager: Shutting down and abandoning module SteamVREditor (852)
[2024.05.18-17.56.48:103][575]LogModuleManager: Shutting down and abandoning module OculusMR (850)
[2024.05.18-17.56.48:103][575]LogModuleManager: Shutting down and abandoning module CameraShakePreviewer (848)
[2024.05.18-17.56.48:105][575]LogModuleManager: Shutting down and abandoning module OpenXRInput (846)
[2024.05.18-17.56.48:105][575]LogModuleManager: Shutting down and abandoning module GooglePADEditor (844)
[2024.05.18-17.56.48:105][575]LogModuleManager: Shutting down and abandoning module PlanarCut (842)
[2024.05.18-17.56.48:106][575]LogModuleManager: Shutting down and abandoning module TakeRecorderSources (840)
[2024.05.18-17.56.48:106][575]LogModuleManager: Shutting down and abandoning module TakeRecorder (839)
[2024.05.18-17.56.48:107][575]LogModuleManager: Shutting down and abandoning module TakeTrackRecorders (836)
[2024.05.18-17.56.48:107][575]LogModuleManager: Shutting down and abandoning module TakesCore (834)
[2024.05.18-17.56.48:107][575]LogModuleManager: Shutting down and abandoning module AudioCaptureEditor (832)
[2024.05.18-17.56.48:107][575]LogModuleManager: Shutting down and abandoning module CharacterAI (830)
[2024.05.18-17.56.48:107][575]LogModuleManager: Shutting down and abandoning module WmfMediaFactory (828)
[2024.05.18-17.56.48:107][575]LogModuleManager: Shutting down and abandoning module WmfMediaEditor (826)
[2024.05.18-17.56.48:107][575]LogModuleManager: Shutting down and abandoning module MediaPlayerEditor (824)
[2024.05.18-17.56.48:108][575]LogModuleManager: Shutting down and abandoning module OpenExrWrapper (822)
[2024.05.18-17.56.48:108][575]LogModuleManager: Shutting down and abandoning module ImgMediaFactory (820)
[2024.05.18-17.56.48:108][575]LogModuleManager: Shutting down and abandoning module ImgMediaEditor (818)
[2024.05.18-17.56.48:108][575]LogModuleManager: Shutting down and abandoning module WebMMediaFactory (816)
[2024.05.18-17.56.48:108][575]LogModuleManager: Shutting down and abandoning module WebMMediaEditor (814)
[2024.05.18-17.56.48:108][575]LogModuleManager: Shutting down and abandoning module WebMMedia (812)
[2024.05.18-17.56.48:109][575]LogModuleManager: Shutting down and abandoning module MediaCompositingEditor (810)
[2024.05.18-17.56.48:110][575]LogModuleManager: Shutting down and abandoning module SequenceRecorder (809)
[2024.05.18-17.56.48:110][575]LogModuleManager: Shutting down and abandoning module AvfMediaFactory (806)
[2024.05.18-17.56.48:110][575]LogModuleManager: Shutting down and abandoning module AvfMediaEditor (804)
[2024.05.18-17.56.48:110][575]LogModuleManager: Shutting down and abandoning module AndroidMediaFactory (802)
[2024.05.18-17.56.48:110][575]LogModuleManager: Shutting down and abandoning module AndroidMediaEditor (800)
[2024.05.18-17.56.48:110][575]LogModuleManager: Shutting down and abandoning module ActorSequenceEditor (798)
[2024.05.18-17.56.48:110][575]LogModuleManager: Shutting down and abandoning module TemplateSequenceEditor (796)
[2024.05.18-17.56.48:110][575]LogModuleManager: Shutting down and abandoning module MatineeToLevelSequence (794)
[2024.05.18-17.56.48:111][575]LogModuleManager: Shutting down and abandoning module LevelSequenceEditor (792)
[2024.05.18-17.56.48:111][575]LogModuleManager: Shutting down and abandoning module TextureAlignMode (790)
[2024.05.18-17.56.48:111][575]LogModuleManager: Shutting down and abandoning module BspMode (788)
[2024.05.18-17.56.48:112][575]LogModuleManager: Shutting down and abandoning module GeometryMode (786)
[2024.05.18-17.56.48:112][575]LogModuleManager: Shutting down and abandoning module MagicLeapMediaCodecFactory (784)
[2024.05.18-17.56.48:112][575]LogModuleManager: Shutting down and abandoning module MagicLeapMediaFactory (782)
[2024.05.18-17.56.48:112][575]LogModuleManager: Shutting down and abandoning module MagicLeapMediaEditor (780)
[2024.05.18-17.56.48:112][575]LogModuleManager: Shutting down and abandoning module SmartSnapping (778)
[2024.05.18-17.56.48:112][575]LogModuleManager: Shutting down and abandoning module SessionServices (776)
[2024.05.18-17.56.48:112][575]LogModuleManager: Shutting down and abandoning module MeshPaint (774)
[2024.05.18-17.56.48:113][575]LogModuleManager: Shutting down and abandoning module VirtualTexturingEditor (772)
[2024.05.18-17.56.48:113][575]LogModuleManager: Shutting down and abandoning module FoliageEdit (770)
[2024.05.18-17.56.48:114][575]LogModuleManager: Shutting down and abandoning module LandscapeEditor (768)
[2024.05.18-17.56.48:115][575]LogModuleManager: Shutting down and abandoning module MeshPaintMode (766)
[2024.05.18-17.56.48:115][575]LogModuleManager: Shutting down and abandoning module SceneDepthPickerMode (764)
[2024.05.18-17.56.48:115][575]LogModuleManager: Shutting down and abandoning module ActorPickerMode (762)
[2024.05.18-17.56.48:115][575]LogModuleManager: Shutting down and abandoning module PlacementMode (760)
[2024.05.18-17.56.48:115][575]LogModuleManager: Shutting down and abandoning module ViewportSnapping (758)
[2024.05.18-17.56.48:115][575]LogModuleManager: Shutting down and abandoning module ViewportInteraction (756)
[2024.05.18-17.56.48:115][575]LogModuleManager: Shutting down and abandoning module ClothPainter (754)
[2024.05.18-17.56.48:116][575]LogModuleManager: Shutting down and abandoning module SkeletalMeshEditor (753)
[2024.05.18-17.56.48:118][575]LogModuleManager: Shutting down and abandoning module LogVisualizer (750)
[2024.05.18-17.56.48:119][575]LogModuleManager: Shutting down and abandoning module IntroTutorials (748)
[2024.05.18-17.56.48:120][575]LogModuleManager: Shutting down and abandoning module GameProjectGeneration (747)
[2024.05.18-17.56.48:120][575]LogModuleManager: Shutting down and abandoning module LuminPlatformEditor (744)
[2024.05.18-17.56.48:120][575]LogModuleManager: Shutting down and abandoning module IOSPlatformEditor (742)
[2024.05.18-17.56.48:120][575]LogModuleManager: Shutting down and abandoning module AndroidPlatformEditor (740)
[2024.05.18-17.56.48:121][575]LogModuleManager: Shutting down and abandoning module AndroidDeviceDetection (739)
[2024.05.18-17.56.48:318][575]LogModuleManager: Shutting down and abandoning module WindowsPlatformEditor (736)
[2024.05.18-17.56.48:318][575]LogModuleManager: Shutting down and abandoning module LuminRuntimeSettings (734)
[2024.05.18-17.56.48:318][575]LogModuleManager: Shutting down and abandoning module IOSRuntimeSettings (732)
[2024.05.18-17.56.48:318][575]LogModuleManager: Shutting down and abandoning module AndroidRuntimeSettings (730)
[2024.05.18-17.56.48:318][575]LogModuleManager: Shutting down and abandoning module TraceInsights (728)
[2024.05.18-17.56.48:321][575]MemoryProfiler: Shutdown
[2024.05.18-17.56.48:321][575]NetworkingProfiler: Shutdown
[2024.05.18-17.56.48:321][575]LoadingProfiler: Shutdown
[2024.05.18-17.56.48:323][575]TimingProfiler: Shutdown
[2024.05.18-17.56.48:324][575]LogModuleManager: Shutting down and abandoning module TraceServices (727)
[2024.05.18-17.56.48:325][575]LogModuleManager: Shutting down and abandoning module EditorInteractiveToolsFramework (724)
[2024.05.18-17.56.48:325][575]LogModuleManager: Shutting down and abandoning module TimeManagementEditor (722)
[2024.05.18-17.56.48:325][575]LogModuleManager: Shutting down and abandoning module InputBindingEditor (720)
[2024.05.18-17.56.48:325][575]LogModuleManager: Shutting down and abandoning module MergeActors (718)
[2024.05.18-17.56.48:327][575]LogModuleManager: Shutting down and abandoning module LocalizationDashboard (716)
[2024.05.18-17.56.48:327][575]LogModuleManager: Shutting down and abandoning module LocalizationService (715)
[2024.05.18-17.56.48:328][575]LogModuleManager: Shutting down and abandoning module HardwareTargeting (712)
[2024.05.18-17.56.48:328][575]LogModuleManager: Shutting down and abandoning module DeviceProfileEditor (710)
[2024.05.18-17.56.48:328][575]LogModuleManager: Shutting down and abandoning module UndoHistory (708)
[2024.05.18-17.56.48:328][575]LogModuleManager: Shutting down and abandoning module XmlParser (706)
[2024.05.18-17.56.48:328][575]LogModuleManager: Shutting down and abandoning module Blutility (704)
[2024.05.18-17.56.48:329][575]LogModuleManager: Shutting down and abandoning module ProjectSettingsViewer (702)
[2024.05.18-17.56.48:329][575]LogModuleManager: Shutting down and abandoning module ProjectTargetPlatformEditor (701)
[2024.05.18-17.56.48:329][575]LogModuleManager: Shutting down and abandoning module EditorSettingsViewer (698)
[2024.05.18-17.56.48:329][575]LogModuleManager: Shutting down and abandoning module InternationalizationSettings (697)
[2024.05.18-17.56.48:329][575]LogModuleManager: Shutting down and abandoning module SettingsEditor (694)
[2024.05.18-17.56.48:329][575]LogModuleManager: Shutting down and abandoning module ProjectLauncher (692)
[2024.05.18-17.56.48:330][575]LogModuleManager: Shutting down and abandoning module SessionFrontend (690)
[2024.05.18-17.56.48:330][575]LogModuleManager: Shutting down and abandoning module ProfilerClient (688)
[2024.05.18-17.56.48:330][575]LogModuleManager: Shutting down and abandoning module DeviceManager (686)
[2024.05.18-17.56.48:332][575]LogModuleManager: Shutting down and abandoning module TargetDeviceServices (685)
[2024.05.18-17.56.48:364][575]LogModuleManager: Shutting down and abandoning module AutomationController (682)
[2024.05.18-17.56.48:365][575]LogModuleManager: Shutting down and abandoning module AutomationWindow (680)
[2024.05.18-17.56.48:365][575]LogModuleManager: Shutting down and abandoning module Layers (678)
[2024.05.18-17.56.48:366][575]LogModuleManager: Shutting down and abandoning module ComponentVisualizers (676)
[2024.05.18-17.56.48:366][575]LogModuleManager: Shutting down and abandoning module DetailCustomizations (674)
[2024.05.18-17.56.48:366][575]LogModuleManager: Shutting down and abandoning module PackagesDialog (672)
[2024.05.18-17.56.48:366][575]LogModuleManager: Shutting down and abandoning module AnimationBlueprintEditor (670)
[2024.05.18-17.56.48:367][575]LogModuleManager: Shutting down and abandoning module Persona (668)
[2024.05.18-17.56.48:368][575]LogModuleManager: Shutting down and abandoning module AdvancedPreviewScene (667)
[2024.05.18-17.56.48:368][575]LogModuleManager: Shutting down and abandoning module AnimGraph (665)
[2024.05.18-17.56.48:368][575]LogModuleManager: Shutting down and abandoning module Kismet (662)
[2024.05.18-17.56.48:390][575]LogModuleManager: Shutting down and abandoning module KismetWidgets (661)
[2024.05.18-17.56.48:390][575]LogModuleManager: Shutting down and abandoning module GraphEditor (658)
[2024.05.18-17.56.48:390][575]LogModuleManager: Shutting down and abandoning module StructViewer (656)
[2024.05.18-17.56.48:390][575]LogModuleManager: Shutting down and abandoning module ClassViewer (654)
[2024.05.18-17.56.48:390][575]LogModuleManager: Shutting down and abandoning module Toolbox (652)
[2024.05.18-17.56.48:390][575]LogModuleManager: Shutting down and abandoning module ModuleUI (650)
[2024.05.18-17.56.48:391][575]LogModuleManager: Shutting down and abandoning module OutputLog (648)
[2024.05.18-17.56.48:392][575]LogModuleManager: Shutting down and abandoning module GammaUI (646)
[2024.05.18-17.56.48:392][575]LogModuleManager: Shutting down and abandoning module Documentation (644)
[2024.05.18-17.56.48:392][575]LogModuleManager: Shutting down and abandoning module LiveCoding (642)
[2024.05.18-17.56.48:392][575]LogModuleManager: Shutting down and abandoning module LevelSequence (640)
[2024.05.18-17.56.48:392][575]LogModuleManager: Shutting down and abandoning module MovieSceneTracks (638)
[2024.05.18-17.56.48:392][575]LogModuleManager: Shutting down and abandoning module MovieScene (636)
[2024.05.18-17.56.48:393][575]LogModuleManager: Shutting down and abandoning module StreamingPauseRendering (634)
[2024.05.18-17.56.48:393][575]LogModuleManager: Shutting down and abandoning module LauncherPlatform (632)
[2024.05.18-17.56.48:393][575]LogModuleManager: Shutting down and abandoning module AnalyticsET (630)
[2024.05.18-17.56.48:393][575]LogModuleManager: Shutting down and abandoning module PortalServices (628)
[2024.05.18-17.56.48:393][575]LogModuleManager: Shutting down and abandoning module PortalRpc (626)
[2024.05.18-17.56.48:393][575]LogModuleManager: Shutting down and abandoning module MessagingRpc (624)
[2024.05.18-17.56.48:393][575]LogModuleManager: Shutting down and abandoning module AudioMixerXAudio2 (622)
[2024.05.18-17.56.48:393][575]LogModuleManager: Shutting down and abandoning module AudioMixerCore (621)
[2024.05.18-17.56.48:393][575]LogModuleManager: Shutting down and abandoning module AIModule (618)
[2024.05.18-17.56.48:393][575]LogModuleManager: Shutting down and abandoning module GameplayDebugger (617)
[2024.05.18-17.56.48:393][575]LogModuleManager: Shutting down and abandoning module AITestSuite (615)
[2024.05.18-17.56.48:395][575]LogModuleManager: Shutting down and abandoning module NavigationSystem (613)
[2024.05.18-17.56.48:395][575]LogModuleManager: Shutting down and abandoning module ImageWriteQueue (610)
[2024.05.18-17.56.48:404][575]LogModuleManager: Shutting down and abandoning module ProfilerService (608)
[2024.05.18-17.56.48:489][575]LogModuleManager: Shutting down and abandoning module TaskGraph (606)
[2024.05.18-17.56.48:491][575]LogModuleManager: Shutting down and abandoning module AudioSynesthesiaEditor (604)
[2024.05.18-17.56.48:491][575]LogModuleManager: Shutting down and abandoning module OculusEditor (602)
[2024.05.18-17.56.48:494][575]LogModuleManager: Shutting down and abandoning module OculusInput (600)
[2024.05.18-17.56.48:494][575]LogModuleManager: Shutting down and abandoning module ContentBrowserFileDataSource (598)
[2024.05.18-17.56.48:494][575]LogModuleManager: Shutting down and abandoning module ContentBrowserClassDataSource (596)
[2024.05.18-17.56.48:494][575]LogModuleManager: Shutting down and abandoning module ContentBrowserAssetDataSource (594)
[2024.05.18-17.56.48:494][575]LogModuleManager: Shutting down and abandoning module CollectionManager (593)
[2024.05.18-17.56.48:495][575]LogModuleManager: Shutting down and abandoning module SynthesisEditor (590)
[2024.05.18-17.56.48:495][575]LogModuleManager: Shutting down and abandoning module Synthesis (588)
[2024.05.18-17.56.48:496][575]LogModuleManager: Shutting down and abandoning module ProceduralMeshComponentEditor (586)
[2024.05.18-17.56.48:496][575]LogModuleManager: Shutting down and abandoning module ProceduralMeshComponent (584)
[2024.05.18-17.56.48:496][575]LogModuleManager: Shutting down and abandoning module OpenXREditor (582)
[2024.05.18-17.56.48:496][575]LogModuleManager: Shutting down and abandoning module MobilePatchingUtils (580)
[2024.05.18-17.56.48:496][575]LogModuleManager: Shutting down and abandoning module GooglePAD (578)
[2024.05.18-17.56.48:496][575]LogModuleManager: Shutting down and abandoning module OpenImageDenoise (576)
[2024.05.18-17.56.48:496][575]LogOpenImageDenoise: OIDN shutting down
[2024.05.18-17.56.48:496][575]LogModuleManager: Shutting down and abandoning module MotoSynthEditor (574)
[2024.05.18-17.56.48:496][575]LogModuleManager: Shutting down and abandoning module MotoSynth (572)
[2024.05.18-17.56.48:496][575]LogModuleManager: Shutting down and abandoning module MeshConversion (570)
[2024.05.18-17.56.48:497][575]LogModuleManager: Shutting down and abandoning module DynamicMesh (568)
[2024.05.18-17.56.48:497][575]LogModuleManager: Shutting down and abandoning module GeometryAlgorithms (566)
[2024.05.18-17.56.48:497][575]LogModuleManager: Shutting down and abandoning module GeometricObjects (564)
[2024.05.18-17.56.48:499][575]LogModuleManager: Shutting down and abandoning module GeometryCacheTracks (562)
[2024.05.18-17.56.48:499][575]LogModuleManager: Shutting down and abandoning module GeometryCacheStreamer (560)
[2024.05.18-17.56.48:499][575]LogModuleManager: Shutting down and abandoning module GeometryCacheSequencer (558)
[2024.05.18-17.56.48:499][575]LogModuleManager: Shutting down and abandoning module GeometryCollectionTracks (556)
[2024.05.18-17.56.48:499][575]LogModuleManager: Shutting down and abandoning module GeometryCollectionSequencer (555)
[2024.05.18-17.56.48:499][575]LogModuleManager: Shutting down and abandoning module GeometryCollectionEditor (552)
[2024.05.18-17.56.48:499][575]LogModuleManager: Shutting down and abandoning module TakeSequencer (550)
[2024.05.18-17.56.48:499][575]LogModuleManager: Shutting down and abandoning module TakeMovieScene (548)
[2024.05.18-17.56.48:499][575]LogModuleManager: Shutting down and abandoning module EditableMesh (546)
[2024.05.18-17.56.48:499][575]LogModuleManager: Shutting down and abandoning module AudioCapture (544)
[2024.05.18-17.56.48:499][575]LogModuleManager: Shutting down and abandoning module AudioCaptureRtAudio (543)
[2024.05.18-17.56.48:500][575]LogModuleManager: Shutting down and abandoning module CustomMeshComponent (540)
[2024.05.18-17.56.48:500][575]LogModuleManager: Shutting down and abandoning module AssetTags (538)
[2024.05.18-17.56.48:500][575]LogModuleManager: Shutting down and abandoning module CableComponent (536)
[2024.05.18-17.56.48:500][575]LogModuleManager: Shutting down and abandoning module ArchVisCharacter (534)
[2024.05.18-17.56.48:500][575]LogModuleManager: Shutting down and abandoning module AppleImageUtilsBlueprintSupport (532)
[2024.05.18-17.56.48:500][575]LogModuleManager: Shutting down and abandoning module AppleImageUtils (530)
[2024.05.18-17.56.48:500][575]LogModuleManager: Shutting down and abandoning module AndroidPermission (528)
[2024.05.18-17.56.48:500][575]LogModuleManager: Shutting down and abandoning module ScreenshotTools (526)
[2024.05.18-17.56.48:500][575]LogModuleManager: Shutting down and abandoning module ActorLayerUtilitiesEditor (524)
[2024.05.18-17.56.48:500][575]LogModuleManager: Shutting down and abandoning module ActorLayerUtilities (522)
[2024.05.18-17.56.48:500][575]LogModuleManager: Shutting down and abandoning module ChaosSolverEditor (520)
[2024.05.18-17.56.48:500][575]LogModuleManager: Shutting down and abandoning module ChaosNiagara (518)
[2024.05.18-17.56.48:500][575]LogModuleManager: Shutting down and abandoning module FractureEditor (516)
[2024.05.18-17.56.48:500][575]LogModuleManager: Shutting down and abandoning module FieldSystemEngine (515)
[2024.05.18-17.56.48:501][575]LogModuleManager: Shutting down and abandoning module ChaosClothEditor (512)
[2024.05.18-17.56.48:501][575]LogModuleManager: Shutting down and abandoning module BackChannel (510)
[2024.05.18-17.56.48:501][575]LogModuleManager: Shutting down and abandoning module AutomationUtilsEditor (508)
[2024.05.18-17.56.48:501][575]LogModuleManager: Shutting down and abandoning module AutomationUtils (506)
[2024.05.18-17.56.48:501][575]LogModuleManager: Shutting down and abandoning module AlembicImporter (504)
[2024.05.18-17.56.48:501][575]LogModuleManager: Shutting down and abandoning module AlembicLibrary (503)
[2024.05.18-17.56.48:501][575]LogModuleManager: Shutting down and abandoning module GeometryCache (502)
[2024.05.18-17.56.48:501][575]LogModuleManager: Shutting down and abandoning module GeometryCacheEd (501)
[2024.05.18-17.56.48:501][575]LogModuleManager: Shutting down and abandoning module ImgMedia (496)
[2024.05.18-17.56.48:501][575]LogModuleManager: Shutting down and abandoning module MediaCompositing (494)
[2024.05.18-17.56.48:501][575]LogModuleManager: Shutting down and abandoning module TemplateSequence (492)
[2024.05.18-17.56.48:501][575]LogModuleManager: Shutting down and abandoning module MobileLauncherProfileWizard (490)
[2024.05.18-17.56.48:502][575]LogModuleManager: Shutting down and abandoning module MaterialAnalyzer (488)
[2024.05.18-17.56.48:502][575]LogModuleManager: Shutting down and abandoning module SpeedTreeImporter (486)
[2024.05.18-17.56.48:502][575]LogModuleManager: Shutting down and abandoning module PluginBrowser (484)
[2024.05.18-17.56.48:504][575]LogModuleManager: Shutting down and abandoning module CurveEditorTools (482)
[2024.05.18-17.56.48:504][575]LogModuleManager: Shutting down and abandoning module CryptoKeysOpenSSL (480)
[2024.05.18-17.56.48:504][575]LogModuleManager: Shutting down and abandoning module CryptoKeys (478)
[2024.05.18-17.56.48:504][575]LogModuleManager: Shutting down and abandoning module MagicLeapSharedWorld (476)
[2024.05.18-17.56.48:504][575]LogModuleManager: Shutting down and abandoning module MagicLeapLightEstimation (474)
[2024.05.18-17.56.48:504][575]LogModuleManager: Shutting down and abandoning module VisualStudioSourceCodeAccess (472)
[2024.05.18-17.56.48:504][575]LogModuleManager: Shutting down and abandoning module VisualStudioCodeSourceCodeAccess (470)
[2024.05.18-17.56.48:504][575]LogModuleManager: Shutting down and abandoning module MagicLeapHelperVulkan (468)
[2024.05.18-17.56.48:504][575]LogModuleManager: Shutting down and abandoning module MagicLeapHelperOpenGL (466)
[2024.05.18-17.56.48:504][575]LogModuleManager: Shutting down and abandoning module MagicLeapAudio (464)
[2024.05.18-17.56.48:504][575]LogModuleManager: Shutting down and abandoning module UObjectPlugin (462)
[2024.05.18-17.56.48:504][575]LogModuleManager: Shutting down and abandoning module PluginUtils (460)
[2024.05.18-17.56.48:504][575]LogModuleManager: Shutting down and abandoning module SubversionSourceControl (458)
[2024.05.18-17.56.48:506][575]LogModuleManager: Shutting down and abandoning module PlasticSourceControl (456)
[2024.05.18-17.56.48:507][575]LogModuleManager: Shutting down and abandoning module RiderSourceCodeAccess (454)
[2024.05.18-17.56.48:507][575]LogModuleManager: Shutting down and abandoning module PerforceSourceControl (452)
[2024.05.18-17.56.48:508][575]LogModuleManager: Shutting down and abandoning module GitSourceControl (450)
[2024.05.18-17.56.48:508][575]LogModuleManager: Shutting down and abandoning module SourceControl (449)
[2024.05.18-17.56.48:510][575]LogModuleManager: Shutting down and abandoning module AnimationSharingEd (446)
[2024.05.18-17.56.48:510][575]LogModuleManager: Shutting down and abandoning module CLionSourceCodeAccess (444)
[2024.05.18-17.56.48:510][575]LogModuleManager: Shutting down and abandoning module DatasmithContentEditor (442)
[2024.05.18-17.56.48:510][575]LogModuleManager: Shutting down and abandoning module VariantManagerContentEditor (440)
[2024.05.18-17.56.48:511][575]LogModuleManager: Shutting down and abandoning module NiagaraEditorWidgets (438)
[2024.05.18-17.56.48:512][575]LogModuleManager: Shutting down and abandoning module LiveLinkSequencer (436)
[2024.05.18-17.56.48:513][575]LogModuleManager: Shutting down and abandoning module LiveLinkMovieScene (434)
[2024.05.18-17.56.48:513][575]LogModuleManager: Shutting down and abandoning module LiveLinkGraphNode (432)
[2024.05.18-17.56.48:513][575]LogModuleManager: Shutting down and abandoning module LiveLinkEditor (430)
[2024.05.18-17.56.48:513][575]LogModuleManager: Shutting down and abandoning module LiveLinkComponents (428)
[2024.05.18-17.56.48:513][575]LogModuleManager: Shutting down and abandoning module LiveLink (426)
[2024.05.18-17.56.49:041][575]LogModuleManager: Shutting down and abandoning module OodleNetworkHandlerComponent (424)
[2024.05.18-17.56.49:041][575]LogModuleManager: Shutting down and abandoning module PaperTiledImporter (422)
[2024.05.18-17.56.49:041][575]LogModuleManager: Shutting down and abandoning module PaperSpriteSheetImporter (420)
[2024.05.18-17.56.49:068][575]LogModuleManager: Shutting down and abandoning module Paper2DEditor (418)
[2024.05.18-17.56.49:069][575]LogModuleManager: Shutting down and abandoning module LightPropagationVolumeEditor (416)
[2024.05.18-17.56.49:069][575]LogModuleManager: Shutting down and abandoning module MeshPaintingToolset (414)
[2024.05.18-17.56.49:069][575]LogModuleManager: Shutting down and abandoning module MeshPaintEditorMode (412)
[2024.05.18-17.56.49:070][575]LogModuleManager: Shutting down and abandoning module GameplayCameras (410)
[2024.05.18-17.56.49:070][575]LogModuleManager: Shutting down and abandoning module SoundFields (408)
[2024.05.18-17.56.49:070][575]LogModuleManager: Shutting down and abandoning module PhysXVehiclesEditor (406)
[2024.05.18-17.56.49:070][575]LogModuleManager: Shutting down and abandoning module RuntimePhysXCooking (402)
[2024.05.18-17.56.49:070][575]LogModuleManager: Shutting down and abandoning module SignificanceManager (400)
[2024.05.18-17.56.49:070][575]LogModuleManager: Shutting down and abandoning module PropertyAccessEditor (398)
[2024.05.18-17.56.49:070][575]LogModuleManager: Shutting down and abandoning module LocationServicesBPLibrary (396)
[2024.05.18-17.56.49:070][575]LogModuleManager: Shutting down and abandoning module PythonScriptPlugin (394)
[2024.05.18-17.56.49:070][575]LogModuleManager: Shutting down and abandoning module AudioSynesthesia (392)
[2024.05.18-17.56.49:072][575]LogModuleManager: Shutting down and abandoning module AudioSynesthesiaCore (390)
[2024.05.18-17.56.49:072][575]LogModuleManager: Shutting down and abandoning module ImgMediaEngine (388)
[2024.05.18-17.56.49:072][575]LogModuleManager: Shutting down and abandoning module ActorSequence (386)
[2024.05.18-17.56.49:072][575]LogModuleManager: Shutting down and abandoning module UdpMessaging (384)
[2024.05.18-17.56.49:172][575]LogModuleManager: Shutting down and abandoning module TcpMessaging (382)
[2024.05.18-17.56.49:274][575]LogModuleManager: Shutting down and abandoning module DataValidation (380)
[2024.05.18-17.56.49:274][575]LogModuleManager: Shutting down and abandoning module GameplayTagsEditor (378)
[2024.05.18-17.56.49:274][575]LogModuleManager: Shutting down and abandoning module FacialAnimationEditor (376)
[2024.05.18-17.56.49:274][575]LogModuleManager: Shutting down and abandoning module FacialAnimation (374)
[2024.05.18-17.56.49:274][575]LogModuleManager: Shutting down and abandoning module MagicLeapARPin (372)
[2024.05.18-17.56.49:274][575]LogModuleManager: Shutting down and abandoning module AssetManagerEditor (370)
[2024.05.18-17.56.49:275][575]LogModuleManager: Shutting down and abandoning module LevelEditor (369)
[2024.05.18-17.56.49:277][575]LogModuleManager: Shutting down and abandoning module PixelInspectorModule (368)
[2024.05.18-17.56.49:277][575]LogModuleManager: Shutting down and abandoning module CommonMenuExtensions (366)
[2024.05.18-17.56.49:279][575]LogModuleManager: Shutting down and abandoning module MainFrame (364)
[2024.05.18-17.56.49:279][575]LogModuleManager: Shutting down and abandoning module HotReload (363)
[2024.05.18-17.56.49:279][575]LogModuleManager: Shutting down and abandoning module ToolMenus (359)
[2024.05.18-17.56.49:279][575]LogModuleManager: Shutting down and abandoning module TreeMap (357)
[2024.05.18-17.56.49:280][575]LogModuleManager: Shutting down and abandoning module MagicLeapHandMeshing (354)
[2024.05.18-17.56.49:280][575]LogModuleManager: Shutting down and abandoning module MagicLeapSecureStorage (352)
[2024.05.18-17.56.49:280][575]LogModuleManager: Shutting down and abandoning module MagicLeapPrivileges (350)
[2024.05.18-17.56.49:280][575]LogModuleManager: Shutting down and abandoning module MagicLeapPlanes (348)
[2024.05.18-17.56.49:280][575]LogMagicLeapPlanes: Planes tracker already destroyed.
[2024.05.18-17.56.49:280][575]LogModuleManager: Shutting down and abandoning module MagicLeapImageTracker (346)
[2024.05.18-17.56.49:280][575]LogModuleManager: Shutting down and abandoning module MagicLeapIdentity (344)
[2024.05.18-17.56.49:280][575]LogModuleManager: Shutting down and abandoning module MagicLeapHandTracking (342)
[2024.05.18-17.56.49:280][575]LogModuleManager: Shutting down and abandoning module MagicLeapEyeTracker (340)
[2024.05.18-17.56.49:280][575]LogModuleManager: Shutting down and abandoning module MagicLeapController (338)
[2024.05.18-17.56.49:281][575]LogModuleManager: Shutting down and abandoning module MagicLeapARPinImpl (336)
[2024.05.18-17.56.49:281][575]LogModuleManager: Shutting down and abandoning module MagicLeapAR (334)
[2024.05.18-17.56.49:281][575]LogModuleManager: Shutting down and abandoning module PropertyAccessNode (332)
[2024.05.18-17.56.49:281][575]LogModuleManager: Shutting down and abandoning module AnimationSharing (330)
[2024.05.18-17.56.49:281][575]LogModuleManager: Shutting down and abandoning module NiagaraAnimNotifies (328)
[2024.05.18-17.56.49:281][575]LogModuleManager: Shutting down and abandoning module Niagara (326)
[2024.05.18-17.56.49:281][575]LogModuleManager: Shutting down and abandoning module SignalProcessing (325)
[2024.05.18-17.56.49:281][575]LogModuleManager: Shutting down and abandoning module NiagaraEditor (323)
[2024.05.18-17.56.49:284][575]LogModuleManager: Shutting down and abandoning module ContentBrowser (322)
[2024.05.18-17.56.49:284][575]LogModuleManager: Shutting down and abandoning module ContentBrowserData (321)
[2024.05.18-17.56.49:284][575]LogModuleManager: Shutting down and abandoning module NiagaraCore (316)
[2024.05.18-17.56.49:284][575]LogModuleManager: Shutting down and abandoning module EnvironmentQueryEditor (314)
[2024.05.18-17.56.49:286][575]LogModuleManager: Shutting down and abandoning module Paper2D (312)
[2024.05.18-17.56.49:286][575]LogModuleManager: Shutting down and abandoning module LightPropagationVolumeRuntime (310)
[2024.05.18-17.56.49:286][575]LogModuleManager: Shutting down and abandoning module WindowsMoviePlayer (308)
[2024.05.18-17.56.49:288][575]LogModuleManager: Shutting down and abandoning module WebMMoviePlayer (306)
[2024.05.18-17.56.49:288][575]LogModuleManager: Shutting down and abandoning module NetworkReplayStreaming (304)
[2024.05.18-17.56.49:288][575]LogModuleManager: Shutting down and abandoning module PacketHandler (302)
[2024.05.18-17.56.49:288][575]LogModuleManager: Shutting down and abandoning module ClothingSystemEditor (300)
[2024.05.18-17.56.49:288][575]LogModuleManager: Shutting down and abandoning module ClothingSystemRuntimeNv (298)
[2024.05.18-17.56.49:289][575]LogModuleManager: Shutting down and abandoning module MediaAssets (296)
[2024.05.18-17.56.49:289][575]LogModuleManager: Shutting down and abandoning module Overlay (294)
[2024.05.18-17.56.49:289][575]LogModuleManager: Shutting down and abandoning module OverlayEditor (293)
[2024.05.18-17.56.49:289][575]LogModuleManager: Shutting down and abandoning module VREditor (290)
[2024.05.18-17.56.49:289][575]LogModuleManager: Shutting down and abandoning module StringTableEditor (288)
[2024.05.18-17.56.49:289][575]LogModuleManager: Shutting down and abandoning module GameplayTasksEditor (286)
[2024.05.18-17.56.49:289][575]LogModuleManager: Shutting down and abandoning module BehaviorTreeEditor (284)
[2024.05.18-17.56.49:291][575]LogModuleManager: Shutting down and abandoning module FunctionalTesting (282)
[2024.05.18-17.56.49:292][575]LogModuleManager: Shutting down and abandoning module CollisionAnalyzer (280)
[2024.05.18-17.56.49:292][575]LogModuleManager: Shutting down and abandoning module WorkspaceMenuStructure (279)
[2024.05.18-17.56.49:292][575]LogModuleManager: Shutting down and abandoning module UMG (276)
[2024.05.18-17.56.49:292][575]LogModuleManager: Shutting down and abandoning module UMGEditor (275)
[2024.05.18-17.56.49:292][575]LogModuleManager: Shutting down and abandoning module MessageLog (273)
[2024.05.18-17.56.49:292][575]LogModuleManager: Shutting down and abandoning module SlateReflector (268)
[2024.05.18-17.56.49:295][575]LogModuleManager: Shutting down and abandoning module Slate (266)
[2024.05.18-17.56.49:296][575]LogModuleManager: Shutting down and abandoning module SlateCore (264)
[2024.05.18-17.56.49:296][575]LogModuleManager: Shutting down and abandoning module LandscapeEditorUtilities (262)
[2024.05.18-17.56.49:296][575]LogModuleManager: Shutting down and abandoning module UnrealEd (260)
[2024.05.18-17.56.49:297][575]LogModuleManager: Shutting down and abandoning module MRMesh (258)
[2024.05.18-17.56.49:297][575]LogModuleManager: Shutting down and abandoning module SourceCodeAccess (256)
[2024.05.18-17.56.49:297][575]LogModuleManager: Shutting down and abandoning module HeadMountedDisplay (254)
[2024.05.18-17.56.49:297][575]LogModuleManager: Shutting down and abandoning module XAudio2 (252)
[2024.05.18-17.56.49:297][575]LogModuleManager: Shutting down and abandoning module Networking (250)
[2024.05.18-17.56.49:297][575]LogModuleManager: Shutting down and abandoning module Core (248)
[2024.05.18-17.56.49:297][575]LogModuleManager: Shutting down and abandoning module MaterialEditor (246)
[2024.05.18-17.56.49:297][575]LogModuleManager: Shutting down and abandoning module MovieSceneTools (244)
[2024.05.18-17.56.49:298][575]LogModuleManager: Shutting down and abandoning module CurveEditor (243)
[2024.05.18-17.56.49:298][575]LogModuleManager: Shutting down and abandoning module Sequencer (241)
[2024.05.18-17.56.49:298][575]LogModuleManager: Shutting down and abandoning module EditorStyle (240)
[2024.05.18-17.56.49:300][575]LogModuleManager: Shutting down and abandoning module KismetCompiler (236)
[2024.05.18-17.56.49:300][575]LogModuleManager: Shutting down and abandoning module MeshBuilder (234)
[2024.05.18-17.56.49:300][575]LogModuleManager: Shutting down and abandoning module MeshUtilities (232)
[2024.05.18-17.56.49:300][575]LogModuleManager: Shutting down and abandoning module MeshMergeUtilities (231)
[2024.05.18-17.56.49:300][575]LogModuleManager: Shutting down and abandoning module MeshReductionInterface (230)
[2024.05.18-17.56.49:300][575]LogModuleManager: Shutting down and abandoning module MeshBoneReduction (229)
[2024.05.18-17.56.49:302][575]LogModuleManager: Shutting down and abandoning module SkeletalMeshReduction (227)
[2024.05.18-17.56.49:302][575]LogModuleManager: Shutting down and abandoning module ProxyLODMeshReduction (225)
[2024.05.18-17.56.49:303][575]LogModuleManager: Shutting down and abandoning module QuadricMeshReduction (223)
[2024.05.18-17.56.49:303][575]LogModuleManager: Shutting down and abandoning module MaterialBaking (219)
[2024.05.18-17.56.49:303][575]LogModuleManager: Shutting down and abandoning module NullInstallBundleManager (214)
[2024.05.18-17.56.49:303][575]LogModuleManager: Shutting down and abandoning module DerivedDataCache (212)
[2024.05.18-17.56.49:304][575]LogModuleManager: Shutting down and abandoning module TargetPlatform (210)
[2024.05.18-17.56.49:304][575]LogModuleManager: Shutting down and abandoning module VulkanShaderFormat (209)
[2024.05.18-17.56.49:305][575]LogModuleManager: Shutting down and abandoning module ShaderFormatVectorVM (207)
[2024.05.18-17.56.49:305][575]LogModuleManager: Shutting down and abandoning module ShaderFormatOpenGL (205)
[2024.05.18-17.56.49:306][575]LogModuleManager: Shutting down and abandoning module ShaderFormatD3D (203)
[2024.05.18-17.56.49:306][575]LogModuleManager: Shutting down and abandoning module MetalShaderFormat (201)
[2024.05.18-17.56.49:306][575]LogModuleManager: Shutting down and abandoning module TextureFormatOodle (199)
[2024.05.18-17.56.49:306][575]LogModuleManager: Shutting down and abandoning module TextureFormatUncompressed (197)
[2024.05.18-17.56.49:306][575]LogModuleManager: Shutting down and abandoning module TextureFormatPVR (195)
[2024.05.18-17.56.49:306][575]LogModuleManager: Shutting down and abandoning module TextureFormatETC2 (193)
[2024.05.18-17.56.49:306][575]LogModuleManager: Shutting down and abandoning module TextureFormatDXT (191)
[2024.05.18-17.56.49:308][575]LogModuleManager: Shutting down and abandoning module TextureFormatIntelISPCTexComp (189)
[2024.05.18-17.56.49:308][575]LogModuleManager: Shutting down and abandoning module TextureFormatASTC (187)
[2024.05.18-17.56.49:308][575]LogModuleManager: Shutting down and abandoning module ImageWrapper (186)
[2024.05.18-17.56.49:308][575]LogModuleManager: Shutting down and abandoning module AudioFormatOpus (183)
[2024.05.18-17.56.49:308][575]LogModuleManager: Shutting down and abandoning module AudioFormatOgg (181)
[2024.05.18-17.56.49:308][575]LogModuleManager: Shutting down and abandoning module AudioFormatADPCM (179)
[2024.05.18-17.56.49:309][575]LogModuleManager: Shutting down and abandoning module WindowsServerTargetPlatform (177)
[2024.05.18-17.56.49:309][575]LogModuleManager: Shutting down and abandoning module WindowsClientTargetPlatform (175)
[2024.05.18-17.56.49:309][575]LogModuleManager: Shutting down and abandoning module WindowsTargetPlatform (173)
[2024.05.18-17.56.49:309][575]LogModuleManager: Shutting down and abandoning module WindowsNoEditorTargetPlatform (171)
[2024.05.18-17.56.49:309][575]LogModuleManager: Shutting down and abandoning module TVOSTargetPlatform (169)
[2024.05.18-17.56.49:310][575]LogModuleManager: Shutting down and abandoning module MacServerTargetPlatform (167)
[2024.05.18-17.56.49:310][575]LogModuleManager: Shutting down and abandoning module MacClientTargetPlatform (165)
[2024.05.18-17.56.49:310][575]LogModuleManager: Shutting down and abandoning module MacTargetPlatform (163)
[2024.05.18-17.56.49:310][575]LogModuleManager: Shutting down and abandoning module MacNoEditorTargetPlatform (161)
[2024.05.18-17.56.49:310][575]LogModuleManager: Shutting down and abandoning module LuminTargetPlatform (159)
[2024.05.18-17.56.49:310][575]LogModuleManager: Shutting down and abandoning module LinuxAArch64ServerTargetPlatform (157)
[2024.05.18-17.56.49:310][575]LogModuleManager: Shutting down and abandoning module LinuxAArch64ClientTargetPlatform (155)
[2024.05.18-17.56.49:310][575]LogModuleManager: Shutting down and abandoning module LinuxAArch64NoEditorTargetPlatform (153)
[2024.05.18-17.56.49:310][575]LogModuleManager: Shutting down and abandoning module LinuxServerTargetPlatform (151)
[2024.05.18-17.56.49:310][575]LogModuleManager: Shutting down and abandoning module LinuxClientTargetPlatform (149)
[2024.05.18-17.56.49:310][575]LogModuleManager: Shutting down and abandoning module LinuxNoEditorTargetPlatform (147)
[2024.05.18-17.56.49:310][575]LogModuleManager: Shutting down and abandoning module LinuxTargetPlatform (145)
[2024.05.18-17.56.49:310][575]LogModuleManager: Shutting down and abandoning module Messaging (143)
[2024.05.18-17.56.49:310][575]LogModuleManager: Shutting down and abandoning module IOSTargetPlatform (141)
[2024.05.18-17.56.49:311][575]LogModuleManager: Shutting down and abandoning module AndroidTargetPlatform (139)
[2024.05.18-17.56.49:314][575]LogModuleManager: Shutting down and abandoning module AllDesktopTargetPlatform (137)
[2024.05.18-17.56.49:314][575]LogModuleManager: Shutting down and abandoning module D3D11RHI (134)
[2024.05.18-17.56.49:314][575]LogModuleManager: Shutting down and abandoning module InputCore (132)
[2024.05.18-17.56.49:314][575]LogModuleManager: Shutting down and abandoning module Settings (130)
[2024.05.18-17.56.49:314][575]LogModuleManager: Shutting down and abandoning module DirectoryWatcher (128)
[2024.05.18-17.56.49:314][575]LogModuleManager: Shutting down and abandoning module PhysXCooking (126)
[2024.05.18-17.56.49:314][575]LogModuleManager: Shutting down and abandoning module Chaos (124)
[2024.05.18-17.56.49:315][575]LogModuleManager: Shutting down and abandoning module WindowsPlatformFeatures (122)
[2024.05.18-17.56.49:315][575]LogModuleManager: Shutting down and abandoning module GameplayMediaEncoder (121)
[2024.05.18-17.56.49:315][575]LogModuleManager: Shutting down and abandoning module AVEncoder (120)
[2024.05.18-17.56.49:316][575]LogModuleManager: Shutting down and abandoning module SteamVRInputDevice (116)
[2024.05.18-17.56.49:316][575]LogModuleManager: Shutting down and abandoning module SteamVRInput (114)
[2024.05.18-17.56.49:316][575]LogModuleManager: Shutting down and abandoning module SteamVR (112)
[2024.05.18-17.56.49:316][575]LogHMD: Freeing OpenVRDLLHandle.
[2024.05.18-17.56.49:316][575]LogModuleManager: Shutting down and abandoning module OculusHMD (110)
[2024.05.18-17.56.49:317][575]LogModuleManager: Shutting down and abandoning module OpenXREyeTracker (108)
[2024.05.18-17.56.49:317][575]LogModuleManager: Shutting down and abandoning module OpenXRHandTracking (106)
[2024.05.18-17.56.49:317][575]LogSlate: Slate User Destroyed.  User Index 0, Is Virtual User: 0
[2024.05.18-17.56.49:317][575]LogModuleManager: Shutting down and abandoning module OpenXRAR (104)
[2024.05.18-17.56.49:317][575]LogModuleManager: Shutting down and abandoning module AugmentedReality (103)
[2024.05.18-17.56.49:317][575]LogModuleManager: Shutting down and abandoning module OpenXRHMD (100)
[2024.05.18-17.56.49:319][575]LogModuleManager: Shutting down and abandoning module ExampleDeviceProfileSelector (98)
[2024.05.18-17.56.49:319][575]LogModuleManager: Shutting down and abandoning module ChunkDownloader (96)
[2024.05.18-17.56.49:319][575]LogModuleManager: Shutting down and abandoning module ChaosCloth (94)
[2024.05.18-17.56.49:320][575]LogModuleManager: Shutting down and abandoning module OnlineBlueprintSupport (92)
[2024.05.18-17.56.49:320][575]LogModuleManager: Shutting down and abandoning module OnlineSubsystem (88)
[2024.05.18-17.56.49:321][575]LogModuleManager: Shutting down and abandoning module XMPP (83)
[2024.05.18-17.56.49:322][575]LogModuleManager: Shutting down and abandoning module WebSockets (82)
[2024.05.18-17.56.49:327][575]LogModuleManager: Shutting down and abandoning module HTTP (79)
[2024.05.18-17.56.49:327][575]LogHttp: Display: Http module shutting down, but needs to wait on 1 outstanding Http requests:
[2024.05.18-17.56.49:328][575]LogHttp: Display: 	verb=[POST] url=[https://datarouter.ol.epicgames.com/datarouter/api/v1/public/data?SessionID=%7B87CC5658-4140-15CA-2ACA-5CA6C640624F%7D&AppID=UEEditor.Rocket.Release&AppVersion=4.27.2-18319896%2B%2B%2BUE4%2BRelease-4.27&UserID=55d9737f4a5261b70343b78aadb26d49%7Cb4b4a8cd7bc84972b719eb66160aae10%7Cc8639e95-8bc5-47d3-bcfd-abc500ec7779&AppEnvironment=datacollector-binary&UploadType=eteventstream] refs=[1] status=Processing
[2024.05.18-17.56.49:328][575]LogHttp: Display: cleaning up 1 outstanding Http requests.
[2024.05.18-17.56.49:349][575]LogModuleManager: Shutting down and abandoning module SSL (78)
[2024.05.18-17.56.49:351][575]LogModuleManager: Shutting down and abandoning module LauncherChunkInstaller (74)
[2024.05.18-17.56.49:351][575]LogModuleManager: Shutting down and abandoning module WmfMedia (72)
[2024.05.18-17.56.49:353][575]LogModuleManager: Shutting down and abandoning module Media (71)
[2024.05.18-17.56.49:354][575]LogModuleManager: Shutting down and abandoning module MediaInfo (70)
[2024.05.18-17.56.49:354][575]LogModuleManager: Shutting down and abandoning module ExrReaderGpu (66)
[2024.05.18-17.56.49:355][575]LogModuleManager: Shutting down and abandoning module MLSDK (64)
[2024.05.18-17.56.49:355][575]LogModuleManager: Shutting down and abandoning module MagicLeap (62)
[2024.05.18-17.56.49:355][575]LogModuleManager: Shutting down and abandoning module PixWinPlugin (60)
[2024.05.18-17.56.49:355][575]LogModuleManager: Shutting down and abandoning module DatasmithContent (58)
[2024.05.18-17.56.49:357][575]LogModuleManager: Shutting down and abandoning module VariantManagerContent (56)
[2024.05.18-17.56.49:357][575]LogModuleManager: Shutting down and abandoning module NiagaraVertexFactories (54)
[2024.05.18-17.56.49:357][575]LogModuleManager: Shutting down and abandoning module NiagaraShader (52)
[2024.05.18-17.56.49:357][575]LogModuleManager: Shutting down and abandoning module AISupportModule (50)
[2024.05.18-17.56.49:357][575]LogModuleManager: Shutting down and abandoning module DesktopPlatform (48)
[2024.05.18-17.56.49:357][575]LogModuleManager: Shutting down and abandoning module PythonScriptPluginPreload (46)
[2024.05.18-17.56.49:358][575]LogModuleManager: Shutting down and abandoning module PlatformCryptoOpenSSL (44)
[2024.05.18-17.56.49:358][575]LogModuleManager: Shutting down and abandoning module PlatformCryptoTypes (42)
[2024.05.18-17.56.49:358][575]LogModuleManager: Shutting down and abandoning module PlatformCrypto (40)
[2024.05.18-17.56.49:358][575]LogModuleManager: Shutting down and abandoning module OodleDataCompressionFormat (38)
[2024.05.18-17.56.49:358][575]LogModuleManager: Shutting down and abandoning module XGEController (36)
[2024.05.18-17.56.49:359][575]LogXGEController: Cleaning working directory: C:/Users/alber/AppData/Local/Temp/UnrealXGEWorkingDir/
[2024.05.18-17.56.49:359][575]LogModuleManager: Shutting down and abandoning module AnimationModifiers (34)
[2024.05.18-17.56.49:359][575]LogModuleManager: Shutting down and abandoning module AudioEditor (32)
[2024.05.18-17.56.49:360][575]LogModuleManager: Shutting down and abandoning module PropertyEditor (31)
[2024.05.18-17.56.49:360][575]LogModuleManager: Shutting down and abandoning module TextureCompressor (28)
[2024.05.18-17.56.49:361][575]LogModuleManager: Shutting down and abandoning module RenderCore (26)
[2024.05.18-17.56.49:361][575]LogModuleManager: Shutting down and abandoning module Landscape (24)
[2024.05.18-17.56.49:361][575]LogModuleManager: Shutting down and abandoning module SlateRHIRenderer (22)
[2024.05.18-17.56.49:364][575]LogModuleManager: Shutting down and abandoning module AnimGraphRuntime (20)
[2024.05.18-17.56.49:364][575]LogModuleManager: Shutting down and abandoning module Renderer (18)
[2024.05.18-17.56.49:364][575]LogModuleManager: Shutting down and abandoning module Engine (16)
[2024.05.18-17.56.49:364][575]LogModuleManager: Shutting down and abandoning module CoreUObject (14)
[2024.05.18-17.56.49:364][575]LogModuleManager: Shutting down and abandoning module NetworkFile (12)
[2024.05.18-17.56.49:364][575]LogModuleManager: Shutting down and abandoning module CookedIterativeFile (10)
[2024.05.18-17.56.49:364][575]LogModuleManager: Shutting down and abandoning module StreamingFile (8)
[2024.05.18-17.56.49:366][575]LogModuleManager: Shutting down and abandoning module SandboxFile (6)
[2024.05.18-17.56.49:366][575]LogModuleManager: Shutting down and abandoning module PakFile (4)
[2024.05.18-17.56.49:366][575]LogModuleManager: Shutting down and abandoning module RSA (3)
[2024.05.18-17.56.49:366][575]LogContentStreaming: Display: There are 1 unreleased StreamingManagers
[2024.05.18-17.56.49:404][575]LogD3D11RHI: Shutdown
[2024.05.18-17.56.49:404][575]LogD3D11RHI: CleanupD3DDevice
[2024.05.18-17.56.49:409][575]LogExit: Exiting.
[2024.05.18-17.56.49:422][575]Log file closed, 05/18/24 11:56:49
