Log file open, 05/18/24 16:23:55
LogWindows: Failed to load 'aqProf.dll' (GetLastError=126)
LogWindows: File 'aqProf.dll' does not exist
LogWindows: Failed to load 'VtuneApi.dll' (GetLastError=126)
LogWindows: File 'VtuneApi.dll' does not exist
LogWindows: Failed to load 'VtuneApi32e.dll' (GetLastError=126)
LogWindows: File 'VtuneApi32e.dll' does not exist
LogConsoleResponse: Display: Failed to find resolution value strings in scalability ini. Falling back to default.
LogConsoleResponse: Display: Failed to find resolution value strings in scalability ini. Falling back to default.
LogInit: Display: Running engine for game: MarioAnahuac
LogPlatformFile: Not using cached read wrapper
LogTaskGraph: Started task graph with 5 named threads and 47 total threads with 3 sets of task threads.
LogStats: Stats thread started at 0.457382
LogICUInternationalization: ICU TimeZone Detection - Raw Offset: -6:00, Platform Override: ''
LogInit: Display: Loading text-based GConfig....
LogPluginManager: Mounting plugin MeshPainting
LogPluginManager: Mounting plugin XGEController
LogPluginManager: Mounting plugin Paper2D
LogPluginManager: Mounting plugin AISupport
LogPluginManager: Mounting plugin EnvironmentQueryEditor
LogPluginManager: Mounting plugin LiveLink
LogPluginManager: Mounting plugin LightPropagationVolume
LogPluginManager: Mounting plugin CameraShakePreviewer
LogPluginManager: Mounting plugin GameplayCameras
LogPluginManager: Mounting plugin OodleData
LogPluginManager: Mounting plugin OodleNetwork
LogPluginManager: Mounting plugin AnimationSharing
LogPluginManager: Mounting plugin CodeLiteSourceCodeAccess
LogPluginManager: Mounting plugin CLionSourceCodeAccess
LogPluginManager: Mounting plugin GitSourceControl
LogPluginManager: Mounting plugin KDevelopSourceCodeAccess
LogPluginManager: Mounting plugin NullSourceCodeAccess
LogPluginManager: Mounting plugin PerforceSourceControl
LogPluginManager: Mounting plugin PlasticSourceControl
LogPluginManager: Mounting plugin PixWinPlugin
LogPluginManager: Mounting plugin PluginUtils
LogPluginManager: Mounting plugin PropertyAccessNode
LogPluginManager: Mounting plugin RiderSourceCodeAccess
LogPluginManager: Mounting plugin TextureFormatOodle
LogPluginManager: Mounting plugin SubversionSourceControl
LogPluginManager: Mounting plugin VisualStudioCodeSourceCodeAccess
LogPluginManager: Mounting plugin UObjectPlugin
LogPluginManager: Mounting plugin VisualStudioSourceCodeAccess
LogPluginManager: Mounting plugin XCodeSourceCodeAccess
LogPluginManager: Mounting plugin DatasmithContent
LogPluginManager: Mounting plugin VariantManagerContent
LogPluginManager: Mounting plugin AlembicImporter
LogPluginManager: Mounting plugin AutomationUtils
LogPluginManager: Mounting plugin BackChannel
LogPluginManager: Mounting plugin ChaosCloth
LogPluginManager: Mounting plugin ChaosClothEditor
LogPluginManager: Mounting plugin ChaosEditor
LogPluginManager: Mounting plugin ChaosNiagara
LogPluginManager: Mounting plugin ChaosSolverPlugin
LogPluginManager: Mounting plugin CharacterAI
LogPluginManager: Mounting plugin AssetManagerEditor
LogPluginManager: Mounting plugin CryptoKeys
LogPluginManager: Mounting plugin CurveEditorTools
LogPluginManager: Mounting plugin DataValidation
LogPluginManager: Mounting plugin FacialAnimation
LogPluginManager: Mounting plugin GameplayTagsEditor
LogPluginManager: Mounting plugin GeometryMode
LogPluginManager: Mounting plugin MacGraphicsSwitching
LogPluginManager: Mounting plugin MaterialAnalyzer
LogPluginManager: Mounting plugin MobileLauncherProfileWizard
LogPluginManager: Mounting plugin PluginBrowser
LogPluginManager: Mounting plugin SpeedTreeImporter
LogPluginManager: Mounting plugin GeometryCache
LogPluginManager: Mounting plugin GeometryCollectionPlugin
LogPluginManager: Mounting plugin GeometryProcessing
LogPluginManager: Mounting plugin OpenImageDenoise
LogPluginManager: Mounting plugin MotoSynth
LogPluginManager: Mounting plugin PlatformCrypto
LogPluginManager: Mounting plugin PlanarCut
LogPluginManager: Mounting plugin ProxyLODPlugin
LogPluginManager: Mounting plugin PythonScriptPlugin
LogPluginManager: Mounting plugin Niagara
LogPluginManager: Mounting plugin SkeletalReduction
LogPluginManager: Mounting plugin LuminPlatformFeatures
LogPluginManager: Mounting plugin MagicLeap
LogPluginManager: Mounting plugin MagicLeapLightEstimation
LogPluginManager: Mounting plugin MagicLeapMedia
LogPluginManager: Mounting plugin MagicLeapPassableWorld
LogPluginManager: Mounting plugin MLSDK
LogPluginManager: Mounting plugin AndroidMedia
LogPluginManager: Mounting plugin AvfMedia
LogPluginManager: Mounting plugin ImgMedia
LogPluginManager: Mounting plugin MediaCompositing
LogPluginManager: Mounting plugin MediaPlayerEditor
LogPluginManager: Mounting plugin WebMMedia
LogPluginManager: Mounting plugin WmfMedia
LogPluginManager: Mounting plugin TcpMessaging
LogPluginManager: Mounting plugin ActorSequence
LogPluginManager: Mounting plugin UdpMessaging
LogPluginManager: Mounting plugin LevelSequenceEditor
LogPluginManager: Mounting plugin MatineeToLevelSequence
LogPluginManager: Mounting plugin TemplateSequence
LogPluginManager: Mounting plugin OnlineSubsystem
LogPluginManager: Mounting plugin OnlineSubsystemNull
LogPluginManager: Mounting plugin OnlineSubsystemUtils
LogPluginManager: Mounting plugin LauncherChunkInstaller
LogPluginManager: Mounting plugin ActorLayerUtilities
LogPluginManager: Mounting plugin AndroidMoviePlayer
LogPluginManager: Mounting plugin AndroidPermission
LogPluginManager: Mounting plugin AndroidDeviceProfileSelector
LogPluginManager: Mounting plugin AppleMoviePlayer
LogPluginManager: Mounting plugin AppleImageUtils
LogPluginManager: Mounting plugin ArchVisCharacter
LogPluginManager: Mounting plugin AssetTags
LogPluginManager: Mounting plugin AudioCapture
LogPluginManager: Mounting plugin AudioSynesthesia
LogPluginManager: Mounting plugin CableComponent
LogPluginManager: Mounting plugin ChunkDownloader
LogPluginManager: Mounting plugin CustomMeshComponent
LogPluginManager: Mounting plugin EditableMesh
LogPluginManager: Mounting plugin ExampleDeviceProfileSelector
LogPluginManager: Mounting plugin GoogleCloudMessaging
LogPluginManager: Mounting plugin GooglePAD
LogPluginManager: Mounting plugin IOSDeviceProfileSelector
LogPluginManager: Mounting plugin LinuxDeviceProfileSelector
LogPluginManager: Mounting plugin LocationServicesBPLibrary
LogPluginManager: Mounting plugin MobilePatchingUtils
LogPluginManager: Mounting plugin OpenXREyeTracker
LogPluginManager: Mounting plugin OpenXR
LogPluginManager: Mounting plugin OpenXRHandTracking
LogPluginManager: Mounting plugin PostSplashScreen
LogPluginManager: Mounting plugin ProceduralMeshComponent
LogPluginManager: Mounting plugin PropertyAccessEditor
LogPluginManager: Mounting plugin PhysXVehicles
LogPluginManager: Mounting plugin RuntimePhysXCooking
LogPluginManager: Mounting plugin SignificanceManager
LogPluginManager: Mounting plugin SoundFields
LogPluginManager: Mounting plugin Synthesis
LogPluginManager: Mounting plugin WebMMoviePlayer
LogPluginManager: Mounting plugin WindowsMoviePlayer
LogPluginManager: Mounting plugin ScreenshotTools
LogPluginManager: Mounting plugin Takes
LogPluginManager: Mounting plugin ContentBrowserAssetDataSource
LogPluginManager: Mounting plugin ContentBrowserClassDataSource
LogPluginManager: Mounting plugin ContentBrowserFileDataSource
LogPluginManager: Mounting plugin OnlineSubsystemIOS
LogPluginManager: Mounting plugin OnlineSubsystemGooglePlay
LogPluginManager: Mounting plugin OculusVR
LogPluginManager: Mounting plugin SteamVR
PixWinPlugin: PIX capture plugin failed to initialize! Check that the process is launched from PIX.
LogInit: Using libcurl 7.55.1-DEV
LogInit:  - built for x86_64-pc-win32
LogInit:  - supports SSL with OpenSSL/1.1.1
LogInit:  - supports HTTP deflate (compression) using libz 1.2.8
LogInit:  - other features:
LogInit:      CURL_VERSION_SSL
LogInit:      CURL_VERSION_LIBZ
LogInit:      CURL_VERSION_IPV6
LogInit:      CURL_VERSION_ASYNCHDNS
LogInit:      CURL_VERSION_LARGEFILE
LogInit:      CURL_VERSION_IDN
LogInit:  CurlRequestOptions (configurable via config and command line):
LogInit:  - bVerifyPeer = true  - Libcurl will verify peer certificate
LogInit:  - bUseHttpProxy = false  - Libcurl will NOT use HTTP proxy
LogInit:  - bDontReuseConnections = false  - Libcurl will reuse connections
LogInit:  - MaxHostConnections = 16  - Libcurl will limit the number of connections to a host
LogInit:  - LocalHostAddr = Default
LogInit:  - BufferSize = 65536
LogOnline: OSS: Creating online subsystem instance for: NULL
LogInit: WinSock: version 1.1 (2.2), MaxSocks=32767, MaxUdp=65467
LogOnline: OSS: TryLoadSubsystemAndSetDefault: Loaded subsystem for module [NULL]
LogOculusPluginWrapper: OculusPlugin initialized successfully
LogHMD: Failed initializing OVRPlugin 1.59.0
LogInit: Build: ++UE4+Release-4.27-CL-18319896
LogInit: Engine Version: 4.27.2-18319896+++UE4+Release-4.27
LogInit: Compatible Engine Version: 4.27.0-17155196+++UE4+Release-4.27
LogInit: Net CL: 17155196
LogInit: OS: Windows 10 (Release 2009) (), CPU: AMD Ryzen 7 7840HS w/ Radeon 780M Graphics     , GPU: AMD Radeon(TM) 780M
LogInit: Compiled (64-bit): Nov 30 2021 07:12:08
LogInit: Compiled with Visual C++: 19.24.28315.00
LogInit: Build Configuration: Development
LogInit: Branch Name: ++UE4+Release-4.27
LogInit: Command Line: 
LogInit: Base Directory: C:/Program Files/Epic Games/UE_4.27/Engine/Binaries/Win64/
LogInit: Allocator: TBB
LogInit: Installed Engine Build: 1
LogDevObjectVersion: Number of dev versions registered: 29
LogDevObjectVersion:   Dev-Blueprints (B0D832E4-1F89-4F0D-ACCF-7EB736FD4AA2): 10
LogDevObjectVersion:   Dev-Build (E1C64328-A22C-4D53-A36C-8E866417BD8C): 0
LogDevObjectVersion:   Dev-Core (375EC13C-06E4-48FB-B500-84F0262A717E): 4
LogDevObjectVersion:   Dev-Editor (E4B068ED-F494-42E9-A231-DA0B2E46BB41): 40
LogDevObjectVersion:   Dev-Framework (CFFC743F-43B0-4480-9391-14DF171D2073): 37
LogDevObjectVersion:   Dev-Mobile (B02B49B5-BB20-44E9-A304-32B752E40360): 3
LogDevObjectVersion:   Dev-Networking (A4E4105C-59A1-49B5-A7C5-40C4547EDFEE): 0
LogDevObjectVersion:   Dev-Online (39C831C9-5AE6-47DC-9A44-9C173E1C8E7C): 0
LogDevObjectVersion:   Dev-Physics (78F01B33-EBEA-4F98-B9B4-84EACCB95AA2): 14
LogDevObjectVersion:   Dev-Platform (6631380F-2D4D-43E0-8009-CF276956A95A): 0
LogDevObjectVersion:   Dev-Rendering (12F88B9F-8875-4AFC-A67C-D90C383ABD29): 45
LogDevObjectVersion:   Dev-Sequencer (7B5AE74C-D270-4C10-A958-57980B212A5A): 13
LogDevObjectVersion:   Dev-VR (D7296918-1DD6-4BDD-9DE2-64A83CC13884): 3
LogDevObjectVersion:   Dev-LoadTimes (C2A15278-BFE7-4AFE-6C17-90FF531DF755): 1
LogDevObjectVersion:   Private-Geometry (6EACA3D4-40EC-4CC1-B786-8BED09428FC5): 3
LogDevObjectVersion:   Dev-AnimPhys (29E575DD-E0A3-4627-9D10-D276232CDCEA): 17
LogDevObjectVersion:   Dev-Anim (AF43A65D-7FD3-4947-9873-3E8ED9C1BB05): 15
LogDevObjectVersion:   Dev-ReflectionCapture (6B266CEC-1EC7-4B8F-A30B-E4D90942FC07): 1
LogDevObjectVersion:   Dev-Automation (0DF73D61-A23F-47EA-B727-89E90C41499A): 1
LogDevObjectVersion:   FortniteMain (601D1886-AC64-4F84-AA16-D3DE0DEAC7D6): 47
LogDevObjectVersion:   FortniteRelease (E7086368-6B23-4C58-8439-1B7016265E91): 1
LogDevObjectVersion:   Dev-Enterprise (9DFFBCD6-494F-0158-E221-12823C92A888): 10
LogDevObjectVersion:   Dev-Niagara (F2AED0AC-9AFE-416F-8664-AA7FFA26D6FC): 1
LogDevObjectVersion:   Dev-Destruction (174F1F0B-B4C6-45A5-B13F-2EE8D0FB917D): 10
LogDevObjectVersion:   Dev-Physics-Ext (35F94A83-E258-406C-A318-09F59610247C): 41
LogDevObjectVersion:   Dev-PhysicsMaterial-Chaos (B68FC16E-8B1B-42E2-B453-215C058844FE): 1
LogDevObjectVersion:   Dev-CineCamera (B2E18506-4273-CFC2-A54E-F4BB758BBA07): 1
LogDevObjectVersion:   Dev-VirtualProduction (64F58936-FD1B-42BA-BA96-7289D5D0FA4E): 1
LogDevObjectVersion:   Dev-MediaFramework (6F0ED827-A609-4895-9C91-998D90180EA4): 2
LogInit: Presizing for max 25165824 objects, including 0 objects not considered by GC, pre-allocating 0 bytes for permanent pool.
LogConfig: Applying CVar settings from Section [/Script/Engine.StreamingSettings] File [C:/Users/alber/OneDrive/Documentos/Unreal Projects/MarioAnahuacOrdinario/MarioAnahuacOrdinario/Saved/Config/Windows/Engine.ini]
LogConfig: Setting CVar [[s.MinBulkDataSizeForAsyncLoading:131072]]
LogConfig: Setting CVar [[s.AsyncLoadingThreadEnabled:0]]
LogConfig: Setting CVar [[s.EventDrivenLoaderEnabled:1]]
LogConfig: Setting CVar [[s.WarnIfTimeLimitExceeded:0]]
LogConfig: Setting CVar [[s.TimeLimitExceededMultiplier:1.5]]
LogConfig: Setting CVar [[s.TimeLimitExceededMinTime:0.005]]
LogConfig: Setting CVar [[s.UseBackgroundLevelStreaming:1]]
LogConfig: Setting CVar [[s.PriorityAsyncLoadingExtraTime:15.0]]
LogConfig: Setting CVar [[s.LevelStreamingActorsUpdateTimeLimit:5.0]]
LogConfig: Setting CVar [[s.PriorityLevelStreamingActorsUpdateExtraTime:5.0]]
LogConfig: Setting CVar [[s.LevelStreamingComponentsRegistrationGranularity:10]]
LogConfig: Setting CVar [[s.UnregisterComponentsTimeLimit:1.0]]
LogConfig: Setting CVar [[s.LevelStreamingComponentsUnregistrationGranularity:5]]
LogConfig: Setting CVar [[s.FlushStreamingOnExit:1]]
LogInit: Object subsystem initialized
LogConfig: Setting CVar [[con.DebugEarlyDefault:1]]
LogConfig: Setting CVar [[r.setres:1280x720]]
[2024.05.18-22.23.55:727][  0]LogConfig: Setting CVar [[r.VSync:0]]
[2024.05.18-22.23.55:727][  0]LogConfig: Setting CVar [[r.RHICmdBypass:0]]
[2024.05.18-22.23.55:727][  0]LogConfig: Applying CVar settings from Section [/Script/Engine.RendererSettings] File [C:/Users/alber/OneDrive/Documentos/Unreal Projects/MarioAnahuacOrdinario/MarioAnahuacOrdinario/Saved/Config/Windows/Engine.ini]
[2024.05.18-22.23.55:727][  0]LogConfig: Setting CVar [[r.GPUCrashDebugging:0]]
[2024.05.18-22.23.55:727][  0]LogConfig: Applying CVar settings from Section [/Script/Engine.RendererOverrideSettings] File [C:/Users/alber/OneDrive/Documentos/Unreal Projects/MarioAnahuacOrdinario/MarioAnahuacOrdinario/Saved/Config/Windows/Engine.ini]
[2024.05.18-22.23.55:727][  0]LogConfig: Applying CVar settings from Section [/Script/Engine.StreamingSettings] File [C:/Users/alber/OneDrive/Documentos/Unreal Projects/MarioAnahuacOrdinario/MarioAnahuacOrdinario/Saved/Config/Windows/Engine.ini]
[2024.05.18-22.23.55:727][  0]LogConfig: Setting CVar [[s.MinBulkDataSizeForAsyncLoading:131072]]
[2024.05.18-22.23.55:727][  0]LogConfig: Setting CVar [[s.AsyncLoadingThreadEnabled:0]]
[2024.05.18-22.23.55:727][  0]LogConfig: Setting CVar [[s.EventDrivenLoaderEnabled:1]]
[2024.05.18-22.23.55:727][  0]LogConfig: Setting CVar [[s.WarnIfTimeLimitExceeded:0]]
[2024.05.18-22.23.55:727][  0]LogConfig: Setting CVar [[s.TimeLimitExceededMultiplier:1.5]]
[2024.05.18-22.23.55:727][  0]LogConfig: Setting CVar [[s.TimeLimitExceededMinTime:0.005]]
[2024.05.18-22.23.55:727][  0]LogConfig: Setting CVar [[s.UseBackgroundLevelStreaming:1]]
[2024.05.18-22.23.55:727][  0]LogConfig: Setting CVar [[s.PriorityAsyncLoadingExtraTime:15.0]]
[2024.05.18-22.23.55:727][  0]LogConfig: Setting CVar [[s.LevelStreamingActorsUpdateTimeLimit:5.0]]
[2024.05.18-22.23.55:727][  0]LogConfig: Setting CVar [[s.PriorityLevelStreamingActorsUpdateExtraTime:5.0]]
[2024.05.18-22.23.55:727][  0]LogConfig: Setting CVar [[s.LevelStreamingComponentsRegistrationGranularity:10]]
[2024.05.18-22.23.55:727][  0]LogConfig: Setting CVar [[s.UnregisterComponentsTimeLimit:1.0]]
[2024.05.18-22.23.55:727][  0]LogConfig: Setting CVar [[s.LevelStreamingComponentsUnregistrationGranularity:5]]
[2024.05.18-22.23.55:727][  0]LogConfig: Setting CVar [[s.FlushStreamingOnExit:1]]
[2024.05.18-22.23.55:727][  0]LogConfig: Applying CVar settings from Section [/Script/Engine.GarbageCollectionSettings] File [C:/Users/alber/OneDrive/Documentos/Unreal Projects/MarioAnahuacOrdinario/MarioAnahuacOrdinario/Saved/Config/Windows/Engine.ini]
[2024.05.18-22.23.55:727][  0]LogConfig: Setting CVar [[gc.MaxObjectsNotConsideredByGC:1]]
[2024.05.18-22.23.55:727][  0]LogConfig: Setting CVar [[gc.SizeOfPermanentObjectPool:0]]
[2024.05.18-22.23.55:727][  0]LogConfig: Setting CVar [[gc.FlushStreamingOnGC:0]]
[2024.05.18-22.23.55:727][  0]LogConfig: Setting CVar [[gc.NumRetriesBeforeForcingGC:10]]
[2024.05.18-22.23.55:727][  0]LogConfig: Setting CVar [[gc.AllowParallelGC:1]]
[2024.05.18-22.23.55:727][  0]LogConfig: Setting CVar [[gc.TimeBetweenPurgingPendingKillObjects:61.1]]
[2024.05.18-22.23.55:727][  0]LogConfig: Setting CVar [[gc.MaxObjectsInEditor:25165824]]
[2024.05.18-22.23.55:727][  0]LogConfig: Setting CVar [[gc.IncrementalBeginDestroyEnabled:1]]
[2024.05.18-22.23.55:727][  0]LogConfig: Setting CVar [[gc.CreateGCClusters:1]]
[2024.05.18-22.23.55:727][  0]LogConfig: Setting CVar [[gc.MinGCClusterSize:5]]
[2024.05.18-22.23.55:727][  0]LogConfig: Setting CVar [[gc.ActorClusteringEnabled:0]]
[2024.05.18-22.23.55:727][  0]LogConfig: Setting CVar [[gc.BlueprintClusteringEnabled:0]]
[2024.05.18-22.23.55:727][  0]LogConfig: Setting CVar [[gc.UseDisregardForGCOnDedicatedServers:0]]
[2024.05.18-22.23.55:727][  0]LogConfig: Setting CVar [[gc.MultithreadedDestructionEnabled:1]]
[2024.05.18-22.23.55:727][  0]LogConfig: Applying CVar settings from Section [/Script/Engine.NetworkSettings] File [C:/Users/alber/OneDrive/Documentos/Unreal Projects/MarioAnahuacOrdinario/MarioAnahuacOrdinario/Saved/Config/Windows/Engine.ini]
[2024.05.18-22.23.55:727][  0]LogConfig: Applying CVar settings from Section [/Script/UnrealEd.CookerSettings] File [C:/Users/alber/OneDrive/Documentos/Unreal Projects/MarioAnahuacOrdinario/MarioAnahuacOrdinario/Saved/Config/Windows/Engine.ini]
[2024.05.18-22.23.55:737][  0]LogConfig: Applying CVar settings from Section [ViewDistanceQuality@3] File [C:/Users/alber/OneDrive/Documentos/Unreal Projects/MarioAnahuacOrdinario/MarioAnahuacOrdinario/Saved/Config/Windows/Scalability.ini]
[2024.05.18-22.23.55:737][  0]LogConfig: Setting CVar [[r.SkeletalMeshLODBias:0]]
[2024.05.18-22.23.55:737][  0]LogConfig: Setting CVar [[r.ViewDistanceScale:1.0]]
[2024.05.18-22.23.55:737][  0]LogConfig: Applying CVar settings from Section [AntiAliasingQuality@3] File [C:/Users/alber/OneDrive/Documentos/Unreal Projects/MarioAnahuacOrdinario/MarioAnahuacOrdinario/Saved/Config/Windows/Scalability.ini]
[2024.05.18-22.23.55:737][  0]LogConfig: Setting CVar [[r.PostProcessAAQuality:4]]
[2024.05.18-22.23.55:737][  0]LogConfig: Applying CVar settings from Section [ShadowQuality@3] File [C:/Users/alber/OneDrive/Documentos/Unreal Projects/MarioAnahuacOrdinario/MarioAnahuacOrdinario/Saved/Config/Windows/Scalability.ini]
[2024.05.18-22.23.55:737][  0]LogConfig: Setting CVar [[r.LightFunctionQuality:1]]
[2024.05.18-22.23.55:737][  0]LogConfig: Setting CVar [[r.ShadowQuality:5]]
[2024.05.18-22.23.55:737][  0]LogConfig: Setting CVar [[r.Shadow.CSM.MaxCascades:10]]
[2024.05.18-22.23.55:737][  0]LogConfig: Setting CVar [[r.Shadow.MaxResolution:2048]]
[2024.05.18-22.23.55:737][  0]LogConfig: Setting CVar [[r.Shadow.MaxCSMResolution:2048]]
[2024.05.18-22.23.55:737][  0]LogConfig: Setting CVar [[r.Shadow.RadiusThreshold:0.01]]
[2024.05.18-22.23.55:737][  0]LogConfig: Setting CVar [[r.Shadow.DistanceScale:1.0]]
[2024.05.18-22.23.55:737][  0]LogConfig: Setting CVar [[r.Shadow.CSM.TransitionScale:1.0]]
[2024.05.18-22.23.55:737][  0]LogConfig: Setting CVar [[r.Shadow.PreShadowResolutionFactor:1.0]]
[2024.05.18-22.23.55:737][  0]LogConfig: Setting CVar [[r.DistanceFieldShadowing:1]]
[2024.05.18-22.23.55:737][  0]LogConfig: Setting CVar [[r.DistanceFieldAO:1]]
[2024.05.18-22.23.55:737][  0]LogConfig: Setting CVar [[r.AOQuality:2]]
[2024.05.18-22.23.55:737][  0]LogConfig: Setting CVar [[r.VolumetricFog:1]]
[2024.05.18-22.23.55:737][  0]LogConfig: Setting CVar [[r.VolumetricFog.GridPixelSize:8]]
[2024.05.18-22.23.55:737][  0]LogConfig: Setting CVar [[r.VolumetricFog.GridSizeZ:128]]
[2024.05.18-22.23.55:737][  0]LogConfig: Setting CVar [[r.VolumetricFog.HistoryMissSupersampleCount:4]]
[2024.05.18-22.23.55:737][  0]LogConfig: Setting CVar [[r.LightMaxDrawDistanceScale:1]]
[2024.05.18-22.23.55:737][  0]LogConfig: Setting CVar [[r.CapsuleShadows:1]]
[2024.05.18-22.23.55:737][  0]LogConfig: Applying CVar settings from Section [PostProcessQuality@3] File [C:/Users/alber/OneDrive/Documentos/Unreal Projects/MarioAnahuacOrdinario/MarioAnahuacOrdinario/Saved/Config/Windows/Scalability.ini]
[2024.05.18-22.23.55:737][  0]LogConfig: Setting CVar [[r.MotionBlurQuality:4]]
[2024.05.18-22.23.55:737][  0]LogConfig: Setting CVar [[r.AmbientOcclusionMipLevelFactor:0.4]]
[2024.05.18-22.23.55:737][  0]LogConfig: Setting CVar [[r.AmbientOcclusionMaxQuality:100]]
[2024.05.18-22.23.55:737][  0]LogConfig: Setting CVar [[r.AmbientOcclusionLevels:-1]]
[2024.05.18-22.23.55:737][  0]LogConfig: Setting CVar [[r.AmbientOcclusionRadiusScale:1.0]]
[2024.05.18-22.23.55:737][  0]LogConfig: Setting CVar [[r.DepthOfFieldQuality:2]]
[2024.05.18-22.23.55:737][  0]LogConfig: Setting CVar [[r.RenderTargetPoolMin:400]]
[2024.05.18-22.23.55:737][  0]LogConfig: Setting CVar [[r.LensFlareQuality:2]]
[2024.05.18-22.23.55:737][  0]LogConfig: Setting CVar [[r.SceneColorFringeQuality:1]]
[2024.05.18-22.23.55:737][  0]LogConfig: Setting CVar [[r.EyeAdaptationQuality:2]]
[2024.05.18-22.23.55:737][  0]LogConfig: Setting CVar [[r.BloomQuality:5]]
[2024.05.18-22.23.55:737][  0]LogConfig: Setting CVar [[r.FastBlurThreshold:100]]
[2024.05.18-22.23.55:737][  0]LogConfig: Setting CVar [[r.Upscale.Quality:3]]
[2024.05.18-22.23.55:737][  0]LogConfig: Setting CVar [[r.Tonemapper.GrainQuantization:1]]
[2024.05.18-22.23.55:737][  0]LogConfig: Setting CVar [[r.LightShaftQuality:1]]
[2024.05.18-22.23.55:737][  0]LogConfig: Setting CVar [[r.Filter.SizeScale:1]]
[2024.05.18-22.23.55:737][  0]LogConfig: Setting CVar [[r.Tonemapper.Quality:5]]
[2024.05.18-22.23.55:737][  0]LogConfig: Setting CVar [[r.DOF.Gather.AccumulatorQuality:1        ; higher gathering accumulator quality]]
[2024.05.18-22.23.55:737][  0]LogConfig: Setting CVar [[r.DOF.Gather.PostfilterMethod:1          ; Median3x3 postfilering method]]
[2024.05.18-22.23.55:737][  0]LogConfig: Setting CVar [[r.DOF.Gather.EnableBokehSettings:0       ; no bokeh simulation when gathering]]
[2024.05.18-22.23.55:737][  0]LogConfig: Setting CVar [[r.DOF.Gather.RingCount:4                 ; medium number of samples when gathering]]
[2024.05.18-22.23.55:737][  0]LogConfig: Setting CVar [[r.DOF.Scatter.ForegroundCompositing:1    ; additive foreground scattering]]
[2024.05.18-22.23.55:737][  0]LogConfig: Setting CVar [[r.DOF.Scatter.BackgroundCompositing:2    ; additive background scattering]]
[2024.05.18-22.23.55:737][  0]LogConfig: Setting CVar [[r.DOF.Scatter.EnableBokehSettings:1      ; bokeh simulation when scattering]]
[2024.05.18-22.23.55:737][  0]LogConfig: Setting CVar [[r.DOF.Scatter.MaxSpriteRatio:0.1         ; only a maximum of 10% of scattered bokeh]]
[2024.05.18-22.23.55:737][  0]LogConfig: Setting CVar [[r.DOF.Recombine.Quality:1                ; cheap slight out of focus]]
[2024.05.18-22.23.55:737][  0]LogConfig: Setting CVar [[r.DOF.Recombine.EnableBokehSettings:0    ; no bokeh simulation on slight out of focus]]
[2024.05.18-22.23.55:737][  0]LogConfig: Setting CVar [[r.DOF.TemporalAAQuality:1                ; more stable temporal accumulation]]
[2024.05.18-22.23.55:737][  0]LogConfig: Setting CVar [[r.DOF.Kernel.MaxForegroundRadius:0.025]]
[2024.05.18-22.23.55:737][  0]LogConfig: Setting CVar [[r.DOF.Kernel.MaxBackgroundRadius:0.025]]
[2024.05.18-22.23.55:737][  0]LogConfig: Applying CVar settings from Section [TextureQuality@3] File [C:/Users/alber/OneDrive/Documentos/Unreal Projects/MarioAnahuacOrdinario/MarioAnahuacOrdinario/Saved/Config/Windows/Scalability.ini]
[2024.05.18-22.23.55:737][  0]LogConfig: Setting CVar [[r.Streaming.MipBias:0]]
[2024.05.18-22.23.55:737][  0]LogConfig: Setting CVar [[r.Streaming.AmortizeCPUToGPUCopy:0]]
[2024.05.18-22.23.55:737][  0]LogConfig: Setting CVar [[r.Streaming.MaxNumTexturesToStreamPerFrame:0]]
[2024.05.18-22.23.55:737][  0]LogConfig: Setting CVar [[r.Streaming.Boost:1]]
[2024.05.18-22.23.55:737][  0]LogConfig: Setting CVar [[r.MaxAnisotropy:8]]
[2024.05.18-22.23.55:737][  0]LogConfig: Setting CVar [[r.VT.MaxAnisotropy:8]]
[2024.05.18-22.23.55:737][  0]LogConfig: Setting CVar [[r.Streaming.LimitPoolSizeToVRAM:0]]
[2024.05.18-22.23.55:737][  0]LogConfig: Setting CVar [[r.Streaming.PoolSize:1000]]
[2024.05.18-22.23.55:737][  0]LogConfig: Setting CVar [[r.Streaming.MaxEffectiveScreenSize:0]]
[2024.05.18-22.23.55:737][  0]LogConfig: Applying CVar settings from Section [EffectsQuality@3] File [C:/Users/alber/OneDrive/Documentos/Unreal Projects/MarioAnahuacOrdinario/MarioAnahuacOrdinario/Saved/Config/Windows/Scalability.ini]
[2024.05.18-22.23.55:737][  0]LogConfig: Setting CVar [[r.TranslucencyLightingVolumeDim:64]]
[2024.05.18-22.23.55:737][  0]LogConfig: Setting CVar [[r.RefractionQuality:2]]
[2024.05.18-22.23.55:737][  0]LogConfig: Setting CVar [[r.SSR.Quality:3]]
[2024.05.18-22.23.55:737][  0]LogConfig: Setting CVar [[r.SSR.HalfResSceneColor:0]]
[2024.05.18-22.23.55:737][  0]LogConfig: Setting CVar [[r.SceneColorFormat:4]]
[2024.05.18-22.23.55:737][  0]LogConfig: Setting CVar [[r.DetailMode:2]]
[2024.05.18-22.23.55:738][  0]LogConfig: Setting CVar [[r.TranslucencyVolumeBlur:1]]
[2024.05.18-22.23.55:738][  0]LogConfig: Setting CVar [[r.MaterialQualityLevel:1 ; High quality]]
[2024.05.18-22.23.55:738][  0]LogConfig: Setting CVar [[r.AnisotropicMaterials:1]]
[2024.05.18-22.23.55:738][  0]LogConfig: Setting CVar [[r.SSS.Scale:1]]
[2024.05.18-22.23.55:738][  0]LogConfig: Setting CVar [[r.SSS.SampleSet:2]]
[2024.05.18-22.23.55:738][  0]LogConfig: Setting CVar [[r.SSS.Quality:1]]
[2024.05.18-22.23.55:738][  0]LogConfig: Setting CVar [[r.SSS.HalfRes:0]]
[2024.05.18-22.23.55:738][  0]LogConfig: Setting CVar [[r.SSGI.Quality:3]]
[2024.05.18-22.23.55:738][  0]LogConfig: Setting CVar [[r.EmitterSpawnRateScale:1.0]]
[2024.05.18-22.23.55:738][  0]LogConfig: Setting CVar [[r.ParticleLightQuality:2]]
[2024.05.18-22.23.55:738][  0]LogConfig: Setting CVar [[r.SkyAtmosphere.AerialPerspectiveLUT.FastApplyOnOpaque:1 ; Always have FastSkyLUT 1 in this case to avoid wrong sky]]
[2024.05.18-22.23.55:738][  0]LogConfig: Setting CVar [[r.SkyAtmosphere.AerialPerspectiveLUT.SampleCountMaxPerSlice:4]]
[2024.05.18-22.23.55:738][  0]LogConfig: Setting CVar [[r.SkyAtmosphere.AerialPerspectiveLUT.DepthResolution:16.0]]
[2024.05.18-22.23.55:738][  0]LogConfig: Setting CVar [[r.SkyAtmosphere.FastSkyLUT:1]]
[2024.05.18-22.23.55:738][  0]LogConfig: Setting CVar [[r.SkyAtmosphere.FastSkyLUT.SampleCountMin:4.0]]
[2024.05.18-22.23.55:738][  0]LogConfig: Setting CVar [[r.SkyAtmosphere.FastSkyLUT.SampleCountMax:128.0]]
[2024.05.18-22.23.55:738][  0]LogConfig: Setting CVar [[r.SkyAtmosphere.SampleCountMin:4.0]]
[2024.05.18-22.23.55:738][  0]LogConfig: Setting CVar [[r.SkyAtmosphere.SampleCountMax:128.0]]
[2024.05.18-22.23.55:738][  0]LogConfig: Setting CVar [[r.SkyAtmosphere.TransmittanceLUT.UseSmallFormat:0]]
[2024.05.18-22.23.55:738][  0]LogConfig: Setting CVar [[r.SkyAtmosphere.TransmittanceLUT.SampleCount:10.0]]
[2024.05.18-22.23.55:738][  0]LogConfig: Setting CVar [[r.SkyAtmosphere.MultiScatteringLUT.SampleCount:15.0]]
[2024.05.18-22.23.55:738][  0]LogConfig: Setting CVar [[r.SkyLight.RealTimeReflectionCapture:1]]
[2024.05.18-22.23.55:738][  0]LogConfig: Applying CVar settings from Section [FoliageQuality@3] File [C:/Users/alber/OneDrive/Documentos/Unreal Projects/MarioAnahuacOrdinario/MarioAnahuacOrdinario/Saved/Config/Windows/Scalability.ini]
[2024.05.18-22.23.55:738][  0]LogConfig: Setting CVar [[foliage.DensityScale:1.0]]
[2024.05.18-22.23.55:738][  0]LogConfig: Setting CVar [[grass.DensityScale:1.0]]
[2024.05.18-22.23.55:738][  0]LogConfig: Applying CVar settings from Section [ShadingQuality@3] File [C:/Users/alber/OneDrive/Documentos/Unreal Projects/MarioAnahuacOrdinario/MarioAnahuacOrdinario/Saved/Config/Windows/Scalability.ini]
[2024.05.18-22.23.55:738][  0]LogConfig: Setting CVar [[r.HairStrands.SkyLighting.IntegrationType:2]]
[2024.05.18-22.23.55:738][  0]LogConfig: Setting CVar [[r.HairStrands.SkyAO.SampleCount:4]]
[2024.05.18-22.23.55:738][  0]LogConfig: Setting CVar [[r.HairStrands.Visibility.MSAA.SamplePerPixel:4]]
[2024.05.18-22.23.55:738][  0]LogInit: Selected Device Profile: [Windows]
[2024.05.18-22.23.55:738][  0]LogInit: Applying CVar settings loaded from the selected device profile: [Windows]
[2024.05.18-22.23.55:738][  0]LogHAL: Display: Platform has ~ 16 GB [16309932032 / 17179869184 / 16], which maps to Larger [LargestMinGB=32, LargerMinGB=12, DefaultMinGB=8, SmallerMinGB=6, SmallestMinGB=0)
[2024.05.18-22.23.55:738][  0]LogInit: Going up to parent DeviceProfile []
[2024.05.18-22.23.55:738][  0]LogConfig: Applying CVar settings from Section [ViewDistanceQuality@3] File [C:/Users/alber/OneDrive/Documentos/Unreal Projects/MarioAnahuacOrdinario/MarioAnahuacOrdinario/Saved/Config/Windows/Scalability.ini]
[2024.05.18-22.23.55:738][  0]LogConfig: Setting CVar [[r.SkeletalMeshLODBias:0]]
[2024.05.18-22.23.55:738][  0]LogConfig: Setting CVar [[r.ViewDistanceScale:1.0]]
[2024.05.18-22.23.55:738][  0]LogConfig: Applying CVar settings from Section [AntiAliasingQuality@3] File [C:/Users/alber/OneDrive/Documentos/Unreal Projects/MarioAnahuacOrdinario/MarioAnahuacOrdinario/Saved/Config/Windows/Scalability.ini]
[2024.05.18-22.23.55:738][  0]LogConfig: Setting CVar [[r.PostProcessAAQuality:4]]
[2024.05.18-22.23.55:738][  0]LogConfig: Applying CVar settings from Section [ShadowQuality@3] File [C:/Users/alber/OneDrive/Documentos/Unreal Projects/MarioAnahuacOrdinario/MarioAnahuacOrdinario/Saved/Config/Windows/Scalability.ini]
[2024.05.18-22.23.55:738][  0]LogConfig: Setting CVar [[r.LightFunctionQuality:1]]
[2024.05.18-22.23.55:738][  0]LogConfig: Setting CVar [[r.ShadowQuality:5]]
[2024.05.18-22.23.55:738][  0]LogConfig: Setting CVar [[r.Shadow.CSM.MaxCascades:10]]
[2024.05.18-22.23.55:738][  0]LogConfig: Setting CVar [[r.Shadow.MaxResolution:2048]]
[2024.05.18-22.23.55:738][  0]LogConfig: Setting CVar [[r.Shadow.MaxCSMResolution:2048]]
[2024.05.18-22.23.55:738][  0]LogConfig: Setting CVar [[r.Shadow.RadiusThreshold:0.01]]
[2024.05.18-22.23.55:738][  0]LogConfig: Setting CVar [[r.Shadow.DistanceScale:1.0]]
[2024.05.18-22.23.55:738][  0]LogConfig: Setting CVar [[r.Shadow.CSM.TransitionScale:1.0]]
[2024.05.18-22.23.55:738][  0]LogConfig: Setting CVar [[r.Shadow.PreShadowResolutionFactor:1.0]]
[2024.05.18-22.23.55:738][  0]LogConfig: Setting CVar [[r.DistanceFieldShadowing:1]]
[2024.05.18-22.23.55:738][  0]LogConfig: Setting CVar [[r.DistanceFieldAO:1]]
[2024.05.18-22.23.55:738][  0]LogConfig: Setting CVar [[r.AOQuality:2]]
[2024.05.18-22.23.55:738][  0]LogConfig: Setting CVar [[r.VolumetricFog:1]]
[2024.05.18-22.23.55:738][  0]LogConfig: Setting CVar [[r.VolumetricFog.GridPixelSize:8]]
[2024.05.18-22.23.55:738][  0]LogConfig: Setting CVar [[r.VolumetricFog.GridSizeZ:128]]
[2024.05.18-22.23.55:738][  0]LogConfig: Setting CVar [[r.VolumetricFog.HistoryMissSupersampleCount:4]]
[2024.05.18-22.23.55:738][  0]LogConfig: Setting CVar [[r.LightMaxDrawDistanceScale:1]]
[2024.05.18-22.23.55:738][  0]LogConfig: Setting CVar [[r.CapsuleShadows:1]]
[2024.05.18-22.23.55:738][  0]LogConfig: Applying CVar settings from Section [PostProcessQuality@3] File [C:/Users/alber/OneDrive/Documentos/Unreal Projects/MarioAnahuacOrdinario/MarioAnahuacOrdinario/Saved/Config/Windows/Scalability.ini]
[2024.05.18-22.23.55:738][  0]LogConfig: Setting CVar [[r.MotionBlurQuality:4]]
[2024.05.18-22.23.55:738][  0]LogConfig: Setting CVar [[r.AmbientOcclusionMipLevelFactor:0.4]]
[2024.05.18-22.23.55:738][  0]LogConfig: Setting CVar [[r.AmbientOcclusionMaxQuality:100]]
[2024.05.18-22.23.55:738][  0]LogConfig: Setting CVar [[r.AmbientOcclusionLevels:-1]]
[2024.05.18-22.23.55:738][  0]LogConfig: Setting CVar [[r.AmbientOcclusionRadiusScale:1.0]]
[2024.05.18-22.23.55:738][  0]LogConfig: Setting CVar [[r.DepthOfFieldQuality:2]]
[2024.05.18-22.23.55:738][  0]LogConfig: Setting CVar [[r.RenderTargetPoolMin:400]]
[2024.05.18-22.23.55:738][  0]LogConfig: Setting CVar [[r.LensFlareQuality:2]]
[2024.05.18-22.23.55:738][  0]LogConfig: Setting CVar [[r.SceneColorFringeQuality:1]]
[2024.05.18-22.23.55:738][  0]LogConfig: Setting CVar [[r.EyeAdaptationQuality:2]]
[2024.05.18-22.23.55:738][  0]LogConfig: Setting CVar [[r.BloomQuality:5]]
[2024.05.18-22.23.55:738][  0]LogConfig: Setting CVar [[r.FastBlurThreshold:100]]
[2024.05.18-22.23.55:738][  0]LogConfig: Setting CVar [[r.Upscale.Quality:3]]
[2024.05.18-22.23.55:738][  0]LogConfig: Setting CVar [[r.Tonemapper.GrainQuantization:1]]
[2024.05.18-22.23.55:738][  0]LogConfig: Setting CVar [[r.LightShaftQuality:1]]
[2024.05.18-22.23.55:738][  0]LogConfig: Setting CVar [[r.Filter.SizeScale:1]]
[2024.05.18-22.23.55:738][  0]LogConfig: Setting CVar [[r.Tonemapper.Quality:5]]
[2024.05.18-22.23.55:738][  0]LogConfig: Setting CVar [[r.DOF.Gather.AccumulatorQuality:1        ; higher gathering accumulator quality]]
[2024.05.18-22.23.55:738][  0]LogConfig: Setting CVar [[r.DOF.Gather.PostfilterMethod:1          ; Median3x3 postfilering method]]
[2024.05.18-22.23.55:738][  0]LogConfig: Setting CVar [[r.DOF.Gather.EnableBokehSettings:0       ; no bokeh simulation when gathering]]
[2024.05.18-22.23.55:738][  0]LogConfig: Setting CVar [[r.DOF.Gather.RingCount:4                 ; medium number of samples when gathering]]
[2024.05.18-22.23.55:738][  0]LogConfig: Setting CVar [[r.DOF.Scatter.ForegroundCompositing:1    ; additive foreground scattering]]
[2024.05.18-22.23.55:738][  0]LogConfig: Setting CVar [[r.DOF.Scatter.BackgroundCompositing:2    ; additive background scattering]]
[2024.05.18-22.23.55:738][  0]LogConfig: Setting CVar [[r.DOF.Scatter.EnableBokehSettings:1      ; bokeh simulation when scattering]]
[2024.05.18-22.23.55:738][  0]LogConfig: Setting CVar [[r.DOF.Scatter.MaxSpriteRatio:0.1         ; only a maximum of 10% of scattered bokeh]]
[2024.05.18-22.23.55:738][  0]LogConfig: Setting CVar [[r.DOF.Recombine.Quality:1                ; cheap slight out of focus]]
[2024.05.18-22.23.55:738][  0]LogConfig: Setting CVar [[r.DOF.Recombine.EnableBokehSettings:0    ; no bokeh simulation on slight out of focus]]
[2024.05.18-22.23.55:738][  0]LogConfig: Setting CVar [[r.DOF.TemporalAAQuality:1                ; more stable temporal accumulation]]
[2024.05.18-22.23.55:738][  0]LogConfig: Setting CVar [[r.DOF.Kernel.MaxForegroundRadius:0.025]]
[2024.05.18-22.23.55:738][  0]LogConfig: Setting CVar [[r.DOF.Kernel.MaxBackgroundRadius:0.025]]
[2024.05.18-22.23.55:738][  0]LogConfig: Applying CVar settings from Section [TextureQuality@3] File [C:/Users/alber/OneDrive/Documentos/Unreal Projects/MarioAnahuacOrdinario/MarioAnahuacOrdinario/Saved/Config/Windows/Scalability.ini]
[2024.05.18-22.23.55:738][  0]LogConfig: Setting CVar [[r.Streaming.MipBias:0]]
[2024.05.18-22.23.55:738][  0]LogConfig: Setting CVar [[r.Streaming.AmortizeCPUToGPUCopy:0]]
[2024.05.18-22.23.55:738][  0]LogConfig: Setting CVar [[r.Streaming.MaxNumTexturesToStreamPerFrame:0]]
[2024.05.18-22.23.55:738][  0]LogConfig: Setting CVar [[r.Streaming.Boost:1]]
[2024.05.18-22.23.55:738][  0]LogConfig: Setting CVar [[r.MaxAnisotropy:8]]
[2024.05.18-22.23.55:738][  0]LogConfig: Setting CVar [[r.VT.MaxAnisotropy:8]]
[2024.05.18-22.23.55:738][  0]LogConfig: Setting CVar [[r.Streaming.LimitPoolSizeToVRAM:0]]
[2024.05.18-22.23.55:738][  0]LogConfig: Setting CVar [[r.Streaming.PoolSize:1000]]
[2024.05.18-22.23.55:738][  0]LogConfig: Setting CVar [[r.Streaming.MaxEffectiveScreenSize:0]]
[2024.05.18-22.23.55:738][  0]LogConfig: Applying CVar settings from Section [EffectsQuality@3] File [C:/Users/alber/OneDrive/Documentos/Unreal Projects/MarioAnahuacOrdinario/MarioAnahuacOrdinario/Saved/Config/Windows/Scalability.ini]
[2024.05.18-22.23.55:738][  0]LogConfig: Setting CVar [[r.TranslucencyLightingVolumeDim:64]]
[2024.05.18-22.23.55:738][  0]LogConfig: Setting CVar [[r.RefractionQuality:2]]
[2024.05.18-22.23.55:738][  0]LogConfig: Setting CVar [[r.SSR.Quality:3]]
[2024.05.18-22.23.55:738][  0]LogConfig: Setting CVar [[r.SSR.HalfResSceneColor:0]]
[2024.05.18-22.23.55:738][  0]LogConfig: Setting CVar [[r.SceneColorFormat:4]]
[2024.05.18-22.23.55:738][  0]LogConfig: Setting CVar [[r.DetailMode:2]]
[2024.05.18-22.23.55:738][  0]LogConfig: Setting CVar [[r.TranslucencyVolumeBlur:1]]
[2024.05.18-22.23.55:738][  0]LogConfig: Setting CVar [[r.MaterialQualityLevel:1 ; High quality]]
[2024.05.18-22.23.55:738][  0]LogConfig: Setting CVar [[r.AnisotropicMaterials:1]]
[2024.05.18-22.23.55:738][  0]LogConfig: Setting CVar [[r.SSS.Scale:1]]
[2024.05.18-22.23.55:738][  0]LogConfig: Setting CVar [[r.SSS.SampleSet:2]]
[2024.05.18-22.23.55:738][  0]LogConfig: Setting CVar [[r.SSS.Quality:1]]
[2024.05.18-22.23.55:738][  0]LogConfig: Setting CVar [[r.SSS.HalfRes:0]]
[2024.05.18-22.23.55:738][  0]LogConfig: Setting CVar [[r.SSGI.Quality:3]]
[2024.05.18-22.23.55:738][  0]LogConfig: Setting CVar [[r.EmitterSpawnRateScale:1.0]]
[2024.05.18-22.23.55:738][  0]LogConfig: Setting CVar [[r.ParticleLightQuality:2]]
[2024.05.18-22.23.55:738][  0]LogConfig: Setting CVar [[r.SkyAtmosphere.AerialPerspectiveLUT.FastApplyOnOpaque:1 ; Always have FastSkyLUT 1 in this case to avoid wrong sky]]
[2024.05.18-22.23.55:738][  0]LogConfig: Setting CVar [[r.SkyAtmosphere.AerialPerspectiveLUT.SampleCountMaxPerSlice:4]]
[2024.05.18-22.23.55:738][  0]LogConfig: Setting CVar [[r.SkyAtmosphere.AerialPerspectiveLUT.DepthResolution:16.0]]
[2024.05.18-22.23.55:738][  0]LogConfig: Setting CVar [[r.SkyAtmosphere.FastSkyLUT:1]]
[2024.05.18-22.23.55:738][  0]LogConfig: Setting CVar [[r.SkyAtmosphere.FastSkyLUT.SampleCountMin:4.0]]
[2024.05.18-22.23.55:738][  0]LogConfig: Setting CVar [[r.SkyAtmosphere.FastSkyLUT.SampleCountMax:128.0]]
[2024.05.18-22.23.55:738][  0]LogConfig: Setting CVar [[r.SkyAtmosphere.SampleCountMin:4.0]]
[2024.05.18-22.23.55:738][  0]LogConfig: Setting CVar [[r.SkyAtmosphere.SampleCountMax:128.0]]
[2024.05.18-22.23.55:738][  0]LogConfig: Setting CVar [[r.SkyAtmosphere.TransmittanceLUT.UseSmallFormat:0]]
[2024.05.18-22.23.55:738][  0]LogConfig: Setting CVar [[r.SkyAtmosphere.TransmittanceLUT.SampleCount:10.0]]
[2024.05.18-22.23.55:738][  0]LogConfig: Setting CVar [[r.SkyAtmosphere.MultiScatteringLUT.SampleCount:15.0]]
[2024.05.18-22.23.55:738][  0]LogConfig: Setting CVar [[r.SkyLight.RealTimeReflectionCapture:1]]
[2024.05.18-22.23.55:738][  0]LogConfig: Applying CVar settings from Section [FoliageQuality@3] File [C:/Users/alber/OneDrive/Documentos/Unreal Projects/MarioAnahuacOrdinario/MarioAnahuacOrdinario/Saved/Config/Windows/Scalability.ini]
[2024.05.18-22.23.55:738][  0]LogConfig: Setting CVar [[foliage.DensityScale:1.0]]
[2024.05.18-22.23.55:738][  0]LogConfig: Setting CVar [[grass.DensityScale:1.0]]
[2024.05.18-22.23.55:738][  0]LogConfig: Applying CVar settings from Section [ShadingQuality@3] File [C:/Users/alber/OneDrive/Documentos/Unreal Projects/MarioAnahuacOrdinario/MarioAnahuacOrdinario/Saved/Config/Windows/Scalability.ini]
[2024.05.18-22.23.55:738][  0]LogConfig: Setting CVar [[r.HairStrands.SkyLighting.IntegrationType:2]]
[2024.05.18-22.23.55:738][  0]LogConfig: Setting CVar [[r.HairStrands.SkyAO.SampleCount:4]]
[2024.05.18-22.23.55:738][  0]LogConfig: Setting CVar [[r.HairStrands.Visibility.MSAA.SamplePerPixel:4]]
[2024.05.18-22.23.55:738][  0]LogConfig: Applying CVar settings from Section [Startup] File [../../../Engine/Config/ConsoleVariables.ini]
[2024.05.18-22.23.55:740][  0]LogConfig: Setting CVar [[net.UseAdaptiveNetUpdateFrequency:0]]
[2024.05.18-22.23.55:740][  0]LogConfig: Setting CVar [[p.chaos.AllowCreatePhysxBodies:1]]
[2024.05.18-22.23.55:740][  0]LogConfig: Setting CVar [[fx.SkipVectorVMBackendOptimizations:1]]
[2024.05.18-22.23.55:740][  0]LogConfig: Applying CVar settings from Section [ConsoleVariables] File [C:/Users/alber/OneDrive/Documentos/Unreal Projects/MarioAnahuacOrdinario/MarioAnahuacOrdinario/Saved/Config/Windows/Engine.ini]
[2024.05.18-22.23.55:740][  0]LogConfig: Applying CVar settings from Section [ConsoleVariables] File [C:/Users/alber/OneDrive/Documentos/Unreal Projects/MarioAnahuacOrdinario/MarioAnahuacOrdinario/Saved/Config/Windows/Editor.ini]
[2024.05.18-22.23.55:740][  0]LogInit: Computer: LUISCERàN
[2024.05.18-22.23.55:740][  0]LogInit: User: alber
[2024.05.18-22.23.55:740][  0]LogInit: CPU Page size=4096, Cores=8
[2024.05.18-22.23.55:740][  0]LogInit: High frequency timer resolution =10.000000 MHz
[2024.05.18-22.23.55:740][  0]LogMemory: Memory total: Physical=15.2GB (16GB approx)
[2024.05.18-22.23.55:740][  0]LogMemory: Platform Memory Stats for Windows
[2024.05.18-22.23.55:740][  0]LogMemory: Process Physical Memory: 148.48 MB used, 148.48 MB peak
[2024.05.18-22.23.55:740][  0]LogMemory: Process Virtual Memory: 131.50 MB used, 131.50 MB peak
[2024.05.18-22.23.55:740][  0]LogMemory: Physical Memory: 14779.10 MB used,  775.26 MB free, 15554.36 MB total
[2024.05.18-22.23.55:740][  0]LogMemory: Virtual Memory: 134209520.00 MB used,  8206.24 MB free, 134217728.00 MB total
[2024.05.18-22.23.55:781][  0]LogWindows: WindowsPlatformFeatures enabled
[2024.05.18-22.23.55:854][  0]LogInit: Physics initialised using underlying interface: PhysX
[2024.05.18-22.23.55:855][  0]LogInit: Overriding language with editor language configuration option (en).
[2024.05.18-22.23.55:855][  0]LogInit: Using OS detected locale (es-MX).
[2024.05.18-22.23.56:207][  0]LogInit: Setting process to per monitor DPI aware
[2024.05.18-22.23.56:221][  0]LogWindowsTextInputMethodSystem: Display: IME system deactivated.
[2024.05.18-22.23.56:238][  0]LogSlate: New Slate User Created.  User Index 0, Is Virtual User: 0
[2024.05.18-22.23.56:238][  0]LogSlate: Slate User Registered.  User Index 0, Is Virtual User: 0
[2024.05.18-22.23.56:489][  0]LogD3D11RHI: Loaded GFSDK_Aftermath_Lib.x64.dll
[2024.05.18-22.23.56:536][  0]LogHMD: Failed to initialize OpenVR with code 110
[2024.05.18-22.23.56:536][  0]LogD3D11RHI: D3D11 min allowed feature level: 11_0
[2024.05.18-22.23.56:536][  0]LogD3D11RHI: D3D11 max allowed feature level: 11_0
[2024.05.18-22.23.56:536][  0]LogD3D11RHI: D3D11 adapters:
[2024.05.18-22.23.56:672][  0]LogD3D11RHI:    0. 'NVIDIA GeForce RTX 4060 Laptop GPU' (Feature Level 11_0)
[2024.05.18-22.23.56:672][  0]LogD3D11RHI:       7971/0/7777 MB DedicatedVideo/DedicatedSystem/SharedSystem, Outputs:1, VendorId:0x10de
[2024.05.18-22.23.56:768][  0]LogD3D11RHI:    1. 'AMD Radeon(TM) 780M' (Feature Level 11_0)
[2024.05.18-22.23.56:768][  0]LogD3D11RHI:       416/0/7777 MB DedicatedVideo/DedicatedSystem/SharedSystem, Outputs:0, VendorId:0x1002
[2024.05.18-22.23.56:772][  0]LogD3D11RHI:    2. 'Microsoft Basic Render Driver' (Feature Level 11_0)
[2024.05.18-22.23.56:772][  0]LogD3D11RHI:       0/0/7777 MB DedicatedVideo/DedicatedSystem/SharedSystem, Outputs:0, VendorId:0x1414
[2024.05.18-22.23.56:772][  0]LogD3D11RHI: Chosen D3D11 Adapter:
[2024.05.18-22.23.56:772][  0]LogD3D11RHI:     Description : NVIDIA GeForce RTX 4060 Laptop GPU
[2024.05.18-22.23.56:772][  0]LogD3D11RHI:     VendorId    : 10de
[2024.05.18-22.23.56:772][  0]LogD3D11RHI:     DeviceId    : 28e0
[2024.05.18-22.23.56:772][  0]LogD3D11RHI:     SubSysId    : 3c9317aa
[2024.05.18-22.23.56:772][  0]LogD3D11RHI:     Revision    : 00a1
[2024.05.18-22.23.56:772][  0]LogD3D11RHI:     DedicatedVideoMemory : 8358199296 bytes
[2024.05.18-22.23.56:772][  0]LogD3D11RHI:     DedicatedSystemMemory : 0 bytes
[2024.05.18-22.23.56:772][  0]LogD3D11RHI:     SharedSystemMemory : 8154966016 bytes
[2024.05.18-22.23.56:772][  0]LogD3D11RHI:     AdapterLuid : 0 76928
[2024.05.18-22.23.56:782][  0]LogD3D11RHI: Creating new Direct3DDevice
[2024.05.18-22.23.56:782][  0]LogD3D11RHI:     GPU DeviceId: 0x28e0 (for the marketing name, search the web for "GPU Device Id")
[2024.05.18-22.23.56:782][  0]LogWindows: EnumDisplayDevices:
[2024.05.18-22.23.56:782][  0]LogWindows:    0. 'AMD Radeon(TM) 780M' (P:1 D:1)
[2024.05.18-22.23.56:783][  0]LogWindows:    1. 'AMD Radeon(TM) 780M' (P:0 D:0)
[2024.05.18-22.23.56:783][  0]LogWindows:    2. 'AMD Radeon(TM) 780M' (P:0 D:0)
[2024.05.18-22.23.56:783][  0]LogWindows:    3. 'AMD Radeon(TM) 780M' (P:0 D:0)
[2024.05.18-22.23.56:783][  0]LogWindows:    4. 'NVIDIA GeForce RTX 4060 Laptop GPU' (P:0 D:0)
[2024.05.18-22.23.56:783][  0]LogWindows:    5. 'NVIDIA GeForce RTX 4060 Laptop GPU' (P:0 D:0)
[2024.05.18-22.23.56:784][  0]LogWindows:    6. 'NVIDIA GeForce RTX 4060 Laptop GPU' (P:0 D:0)
[2024.05.18-22.23.56:784][  0]LogWindows:    7. 'NVIDIA GeForce RTX 4060 Laptop GPU' (P:0 D:0)
[2024.05.18-22.23.56:784][  0]LogWindows: DebugString: PrimaryIsNotTheChoosenAdapter PrimaryIsNotTheChoosenAdapter PrimaryIsNotTheChoosenAdapter PrimaryIsNotTheChoosenAdapter FoundDriverCount:4 
[2024.05.18-22.23.56:784][  0]LogD3D11RHI:     Adapter Name: NVIDIA GeForce RTX 4060 Laptop GPU
[2024.05.18-22.23.56:784][  0]LogD3D11RHI:   Driver Version: 537.70 (internal:31.0.15.3770, unified:537.70)
[2024.05.18-22.23.56:784][  0]LogD3D11RHI:      Driver Date: 10-18-2023
[2024.05.18-22.23.56:784][  0]LogRHI: Texture pool is 5579 MB (70% of 7971 MB)
[2024.05.18-22.23.56:784][  0]LogD3D11RHI: Creating D3DDevice using adapter:
[2024.05.18-22.23.56:784][  0]LogD3D11RHI:     Description : NVIDIA GeForce RTX 4060 Laptop GPU
[2024.05.18-22.23.56:784][  0]LogD3D11RHI:     VendorId    : 10de
[2024.05.18-22.23.56:784][  0]LogD3D11RHI:     DeviceId    : 28e0
[2024.05.18-22.23.56:784][  0]LogD3D11RHI:     SubSysId    : 3c9317aa
[2024.05.18-22.23.56:784][  0]LogD3D11RHI:     Revision    : 00a1
[2024.05.18-22.23.56:784][  0]LogD3D11RHI:     DedicatedVideoMemory : 8358199296 bytes
[2024.05.18-22.23.56:784][  0]LogD3D11RHI:     DedicatedSystemMemory : 0 bytes
[2024.05.18-22.23.56:784][  0]LogD3D11RHI:     SharedSystemMemory : 8154966016 bytes
[2024.05.18-22.23.56:784][  0]LogD3D11RHI:     AdapterLuid : 0 76928
[2024.05.18-22.23.56:858][  0]LogD3D11RHI: RHI has support for 64 bit atomics
[2024.05.18-22.23.56:858][  0]LogD3D11RHI: Async texture creation enabled
[2024.05.18-22.23.56:858][  0]LogD3D11RHI: Array index from any shader is supported
[2024.05.18-22.23.56:874][  0]LogD3D11RHI: GPU Timing Frequency: 1000.000000 (Debug: 2 1)
[2024.05.18-22.23.56:907][  0]LogRHI: GeForceNow SDK initialized: 1
[2024.05.18-22.23.57:268][  0]LogTargetPlatformManager: Display: Loaded TargetPlatform 'AllDesktop'
[2024.05.18-22.23.57:294][  0]LogTargetPlatformManager: Display: Loaded TargetPlatform 'Android'
[2024.05.18-22.23.57:294][  0]LogTargetPlatformManager: Display: Loaded TargetPlatform 'Android_ASTC'
[2024.05.18-22.23.57:294][  0]LogTargetPlatformManager: Display: Loaded TargetPlatform 'Android_DXT'
[2024.05.18-22.23.57:294][  0]LogTargetPlatformManager: Display: Loaded TargetPlatform 'Android_ETC2'
[2024.05.18-22.23.57:294][  0]LogTargetPlatformManager: Display: Loaded TargetPlatform 'AndroidClient'
[2024.05.18-22.23.57:294][  0]LogTargetPlatformManager: Display: Loaded TargetPlatform 'Android_ASTCClient'
[2024.05.18-22.23.57:294][  0]LogTargetPlatformManager: Display: Loaded TargetPlatform 'Android_DXTClient'
[2024.05.18-22.23.57:294][  0]LogTargetPlatformManager: Display: Loaded TargetPlatform 'Android_ETC2Client'
[2024.05.18-22.23.57:294][  0]LogTargetPlatformManager: Display: Loaded TargetPlatform 'Android_Multi'
[2024.05.18-22.23.57:294][  0]LogTargetPlatformManager: Display: Loaded TargetPlatform 'Android_MultiClient'
[2024.05.18-22.23.57:316][  0]LogTargetPlatformManager: Display: Loaded TargetPlatform 'IOSClient'
[2024.05.18-22.23.57:316][  0]LogTargetPlatformManager: Display: Loaded TargetPlatform 'IOS'
[2024.05.18-22.23.57:329][  0]LogTargetPlatformManager: Display: Loaded TargetPlatform 'Linux'
[2024.05.18-22.23.57:336][  0]LogTargetPlatformManager: Display: Loaded TargetPlatform 'LinuxNoEditor'
[2024.05.18-22.23.57:343][  0]LogTargetPlatformManager: Display: Loaded TargetPlatform 'LinuxClient'
[2024.05.18-22.23.57:350][  0]LogTargetPlatformManager: Display: Loaded TargetPlatform 'LinuxServer'
[2024.05.18-22.23.57:361][  0]LogTargetPlatformManager: Display: Loaded TargetPlatform 'LinuxAArch64NoEditor'
[2024.05.18-22.23.57:369][  0]LogTargetPlatformManager: Display: Loaded TargetPlatform 'LinuxAArch64Client'
[2024.05.18-22.23.57:375][  0]LogTargetPlatformManager: Display: Loaded TargetPlatform 'LinuxAArch64Server'
[2024.05.18-22.23.57:399][  0]LogTargetPlatformManager: Display: Loaded TargetPlatform 'Lumin'
[2024.05.18-22.23.57:399][  0]LogTargetPlatformManager: Display: Loaded TargetPlatform 'LuminClient'
[2024.05.18-22.23.57:409][  0]LogTargetPlatformManager: Display: Loaded TargetPlatform 'MacNoEditor'
[2024.05.18-22.23.57:415][  0]LogTargetPlatformManager: Display: Loaded TargetPlatform 'Mac'
[2024.05.18-22.23.57:420][  0]LogTargetPlatformManager: Display: Loaded TargetPlatform 'MacClient'
[2024.05.18-22.23.57:427][  0]LogTargetPlatformManager: Display: Loaded TargetPlatform 'MacServer'
[2024.05.18-22.23.57:438][  0]LogTargetPlatformManager: Display: Loaded TargetPlatform 'TVOSClient'
[2024.05.18-22.23.57:438][  0]LogTargetPlatformManager: Display: Loaded TargetPlatform 'TVOS'
[2024.05.18-22.23.57:448][  0]LogTargetPlatformManager: Display: Loaded TargetPlatform 'WindowsNoEditor'
[2024.05.18-22.23.57:455][  0]LogTargetPlatformManager: Display: Loaded TargetPlatform 'Windows'
[2024.05.18-22.23.57:462][  0]LogTargetPlatformManager: Display: Loaded TargetPlatform 'WindowsClient'
[2024.05.18-22.23.57:470][  0]LogTargetPlatformManager: Display: Loaded TargetPlatform 'WindowsServer'
[2024.05.18-22.23.57:470][  0]LogTargetPlatformManager: Display: Building Assets For Windows
[2024.05.18-22.23.57:485][  0]LogAudioDebug: Display: Lib vorbis DLL was dynamically loaded.
[2024.05.18-22.23.57:538][  0]LogTextureFormatOodle: Display: Oodle Texture 2.9.0 init RDO Off
[2024.05.18-22.23.57:594][  0]LogRendererCore: Ray tracing is disabled. Reason: r.RayTracing=0.
[2024.05.18-22.23.57:594][  0]LogShaderCompilers: Guid format shader working directory is -64 characters bigger than the processId version (../../../../../../Users/alber/OneDrive/Documentos/Unreal Projects/MarioAnahuacOrdinario/MarioAnahuacOrdinario/Intermediate/Shaders/WorkingDirectory/31136/).
[2024.05.18-22.23.57:594][  0]LogShaderCompilers: Cleaned the shader compiler working directory 'C:/Users/alber/AppData/Local/Temp/UnrealShaderWorkingDir/7E7E1257400DFC16F2DD7BA924E0DF63/'.
[2024.05.18-22.23.57:594][  0]LogXGEController: Cannot use XGE Controller as Incredibuild is not installed on this machine.
[2024.05.18-22.23.57:595][  0]LogShaderCompilers: Cannot use XGE Shader Compiler as Incredibuild is not installed on this machine.
[2024.05.18-22.23.57:595][  0]LogShaderCompilers: Display: Using Local Shader Compiler.
[2024.05.18-22.23.58:526][  0]LogDerivedDataCache: Display: Max Cache Size: 512 MB
[2024.05.18-22.23.58:612][  0]LogDerivedDataCache: Loaded boot cache 0.09s 94MB C:/Users/alber/AppData/Local/UnrealEngine/4.27/DerivedDataCache/Boot.ddc.
[2024.05.18-22.23.58:612][  0]LogDerivedDataCache: Display: Loaded Boot cache: C:/Users/alber/AppData/Local/UnrealEngine/4.27/DerivedDataCache/Boot.ddc
[2024.05.18-22.23.58:613][  0]LogDerivedDataCache: FDerivedDataBackendGraph:  Pak pak cache file ../../../../../../Users/alber/OneDrive/Documentos/Unreal Projects/MarioAnahuacOrdinario/MarioAnahuacOrdinario/DerivedDataCache/DDC.ddp not found, will not use a pak cache.
[2024.05.18-22.23.58:613][  0]LogDerivedDataCache: Unable to find inner node Pak for hierarchical cache Hierarchy.
[2024.05.18-22.23.58:613][  0]LogDerivedDataCache: FDerivedDataBackendGraph:  CompressedPak pak cache file ../../../../../../Users/alber/OneDrive/Documentos/Unreal Projects/MarioAnahuacOrdinario/MarioAnahuacOrdinario/DerivedDataCache/Compressed.ddp not found, will not use a pak cache.
[2024.05.18-22.23.58:613][  0]LogDerivedDataCache: Unable to find inner node CompressedPak for hierarchical cache Hierarchy.
[2024.05.18-22.23.58:631][  0]LogDerivedDataCache: Display: Pak cache opened for reading ../../../Engine/DerivedDataCache/Compressed.ddp.
[2024.05.18-22.23.58:631][  0]LogDerivedDataCache: FDerivedDataBackendGraph:  EnterprisePak pak cache file ../../../Enterprise/DerivedDataCache/Compressed.ddp not found, will not use a pak cache.
[2024.05.18-22.23.58:631][  0]LogDerivedDataCache: Unable to find inner node EnterprisePak for hierarchical cache Hierarchy.
[2024.05.18-22.23.58:642][  0]LogDerivedDataCache: Speed tests for C:/Users/alber/AppData/Local/UnrealEngine/Common/DerivedDataCache took 0.01 seconds
[2024.05.18-22.23.58:642][  0]LogDerivedDataCache: Display: Performance to C:/Users/alber/AppData/Local/UnrealEngine/Common/DerivedDataCache: Latency=0.05ms. RandomReadSpeed=203.71MBs, RandomWriteSpeed=149.83MBs. Assigned SpeedClass 'Local'
[2024.05.18-22.23.58:643][  0]LogDerivedDataCache: Using Local data cache path C:/Users/alber/AppData/Local/UnrealEngine/Common/DerivedDataCache: Writable
[2024.05.18-22.23.58:643][  0]LogDerivedDataCache: Shared data cache path not found in *engine.ini, will not use an Shared cache.
[2024.05.18-22.23.58:643][  0]LogDerivedDataCache: Unable to find inner node Shared for hierarchical cache Hierarchy.
[2024.05.18-22.23.58:691][  0]LogSlate: Using FreeType 2.10.0
[2024.05.18-22.23.58:692][  0]LogSlate: SlateFontServices - WITH_FREETYPE: 1, WITH_HARFBUZZ: 1
[2024.05.18-22.23.58:725][  0]LogAssetRegistry: FAssetRegistry took 0.0033 seconds to start up
[2024.05.18-22.23.59:036][  0]LogInit: Selected Device Profile: [Windows]
[2024.05.18-22.23.59:036][  0]LogInit: Active device profile: [0000023A6F97B100][0000023A63E61780 49] Windows
[2024.05.18-22.23.59:036][  0]LogInit: Profiles: [0000023A6F97B100][0000023A63E61780 49] Windows, [0000023A6F92D000][0000023A63E69A40 49] WindowsNoEditor, [0000023A6F979000][0000023A5B332180 49] WindowsServer, [0000023A6F92EC00][0000023A5B336440 49] WindowsClient, [0000023A6F97AB00][0000023A5B33A700 49] IOS, [0000023A6F92D600][0000023A5B33E9C0 49] iPadAir, [0000023A6F979500][0000023A5B342C80 49] iPadAir2, [0000023A6F8EBC00][0000023A5B353180 49] IPadPro, [0000023A6F8EBD00][0000023A5B3471C0 49] iPadAir3, [0000023A6F97A700][0000023A5B34F480 49] iPadAir4, [0000023A6F8E9500][0000023A5B34B740 49] iPadMini2, [0000023A6F979600][0000023A5B357A00 49] iPadMini3, [0000023A6F8EA600][0000023A5B35A140 49] iPadMini4, [0000023A6F97A400][0000023A5B35E400 49] iPadMini5, [0000023A6F90F500][0000023A5B372940 49] iPhone6, [0000023A6F90F600][0000023A5B362980 49] iPodTouch6, [0000023A6F8E8300][0000023A5B37AEC0 49] iPhone7, [0000023A6F8E8200][0000023A5B36AF00 49] iPodTouch7, [0000023A6F90D500][0000023A63E65180 49] iPhone5S, [0000023A6F8E8F00][0000023A5B36F400 49] iPhone6Plus, [0000023A6F90E800][0000023A5B3776C0 49] iPhone6S, [0000023A6F8E9300][0000023A5B37F980 49] iPhone6SPlus, [0000023A6F90DA00][0000023A5B3820C0 49] iPhone7Plus, [0000023A6F8EB700][0000023A5B386380 49] iPhoneSE, [0000023A6F90CB00][0000023A5B38A640 49] iPhone8, [0000023A6F8EAB00][0000023A5B38E900 49] iPhone8Plus, [0000023A6F90D700][0000023A63516BC0 49] iPhoneX, [0000023A6F8E8B00][0000023A6351AE80 49] iPhoneXS, [0000023A6F90C500][0000023A6351F140 49] iPhoneXSMax, [0000023A6F8EA300][0000023A5B3673C0 49] iPhoneXR, [0000023A6F90DE00][0000023A63523640 49] iPhone11, [0000023A6F8EB100][0000023A6352B900 49] iPhone11Pro, [0000023A6F90E100][0000023A6352FBC0 49] iPhone11ProMax, [0000023A6F8EAF00][0000023A63532300 49] iPhoneSE2, [0000023A6F90D800][0000023A635365C0 49] iPhone12Mini, [0000023A6F8EB300][0000023A6353A880 49] iPhone12, [0000023A6F90C200][0000023A6353EB40 49] iPhone12Pro, [0000023A6F8EAE00][0000023A63542E00 49] iPhone12ProMax, [0000023A6F90F900][0000023A635470C0 49] iPadPro105, [0000023A6F8EBF00][0000023A6354B380 49] iPadPro129, [0000023A6F90D100][0000023A63527600 49] iPadPro97, [0000023A6F8E8C00][0000023A6354F880 49] iPadPro2_129, [0000023A6F90EF00][0000023A63557B40 49] iPad5, [0000023A6F8E8E00][0000023A6355A280 49] iPad6, [0000023A6F90C700][0000023A6355E540 49] iPad7, [0000023A6F8E9C00][0000023A63562800 49] iPad8, [0000023A6F90F000][0000023A63566AC0 49] iPadPro11, [0000023A6F8E8800][0000023A6356AD80 49] iPadPro2_11, [0000023A6F90E000][0000023A6356F040 49] iPadPro3_129, [0000023A6F8EA000][0000023A63573300 49] iPadPro4_129, [0000023A6F90CE00][0000023A635775C0 49] AppleTV, [0000023A6F8EA900][0000023A63553840 49] AppleTV4K, [0000023A6F90E600][0000023A6F403AC0 49] TVOS, [0000023A6F8EBA00][0000023A6F40A200 49] Mac, [0000023A6F90DD00][0000023A6F40E4C0 49] MacClient, [0000023A6F8E8400][0000023A6F412780 49] MacNoEditor, [0000023A6F92C300][0000023A6F416A40 49] MacServer, [0000023A6D9B4400][0000023A6F41AD00 49] Linux, [0000023A6F92C100][0000023A6F41EFC0 49] LinuxAArch64, [0000023A6D9B5800][0000023A6F423280 49] LinuxNoEditor, [0000023A6F92D300][0000023A6F427540 49] LinuxAArch64NoEditor, [0000023A6D9B4C00][0000023A6F42B800 49] LinuxClient, [0000023A6F92D400][0000023A6F407A80 49] LinuxAArch64Client, [0000023A6D9B5300][0000023A6F42E180 49] LinuxServer, [0000023A6F92EA00][0000023A6F436440 49] LinuxAArch64Server, [0000023A6D9B5700][0000023A6F43A700 49] Android, [0000023A6F92D700][0000023A6F43E9C0 49] Android_Low, [0000023A6D9B4F00][0000023A6F442C80 49] Android_Mid, [0000023A6F92E800][0000023A6F446F40 49] Android_High, [0000023A6D9B5100][0000023A6F44B200 49] Android_Default, [0000023A6F92E600][0000023A6F44F4C0 49] Android_Adreno4xx, [0000023A6D9B4D00][0000023A6F453780 49] Android_Adreno5xx_Low, [0000023A6F92E200][0000023A6F457A40 49] Android_Adreno5xx, [0000023A6D9B5B00][0000023A6F432140 49] Android_Adreno6xx, [0000023A6F92FE00][0000023A6F45A3C0 49] Android_Adreno6xx_Vulkan, [0000023A6D9B4600][0000023A6F462680 49] Android_Mali_T6xx, [0000023A6F92CF00][0000023A6F466940 49] Android_Mali_T7xx, [0000023A6D9B4A00][0000023A6F46AC00 49] Android_Mali_T8xx, [0000023A6F92F800][0000023A6F46EEC0 49] Android_Mali_G71, [0000023A6D9B4900][0000023A6F473180 49] Android_Mali_G72, [0000023A6F92DC00][0000023A6F477440 49] Android_Mali_G72_Vulkan, [0000023A6F8EB600][0000023A6F47B700 49] Android_Mali_G76, [0000023A6F92C600][0000023A6F47F9C0 49] Android_Mali_G76_Vulkan, [0000023A6F8EAC00][0000023A6F482100 49] Android_Mali_G77, [0000023A6F92E100][0000023A6F45E380 49] Android_Mali_G77_Vulkan, [0000023A6F8EB400][0000023A6F486600 49] Android_Mali_G78, [0000023A6F92C400][0000023A6F48E8C0 49] Android_Mali_G78_Vulkan, [0000023A6F8EB500][0000023A6F492B80 49] Android_Mali_G710, [0000023A6F92F300][0000023A6F496E40 49] Android_Mali_G710_Vulkan, [0000023A6F8E9A00][0000023A6F49B100 49] Android_Vulkan_SM5, [0000023A6F92CB00][0000023A6F49F3C0 49] Android_PowerVR_G6xxx, [0000023A6F8E9100][0000023A6F4A3680 49] Android_PowerVR_GT7xxx, [0000023A6F92C200][0000023A6F4A7940 49] Android_PowerVR_GE8xxx, [0000023A6F8E9B00][0000023A6F4ABC00 49] Android_PowerVR_GM9xxx, [0000023A6F92F600][0000023A6F4AE340 49] Android_PowerVR_GM9xxx_Vulkan, [0000023A6F8EB000][0000023A6F48A5C0 49] Android_TegraK1, [0000023A6F92E900][0000023A6F4B2840 49] Android_Unknown_Vulkan, [0000023A6F8EAD00][0000023A6F4BAB00 49] Lumin, [0000023A6F92DF00][0000023A6F4BEDC0 49] Lumin_Desktop, [0000023A6F8EA100][0000023A6F4C3080 49] HoloLens, 
[2024.05.18-22.23.59:209][  0]LogMeshReduction: Using QuadricMeshReduction for automatic static mesh reduction
[2024.05.18-22.23.59:209][  0]LogMeshReduction: Using SimplygonMeshReduction for automatic skeletal mesh reduction
[2024.05.18-22.23.59:209][  0]LogMeshReduction: Using ProxyLODMeshReduction for automatic mesh merging
[2024.05.18-22.23.59:209][  0]LogMeshReduction: No distributed automatic mesh merging module available
[2024.05.18-22.23.59:209][  0]LogMeshMerging: No distributed automatic mesh merging module available
[2024.05.18-22.23.59:238][  0]LogNetVersion: MarioAnahuac 1.0.0, NetCL: 17155196, EngineNetVer: 17, GameNetVer: 0 (Checksum: 2040080247)
[2024.05.18-22.23.59:719][  0]LogTexture: Default maximum texture size for cubemaps generated from long-lat sources has been changed from 512 to unlimited. In order to preserve old behaiour for '/Engine/MapTemplates/Sky/DaylightAmbientCubemap.DaylightAmbientCubemap', its maximum texture size has been explicitly set to 512.
[2024.05.18-22.23.59:798][  0]LogHMD: PokeAHoleMaterial loaded successfully
[2024.05.18-22.23.59:804][  0]LogUObjectArray: 17178 objects as part of root set at end of initial load.
[2024.05.18-22.23.59:804][  0]LogUObjectAllocator: 4302048 out of 0 bytes used by permanent object pool.
[2024.05.18-22.23.59:804][  0]LogUObjectArray: CloseDisregardForGC: 0/0 objects in disregard for GC pool
[2024.05.18-22.24.00:258][  0]LogPython: Using Python 3.7.7
[2024.05.18-22.24.00:879][  0]LogNiagaraDebuggerClient: Niagara Debugger Client Initialized | Session: DC80631747BEF980CC66428B9E013565 | Instance: C890BBF14E3E08BBDCEB058040DDE9CE (LUISCERàN-31136).
[2024.05.18-22.24.01:066][  0]LogTcpMessaging: Initializing TcpMessaging bridge
[2024.05.18-22.24.01:079][  0]LogUdpMessaging: Initializing bridge on interface 0.0.0.0:0 to multicast group 230.0.0.1:6666.
[2024.05.18-22.24.01:300][  0]SourceControl: Source control is disabled
[2024.05.18-22.24.01:300][  0]SourceControl: Source control is disabled
[2024.05.18-22.24.01:305][  0]SourceControl: Source control is disabled
[2024.05.18-22.24.01:311][  0]SourceControl: Source control is disabled
[2024.05.18-22.24.01:326][  0]SourceControl: Source control is disabled
[2024.05.18-22.24.01:330][  0]LogUProjectInfo: Found projects:
[2024.05.18-22.24.01:344][  0]LogVSAccessor: Display: Unable to create Visual Studio setup instance: 80040154
[2024.05.18-22.24.01:345][  0]LogVSAccessor: Display: Unable to create Visual Studio setup instance: 80040154
[2024.05.18-22.24.01:346][  0]LogVSAccessor: Display: Unable to create Visual Studio setup instance: 80040154
[2024.05.18-22.24.01:612][  0]LogOpenImageDenoise: OIDN starting up
[2024.05.18-22.24.01:706][  0]LogAndroidPermission: UAndroidPermissionCallbackProxy::GetInstance
[2024.05.18-22.24.01:742][  0]LogAudioCaptureCore: Display: No Audio Capture implementations found. Audio input will be silent.
[2024.05.18-22.24.01:742][  0]LogAudioCaptureCore: Display: No Audio Capture implementations found. Audio input will be silent.
[2024.05.18-22.24.01:922][  0]LogCollectionManager: Loaded 0 collections in 0.001475 seconds
[2024.05.18-22.24.01:955][  0]LogFileCache: Scanning file cache for directory 'C:/Users/alber/OneDrive/Documentos/Unreal Projects/MarioAnahuacOrdinario/MarioAnahuacOrdinario/Saved/Collections/' took 0.00s
[2024.05.18-22.24.01:955][  0]LogFileCache: Scanning file cache for directory 'C:/Users/alber/OneDrive/Documentos/Unreal Projects/MarioAnahuacOrdinario/MarioAnahuacOrdinario/Content/Developers/alber/Collections/' took 0.00s
[2024.05.18-22.24.01:955][  0]LogFileCache: Scanning file cache for directory 'C:/Users/alber/OneDrive/Documentos/Unreal Projects/MarioAnahuacOrdinario/MarioAnahuacOrdinario/Content/Collections/' took 0.00s
[2024.05.18-22.24.01:955][  0]LogOcInput: OculusInput pre-init called
[2024.05.18-22.24.02:170][  0]LogEngine: Initializing Engine...
[2024.05.18-22.24.02:173][  0]LogHMD: Failed to enumerate extensions. Please check that you have a valid OpenXR runtime installed.
[2024.05.18-22.24.02:174][  0]LogHMD: Failed to initialize OpenVR with code 110
[2024.05.18-22.24.02:174][  0]LogMagicLeap: Warning: VR disabled because ZI is not enabled.  To enable, in the editor, Edit -> Project Settings -> Plugins -> Magic Leap Plugin -> Enable Zero Iteration
[2024.05.18-22.24.02:174][  0]LogStats: UGameplayTagsManager::InitializeManager -  0.000 s
[2024.05.18-22.24.02:307][  0]LogInit: Initializing FReadOnlyCVARCache
[2024.05.18-22.24.02:317][  0]LogAIModule: Creating AISystem for world Untitled
[2024.05.18-22.24.02:318][  0]LogAudio: Display: Initializing Audio Device Manager...
[2024.05.18-22.24.02:323][  0]LogAudio: Display: Loading Default Audio Settings Objects...
[2024.05.18-22.24.02:324][  0]LogAudio: Display: No default SoundConcurrencyObject specified (or failed to load).
[2024.05.18-22.24.02:325][  0]LogAudio: Display: Audio Device Manager Initialized
[2024.05.18-22.24.02:325][  0]LogAudio: Display: Creating Audio Device:                 Id: 1, Scope: Shared, Realtime: True
[2024.05.18-22.24.02:325][  0]LogAudioMixer: Display: Audio Mixer Platform Settings:
[2024.05.18-22.24.02:325][  0]LogAudioMixer: Display: 	Sample Rate:						  48000
[2024.05.18-22.24.02:325][  0]LogAudioMixer: Display: 	Callback Buffer Frame Size Requested: 1024
[2024.05.18-22.24.02:325][  0]LogAudioMixer: Display: 	Callback Buffer Frame Size To Use:	  1024
[2024.05.18-22.24.02:325][  0]LogAudioMixer: Display: 	Number of buffers to queue:			  2
[2024.05.18-22.24.02:325][  0]LogAudioMixer: Display: 	Max Channels (voices):				  32
[2024.05.18-22.24.02:325][  0]LogAudioMixer: Display: 	Number of Async Source Workers:		  0
[2024.05.18-22.24.02:325][  0]LogAudio: Display: AudioDevice MaxSources: 32
[2024.05.18-22.24.02:325][  0]LogAudio: Display: Audio Spatialization Plugin: None (built-in).
[2024.05.18-22.24.02:325][  0]LogAudio: Display: Audio Reverb Plugin: None (built-in).
[2024.05.18-22.24.02:325][  0]LogAudio: Display: Audio Occlusion Plugin: None (built-in).
[2024.05.18-22.24.02:325][  0]LogAudioMixer: Display: Initializing audio mixer.
[2024.05.18-22.24.02:376][  0]LogAudioMixer: Display: 0: FrontLeft
[2024.05.18-22.24.02:376][  0]LogAudioMixer: Display: 1: FrontRight
[2024.05.18-22.24.02:418][  0]LogAudioMixer: Display: Using Audio Device Altavoces (Realtek(R) Audio)
[2024.05.18-22.24.02:419][  0]LogAudioMixer: Display: Initializing Sound Submixes...
[2024.05.18-22.24.02:422][  0]LogAudioMixer: Display: Creating Master Submix 'MasterSubmixDefault'
[2024.05.18-22.24.02:422][  0]LogAudioMixer: Display: Creating Master Submix 'MasterReverbSubmixDefault'
[2024.05.18-22.24.02:423][  0]LogAudioMixer: Display: Creating Master Submix 'MasterEQSubmixDefault'
[2024.05.18-22.24.02:423][  0]LogAudioMixer: FMixerPlatformXAudio2::StartAudioStream() called
[2024.05.18-22.24.02:423][  0]LogAudioMixer: Display: Output buffers initialized: Frames=1024, Channels=2, Samples=2048
[2024.05.18-22.24.02:424][  0]LogAudioMixer: Display: Starting AudioMixerPlatformInterface::RunInternal()
[2024.05.18-22.24.02:424][  0]LogAudioMixer: Display: FMixerPlatformXAudio2::SubmitBuffer() called for the first time
[2024.05.18-22.24.02:424][  0]LogInit: FAudioDevice initialized.
[2024.05.18-22.24.02:424][  0]LogAudio: Display: Audio Device (ID: 1) registered with world 'Untitled'.
[2024.05.18-22.24.02:424][  0]LogNetVersion: Set ProjectVersion to 1.0.0.0. Version Checksum will be recalculated on next use.
[2024.05.18-22.24.02:471][  0]LogDerivedDataCache: Saved boot cache 0.05s 94MB C:/Users/alber/AppData/Local/UnrealEngine/4.27/DerivedDataCache/Boot.ddc.
[2024.05.18-22.24.02:472][  0]LogInit: Texture streaming: Enabled
[2024.05.18-22.24.02:490][  0]LogAnalytics: Display: [UEEditor.Rocket.Release] APIServer = https://datarouter.ol.epicgames.com/. AppVersion = 4.27.2-18319896+++UE4+Release-4.27
[2024.05.18-22.24.02:496][  0]LogEngineSessionManager: EngineSessionManager initialized
[2024.05.18-22.24.02:496][  0]LogEditorSessionSummary: Verbose: Initializing EditorSessionSummaryWriter for editor session tracking
[2024.05.18-22.24.02:498][  0]LogEditorSessionSummary: EditorSessionSummaryWriter initialized
[2024.05.18-22.24.02:533][  0]LogInit: Transaction tracking system initialized
[2024.05.18-22.24.02:571][  0]BlueprintLog: New page: Editor Load
[2024.05.18-22.24.02:663][  0]LocalizationService: Localization service is disabled
[2024.05.18-22.24.02:723][  0]TimingProfiler: Initialize
[2024.05.18-22.24.02:723][  0]TimingProfiler: OnSessionChanged
[2024.05.18-22.24.02:723][  0]LoadingProfiler: Initialize
[2024.05.18-22.24.02:723][  0]LoadingProfiler: OnSessionChanged
[2024.05.18-22.24.02:723][  0]NetworkingProfiler: Initialize
[2024.05.18-22.24.02:723][  0]NetworkingProfiler: OnSessionChanged
[2024.05.18-22.24.02:723][  0]MemoryProfiler: Initialize
[2024.05.18-22.24.02:723][  0]MemoryProfiler: OnSessionChanged
[2024.05.18-22.24.02:812][  0]LogVSAccessor: Display: Unable to create Visual Studio setup instance: 80040154
[2024.05.18-22.24.02:813][  0]LogVSAccessor: Display: Unable to create Visual Studio setup instance: 80040154
[2024.05.18-22.24.02:814][  0]LogVSAccessor: Display: Unable to create Visual Studio setup instance: 80040154
[2024.05.18-22.24.02:936][  0]LogCook: Display: CookSettings for Memory: MemoryMaxUsedVirtual 0MiB, MemoryMaxUsedPhysical 16384MiB, MemoryMinFreeVirtual 0MiB, MemoryMinFreePhysical 1024MiB
[2024.05.18-22.24.02:937][  0]LogCook: Display: Mobile HDR setting 1
[2024.05.18-22.24.03:198][  0]LogFileCache: Scanning file cache for directory 'C:/Users/alber/OneDrive/Documentos/Unreal Projects/MarioAnahuacOrdinario/MarioAnahuacOrdinario/Content/' took 0.02s
[2024.05.18-22.24.03:365][  0]LogInit: Display: Engine is initialized. Leaving FEngineLoop::Init()
[2024.05.18-22.24.03:369][  0]SourceControl: Source control is disabled
[2024.05.18-22.24.03:370][  0]LogUnrealEdMisc: Loading editor; pre map load, took 9.385
[2024.05.18-22.24.03:370][  0]Cmd: MAP LOAD FILE="../../../../../../Users/alber/OneDrive/Documentos/Unreal Projects/MarioAnahuacOrdinario/MarioAnahuacOrdinario/Content/Niveles/Nivel-1.umap" TEMPLATE=0 SHOWPROGRESS=1 FEATURELEVEL=3
[2024.05.18-22.24.03:371][  0]LightingResults: New page: Lighting Build
[2024.05.18-22.24.03:372][  0]LogWorld: UWorld::CleanupWorld for Untitled, bSessionEnded=true, bCleanupResources=true
[2024.05.18-22.24.03:372][  0]LogSlate: InvalidateAllWidgets triggered.  All widgets were invalidated
[2024.05.18-22.24.03:372][  0]MapCheck: New page: Map Check
[2024.05.18-22.24.03:372][  0]LightingResults: New page: Lighting Build
[2024.05.18-22.24.03:390][  0]LogAudio: Display: Audio Device unregistered from world 'None'.
[2024.05.18-22.24.03:394][  0]LogUObjectHash: Compacting FUObjectHashTables data took   0.74ms
[2024.05.18-22.24.04:067][  0]LogAudio: Display: Audio Device (ID: 1) registered with world 'Nivel-1'.
[2024.05.18-22.24.04:068][  0]LogAIModule: Creating AISystem for world Nivel-1
[2024.05.18-22.24.04:145][  0]LogEditorServer: Finished looking for orphan Actors (0.000 secs)
[2024.05.18-22.24.04:158][  0]LogUObjectHash: Compacting FUObjectHashTables data took   1.04ms
[2024.05.18-22.24.04:159][  0]Cmd: MAP CHECKDEP NOCLEARLOG
[2024.05.18-22.24.04:159][  0]MapCheck: Map check complete: 0 Error(s), 0 Warning(s), took 0.201ms to complete.
[2024.05.18-22.24.04:159][  0]LogFileHelpers: Loading map 'Nivel-1' took 0.790
[2024.05.18-22.24.04:160][  0]LogUnrealEdMisc: Total Editor Startup Time, took 10.176
[2024.05.18-22.24.04:266][  0]LogSlate: Updating window title bar state: overlay mode, drag disabled, window buttons hidden, title bar hidden
[2024.05.18-22.24.04:273][  0]LogSlate: Updating window title bar state: overlay mode, drag disabled, window buttons hidden, title bar hidden
[2024.05.18-22.24.04:279][  0]LogSlate: Updating window title bar state: overlay mode, drag disabled, window buttons hidden, title bar hidden
[2024.05.18-22.24.04:284][  0]LogSlate: Updating window title bar state: overlay mode, drag disabled, window buttons hidden, title bar hidden
[2024.05.18-22.24.04:298][  0]LogNativeClassHierarchy: Verbose: Native class hierarchy populated in 0.0086 seconds. Added 3822 classes and 928 folders.
[2024.05.18-22.24.04:299][  0]LogNativeClassHierarchy: Verbose: Native class hierarchy updated for 'WidgetCarousel' in 0.0003 seconds. Added 0 classes and 0 folders.
[2024.05.18-22.24.04:301][  0]LogPakFile: PakFile PrimaryIndexSize=187
[2024.05.18-22.24.04:301][  0]LogPakFile: PakFile PathHashIndexSize=101
[2024.05.18-22.24.04:301][  0]LogPakFile: PakFile FullDirectoryIndexSize=148
[2024.05.18-22.24.04:301][  0]LogShaderLibrary: Display: ShaderCodeLibraryPakFileMountedCallback: PakFile 'C:/Program Files/Epic Games/UE_4.27/FeaturePacks/FP_FirstPerson.upack' (chunk index -1, root 'root:/') mounted
[2024.05.18-22.24.04:301][  0]LogShaderLibrary: Display: ShaderCodeLibraryPakFileMountedCallback: pending pak file info (ChunkID:-1 Root:root:/ File:C:/Program Files/Epic Games/UE_4.27/FeaturePacks/FP_FirstPerson.upack)
[2024.05.18-22.24.04:301][  0]LogPakFile: OnPakFileMounted2Time == 0.000054
[2024.05.18-22.24.04:302][  0]LogPakFile: PakFile PrimaryIndexSize=189
[2024.05.18-22.24.04:302][  0]LogPakFile: PakFile PathHashIndexSize=101
[2024.05.18-22.24.04:302][  0]LogPakFile: PakFile FullDirectoryIndexSize=152
[2024.05.18-22.24.04:302][  0]LogShaderLibrary: Display: ShaderCodeLibraryPakFileMountedCallback: PakFile 'C:/Program Files/Epic Games/UE_4.27/FeaturePacks/FP_FirstPersonBP.upack' (chunk index -1, root 'root:/') mounted
[2024.05.18-22.24.04:302][  0]LogShaderLibrary: Display: ShaderCodeLibraryPakFileMountedCallback: pending pak file info (ChunkID:-1 Root:root:/ File:C:/Program Files/Epic Games/UE_4.27/FeaturePacks/FP_FirstPersonBP.upack)
[2024.05.18-22.24.04:302][  0]LogPakFile: OnPakFileMounted2Time == 0.000026
[2024.05.18-22.24.04:302][  0]LogPakFile: PakFile PrimaryIndexSize=191
[2024.05.18-22.24.04:302][  0]LogPakFile: PakFile PathHashIndexSize=101
[2024.05.18-22.24.04:302][  0]LogPakFile: PakFile FullDirectoryIndexSize=160
[2024.05.18-22.24.04:302][  0]LogShaderLibrary: Display: ShaderCodeLibraryPakFileMountedCallback: PakFile 'C:/Program Files/Epic Games/UE_4.27/FeaturePacks/MobileStarterContent.upack' (chunk index -1, root 'root:/') mounted
[2024.05.18-22.24.04:302][  0]LogShaderLibrary: Display: ShaderCodeLibraryPakFileMountedCallback: pending pak file info (ChunkID:-1 Root:root:/ File:C:/Program Files/Epic Games/UE_4.27/FeaturePacks/MobileStarterContent.upack)
[2024.05.18-22.24.04:302][  0]LogPakFile: OnPakFileMounted2Time == 0.000021
[2024.05.18-22.24.04:302][  0]LogPakFile: PakFile PrimaryIndexSize=185
[2024.05.18-22.24.04:302][  0]LogPakFile: PakFile PathHashIndexSize=101
[2024.05.18-22.24.04:302][  0]LogPakFile: PakFile FullDirectoryIndexSize=148
[2024.05.18-22.24.04:302][  0]LogShaderLibrary: Display: ShaderCodeLibraryPakFileMountedCallback: PakFile 'C:/Program Files/Epic Games/UE_4.27/FeaturePacks/StarterContent.upack' (chunk index -1, root 'root:/') mounted
[2024.05.18-22.24.04:302][  0]LogShaderLibrary: Display: ShaderCodeLibraryPakFileMountedCallback: pending pak file info (ChunkID:-1 Root:root:/ File:C:/Program Files/Epic Games/UE_4.27/FeaturePacks/StarterContent.upack)
[2024.05.18-22.24.04:302][  0]LogPakFile: OnPakFileMounted2Time == 0.000024
[2024.05.18-22.24.04:303][  0]LogPakFile: PakFile PrimaryIndexSize=190
[2024.05.18-22.24.04:303][  0]LogPakFile: PakFile PathHashIndexSize=101
[2024.05.18-22.24.04:303][  0]LogPakFile: PakFile FullDirectoryIndexSize=154
[2024.05.18-22.24.04:303][  0]LogShaderLibrary: Display: ShaderCodeLibraryPakFileMountedCallback: PakFile 'C:/Program Files/Epic Games/UE_4.27/FeaturePacks/TP_2DSideScroller.upack' (chunk index -1, root 'root:/') mounted
[2024.05.18-22.24.04:303][  0]LogShaderLibrary: Display: ShaderCodeLibraryPakFileMountedCallback: pending pak file info (ChunkID:-1 Root:root:/ File:C:/Program Files/Epic Games/UE_4.27/FeaturePacks/TP_2DSideScroller.upack)
[2024.05.18-22.24.04:303][  0]LogPakFile: OnPakFileMounted2Time == 0.000021
[2024.05.18-22.24.04:303][  0]LogPakFile: PakFile PrimaryIndexSize=192
[2024.05.18-22.24.04:303][  0]LogPakFile: PakFile PathHashIndexSize=101
[2024.05.18-22.24.04:303][  0]LogPakFile: PakFile FullDirectoryIndexSize=158
[2024.05.18-22.24.04:303][  0]LogShaderLibrary: Display: ShaderCodeLibraryPakFileMountedCallback: PakFile 'C:/Program Files/Epic Games/UE_4.27/FeaturePacks/TP_2DSideScrollerBP.upack' (chunk index -1, root 'root:/') mounted
[2024.05.18-22.24.04:303][  0]LogShaderLibrary: Display: ShaderCodeLibraryPakFileMountedCallback: pending pak file info (ChunkID:-1 Root:root:/ File:C:/Program Files/Epic Games/UE_4.27/FeaturePacks/TP_2DSideScrollerBP.upack)
[2024.05.18-22.24.04:303][  0]LogPakFile: OnPakFileMounted2Time == 0.000022
[2024.05.18-22.24.04:303][  0]LogPakFile: PakFile PrimaryIndexSize=182
[2024.05.18-22.24.04:304][  0]LogPakFile: PakFile PathHashIndexSize=101
[2024.05.18-22.24.04:304][  0]LogPakFile: PakFile FullDirectoryIndexSize=138
[2024.05.18-22.24.04:304][  0]LogShaderLibrary: Display: ShaderCodeLibraryPakFileMountedCallback: PakFile 'C:/Program Files/Epic Games/UE_4.27/FeaturePacks/TP_Flying.upack' (chunk index -1, root 'root:/') mounted
[2024.05.18-22.24.04:304][  0]LogShaderLibrary: Display: ShaderCodeLibraryPakFileMountedCallback: pending pak file info (ChunkID:-1 Root:root:/ File:C:/Program Files/Epic Games/UE_4.27/FeaturePacks/TP_Flying.upack)
[2024.05.18-22.24.04:304][  0]LogPakFile: OnPakFileMounted2Time == 0.000022
[2024.05.18-22.24.04:304][  0]LogPakFile: PakFile PrimaryIndexSize=184
[2024.05.18-22.24.04:304][  0]LogPakFile: PakFile PathHashIndexSize=101
[2024.05.18-22.24.04:304][  0]LogPakFile: PakFile FullDirectoryIndexSize=142
[2024.05.18-22.24.04:304][  0]LogShaderLibrary: Display: ShaderCodeLibraryPakFileMountedCallback: PakFile 'C:/Program Files/Epic Games/UE_4.27/FeaturePacks/TP_FlyingBP.upack' (chunk index -1, root 'root:/') mounted
[2024.05.18-22.24.04:304][  0]LogShaderLibrary: Display: ShaderCodeLibraryPakFileMountedCallback: pending pak file info (ChunkID:-1 Root:root:/ File:C:/Program Files/Epic Games/UE_4.27/FeaturePacks/TP_FlyingBP.upack)
[2024.05.18-22.24.04:304][  0]LogPakFile: OnPakFileMounted2Time == 0.000021
[2024.05.18-22.24.04:304][  0]LogPakFile: PakFile PrimaryIndexSize=188
[2024.05.18-22.24.04:304][  0]LogPakFile: PakFile PathHashIndexSize=101
[2024.05.18-22.24.04:304][  0]LogPakFile: PakFile FullDirectoryIndexSize=150
[2024.05.18-22.24.04:304][  0]LogShaderLibrary: Display: ShaderCodeLibraryPakFileMountedCallback: PakFile 'C:/Program Files/Epic Games/UE_4.27/FeaturePacks/TP_HandheldARBP.upack' (chunk index -1, root 'root:/') mounted
[2024.05.18-22.24.04:304][  0]LogShaderLibrary: Display: ShaderCodeLibraryPakFileMountedCallback: pending pak file info (ChunkID:-1 Root:root:/ File:C:/Program Files/Epic Games/UE_4.27/FeaturePacks/TP_HandheldARBP.upack)
[2024.05.18-22.24.04:304][  0]LogPakFile: OnPakFileMounted2Time == 0.000021
[2024.05.18-22.24.04:305][  0]LogPakFile: PakFile PrimaryIndexSize=182
[2024.05.18-22.24.04:305][  0]LogPakFile: PakFile PathHashIndexSize=101
[2024.05.18-22.24.04:305][  0]LogPakFile: PakFile FullDirectoryIndexSize=138
[2024.05.18-22.24.04:305][  0]LogShaderLibrary: Display: ShaderCodeLibraryPakFileMountedCallback: PakFile 'C:/Program Files/Epic Games/UE_4.27/FeaturePacks/TP_Puzzle.upack' (chunk index -1, root 'root:/') mounted
[2024.05.18-22.24.04:305][  0]LogShaderLibrary: Display: ShaderCodeLibraryPakFileMountedCallback: pending pak file info (ChunkID:-1 Root:root:/ File:C:/Program Files/Epic Games/UE_4.27/FeaturePacks/TP_Puzzle.upack)
[2024.05.18-22.24.04:305][  0]LogPakFile: OnPakFileMounted2Time == 0.000022
[2024.05.18-22.24.04:305][  0]LogPakFile: PakFile PrimaryIndexSize=184
[2024.05.18-22.24.04:305][  0]LogPakFile: PakFile PathHashIndexSize=101
[2024.05.18-22.24.04:305][  0]LogPakFile: PakFile FullDirectoryIndexSize=142
[2024.05.18-22.24.04:305][  0]LogShaderLibrary: Display: ShaderCodeLibraryPakFileMountedCallback: PakFile 'C:/Program Files/Epic Games/UE_4.27/FeaturePacks/TP_PuzzleBP.upack' (chunk index -1, root 'root:/') mounted
[2024.05.18-22.24.04:305][  0]LogShaderLibrary: Display: ShaderCodeLibraryPakFileMountedCallback: pending pak file info (ChunkID:-1 Root:root:/ File:C:/Program Files/Epic Games/UE_4.27/FeaturePacks/TP_PuzzleBP.upack)
[2024.05.18-22.24.04:305][  0]LogPakFile: OnPakFileMounted2Time == 0.000021
[2024.05.18-22.24.04:305][  0]LogPakFile: PakFile PrimaryIndexSize=183
[2024.05.18-22.24.04:305][  0]LogPakFile: PakFile PathHashIndexSize=101
[2024.05.18-22.24.04:305][  0]LogPakFile: PakFile FullDirectoryIndexSize=140
[2024.05.18-22.24.04:305][  0]LogShaderLibrary: Display: ShaderCodeLibraryPakFileMountedCallback: PakFile 'C:/Program Files/Epic Games/UE_4.27/FeaturePacks/TP_Rolling.upack' (chunk index -1, root 'root:/') mounted
[2024.05.18-22.24.04:305][  0]LogShaderLibrary: Display: ShaderCodeLibraryPakFileMountedCallback: pending pak file info (ChunkID:-1 Root:root:/ File:C:/Program Files/Epic Games/UE_4.27/FeaturePacks/TP_Rolling.upack)
[2024.05.18-22.24.04:305][  0]LogPakFile: OnPakFileMounted2Time == 0.000021
[2024.05.18-22.24.04:307][  0]LogPakFile: PakFile PrimaryIndexSize=185
[2024.05.18-22.24.04:307][  0]LogPakFile: PakFile PathHashIndexSize=101
[2024.05.18-22.24.04:307][  0]LogPakFile: PakFile FullDirectoryIndexSize=144
[2024.05.18-22.24.04:307][  0]LogShaderLibrary: Display: ShaderCodeLibraryPakFileMountedCallback: PakFile 'C:/Program Files/Epic Games/UE_4.27/FeaturePacks/TP_RollingBP.upack' (chunk index -1, root 'root:/') mounted
[2024.05.18-22.24.04:307][  0]LogShaderLibrary: Display: ShaderCodeLibraryPakFileMountedCallback: pending pak file info (ChunkID:-1 Root:root:/ File:C:/Program Files/Epic Games/UE_4.27/FeaturePacks/TP_RollingBP.upack)
[2024.05.18-22.24.04:307][  0]LogPakFile: OnPakFileMounted2Time == 0.000022
[2024.05.18-22.24.04:307][  0]LogPakFile: PakFile PrimaryIndexSize=188
[2024.05.18-22.24.04:307][  0]LogPakFile: PakFile PathHashIndexSize=101
[2024.05.18-22.24.04:307][  0]LogPakFile: PakFile FullDirectoryIndexSize=150
[2024.05.18-22.24.04:307][  0]LogShaderLibrary: Display: ShaderCodeLibraryPakFileMountedCallback: PakFile 'C:/Program Files/Epic Games/UE_4.27/FeaturePacks/TP_SideScroller.upack' (chunk index -1, root 'root:/') mounted
[2024.05.18-22.24.04:307][  0]LogShaderLibrary: Display: ShaderCodeLibraryPakFileMountedCallback: pending pak file info (ChunkID:-1 Root:root:/ File:C:/Program Files/Epic Games/UE_4.27/FeaturePacks/TP_SideScroller.upack)
[2024.05.18-22.24.04:307][  0]LogPakFile: OnPakFileMounted2Time == 0.000026
[2024.05.18-22.24.04:308][  0]LogPakFile: PakFile PrimaryIndexSize=190
[2024.05.18-22.24.04:308][  0]LogPakFile: PakFile PathHashIndexSize=101
[2024.05.18-22.24.04:308][  0]LogPakFile: PakFile FullDirectoryIndexSize=154
[2024.05.18-22.24.04:308][  0]LogShaderLibrary: Display: ShaderCodeLibraryPakFileMountedCallback: PakFile 'C:/Program Files/Epic Games/UE_4.27/FeaturePacks/TP_SideScrollerBP.upack' (chunk index -1, root 'root:/') mounted
[2024.05.18-22.24.04:308][  0]LogShaderLibrary: Display: ShaderCodeLibraryPakFileMountedCallback: pending pak file info (ChunkID:-1 Root:root:/ File:C:/Program Files/Epic Games/UE_4.27/FeaturePacks/TP_SideScrollerBP.upack)
[2024.05.18-22.24.04:308][  0]LogPakFile: OnPakFileMounted2Time == 0.000022
[2024.05.18-22.24.04:308][  0]LogPakFile: PakFile PrimaryIndexSize=187
[2024.05.18-22.24.04:308][  0]LogPakFile: PakFile PathHashIndexSize=101
[2024.05.18-22.24.04:308][  0]LogPakFile: PakFile FullDirectoryIndexSize=148
[2024.05.18-22.24.04:308][  0]LogShaderLibrary: Display: ShaderCodeLibraryPakFileMountedCallback: PakFile 'C:/Program Files/Epic Games/UE_4.27/FeaturePacks/TP_ThirdPerson.upack' (chunk index -1, root 'root:/') mounted
[2024.05.18-22.24.04:308][  0]LogShaderLibrary: Display: ShaderCodeLibraryPakFileMountedCallback: pending pak file info (ChunkID:-1 Root:root:/ File:C:/Program Files/Epic Games/UE_4.27/FeaturePacks/TP_ThirdPerson.upack)
[2024.05.18-22.24.04:308][  0]LogPakFile: OnPakFileMounted2Time == 0.000021
[2024.05.18-22.24.04:308][  0]LogPakFile: PakFile PrimaryIndexSize=189
[2024.05.18-22.24.04:308][  0]LogPakFile: PakFile PathHashIndexSize=101
[2024.05.18-22.24.04:308][  0]LogPakFile: PakFile FullDirectoryIndexSize=152
[2024.05.18-22.24.04:308][  0]LogShaderLibrary: Display: ShaderCodeLibraryPakFileMountedCallback: PakFile 'C:/Program Files/Epic Games/UE_4.27/FeaturePacks/TP_ThirdPersonBP.upack' (chunk index -1, root 'root:/') mounted
[2024.05.18-22.24.04:308][  0]LogShaderLibrary: Display: ShaderCodeLibraryPakFileMountedCallback: pending pak file info (ChunkID:-1 Root:root:/ File:C:/Program Files/Epic Games/UE_4.27/FeaturePacks/TP_ThirdPersonBP.upack)
[2024.05.18-22.24.04:308][  0]LogPakFile: OnPakFileMounted2Time == 0.000022
[2024.05.18-22.24.04:309][  0]LogPakFile: PakFile PrimaryIndexSize=183
[2024.05.18-22.24.04:309][  0]LogPakFile: PakFile PathHashIndexSize=101
[2024.05.18-22.24.04:309][  0]LogPakFile: PakFile FullDirectoryIndexSize=140
[2024.05.18-22.24.04:309][  0]LogShaderLibrary: Display: ShaderCodeLibraryPakFileMountedCallback: PakFile 'C:/Program Files/Epic Games/UE_4.27/FeaturePacks/TP_TopDown.upack' (chunk index -1, root 'root:/') mounted
[2024.05.18-22.24.04:309][  0]LogShaderLibrary: Display: ShaderCodeLibraryPakFileMountedCallback: pending pak file info (ChunkID:-1 Root:root:/ File:C:/Program Files/Epic Games/UE_4.27/FeaturePacks/TP_TopDown.upack)
[2024.05.18-22.24.04:309][  0]LogPakFile: OnPakFileMounted2Time == 0.000029
[2024.05.18-22.24.04:309][  0]LogPakFile: PakFile PrimaryIndexSize=185
[2024.05.18-22.24.04:309][  0]LogPakFile: PakFile PathHashIndexSize=101
[2024.05.18-22.24.04:309][  0]LogPakFile: PakFile FullDirectoryIndexSize=144
[2024.05.18-22.24.04:309][  0]LogShaderLibrary: Display: ShaderCodeLibraryPakFileMountedCallback: PakFile 'C:/Program Files/Epic Games/UE_4.27/FeaturePacks/TP_TopDownBP.upack' (chunk index -1, root 'root:/') mounted
[2024.05.18-22.24.04:309][  0]LogShaderLibrary: Display: ShaderCodeLibraryPakFileMountedCallback: pending pak file info (ChunkID:-1 Root:root:/ File:C:/Program Files/Epic Games/UE_4.27/FeaturePacks/TP_TopDownBP.upack)
[2024.05.18-22.24.04:309][  0]LogPakFile: OnPakFileMounted2Time == 0.000021
[2024.05.18-22.24.04:309][  0]LogPakFile: PakFile PrimaryIndexSize=185
[2024.05.18-22.24.04:309][  0]LogPakFile: PakFile PathHashIndexSize=101
[2024.05.18-22.24.04:309][  0]LogPakFile: PakFile FullDirectoryIndexSize=144
[2024.05.18-22.24.04:309][  0]LogShaderLibrary: Display: ShaderCodeLibraryPakFileMountedCallback: PakFile 'C:/Program Files/Epic Games/UE_4.27/FeaturePacks/TP_TwinStick.upack' (chunk index -1, root 'root:/') mounted
[2024.05.18-22.24.04:309][  0]LogShaderLibrary: Display: ShaderCodeLibraryPakFileMountedCallback: pending pak file info (ChunkID:-1 Root:root:/ File:C:/Program Files/Epic Games/UE_4.27/FeaturePacks/TP_TwinStick.upack)
[2024.05.18-22.24.04:309][  0]LogPakFile: OnPakFileMounted2Time == 0.000021
[2024.05.18-22.24.04:309][  0]LogPakFile: PakFile PrimaryIndexSize=187
[2024.05.18-22.24.04:309][  0]LogPakFile: PakFile PathHashIndexSize=101
[2024.05.18-22.24.04:309][  0]LogPakFile: PakFile FullDirectoryIndexSize=148
[2024.05.18-22.24.04:309][  0]LogShaderLibrary: Display: ShaderCodeLibraryPakFileMountedCallback: PakFile 'C:/Program Files/Epic Games/UE_4.27/FeaturePacks/TP_TwinStickBP.upack' (chunk index -1, root 'root:/') mounted
[2024.05.18-22.24.04:309][  0]LogShaderLibrary: Display: ShaderCodeLibraryPakFileMountedCallback: pending pak file info (ChunkID:-1 Root:root:/ File:C:/Program Files/Epic Games/UE_4.27/FeaturePacks/TP_TwinStickBP.upack)
[2024.05.18-22.24.04:309][  0]LogPakFile: OnPakFileMounted2Time == 0.000021
[2024.05.18-22.24.04:310][  0]LogPakFile: PakFile PrimaryIndexSize=183
[2024.05.18-22.24.04:310][  0]LogPakFile: PakFile PathHashIndexSize=101
[2024.05.18-22.24.04:310][  0]LogPakFile: PakFile FullDirectoryIndexSize=140
[2024.05.18-22.24.04:310][  0]LogShaderLibrary: Display: ShaderCodeLibraryPakFileMountedCallback: PakFile 'C:/Program Files/Epic Games/UE_4.27/FeaturePacks/TP_Vehicle.upack' (chunk index -1, root 'root:/') mounted
[2024.05.18-22.24.04:310][  0]LogShaderLibrary: Display: ShaderCodeLibraryPakFileMountedCallback: pending pak file info (ChunkID:-1 Root:root:/ File:C:/Program Files/Epic Games/UE_4.27/FeaturePacks/TP_Vehicle.upack)
[2024.05.18-22.24.04:310][  0]LogPakFile: OnPakFileMounted2Time == 0.000022
[2024.05.18-22.24.04:310][  0]LogPakFile: PakFile PrimaryIndexSize=186
[2024.05.18-22.24.04:310][  0]LogPakFile: PakFile PathHashIndexSize=101
[2024.05.18-22.24.04:310][  0]LogPakFile: PakFile FullDirectoryIndexSize=146
[2024.05.18-22.24.04:310][  0]LogShaderLibrary: Display: ShaderCodeLibraryPakFileMountedCallback: PakFile 'C:/Program Files/Epic Games/UE_4.27/FeaturePacks/TP_VehicleAdv.upack' (chunk index -1, root 'root:/') mounted
[2024.05.18-22.24.04:310][  0]LogShaderLibrary: Display: ShaderCodeLibraryPakFileMountedCallback: pending pak file info (ChunkID:-1 Root:root:/ File:C:/Program Files/Epic Games/UE_4.27/FeaturePacks/TP_VehicleAdv.upack)
[2024.05.18-22.24.04:310][  0]LogPakFile: OnPakFileMounted2Time == 0.000021
[2024.05.18-22.24.04:310][  0]LogPakFile: PakFile PrimaryIndexSize=188
[2024.05.18-22.24.04:310][  0]LogPakFile: PakFile PathHashIndexSize=101
[2024.05.18-22.24.04:310][  0]LogPakFile: PakFile FullDirectoryIndexSize=150
[2024.05.18-22.24.04:310][  0]LogShaderLibrary: Display: ShaderCodeLibraryPakFileMountedCallback: PakFile 'C:/Program Files/Epic Games/UE_4.27/FeaturePacks/TP_VehicleAdvBP.upack' (chunk index -1, root 'root:/') mounted
[2024.05.18-22.24.04:310][  0]LogShaderLibrary: Display: ShaderCodeLibraryPakFileMountedCallback: pending pak file info (ChunkID:-1 Root:root:/ File:C:/Program Files/Epic Games/UE_4.27/FeaturePacks/TP_VehicleAdvBP.upack)
[2024.05.18-22.24.04:310][  0]LogPakFile: OnPakFileMounted2Time == 0.000021
[2024.05.18-22.24.04:311][  0]LogPakFile: PakFile PrimaryIndexSize=185
[2024.05.18-22.24.04:311][  0]LogPakFile: PakFile PathHashIndexSize=101
[2024.05.18-22.24.04:311][  0]LogPakFile: PakFile FullDirectoryIndexSize=144
[2024.05.18-22.24.04:311][  0]LogShaderLibrary: Display: ShaderCodeLibraryPakFileMountedCallback: PakFile 'C:/Program Files/Epic Games/UE_4.27/FeaturePacks/TP_VehicleBP.upack' (chunk index -1, root 'root:/') mounted
[2024.05.18-22.24.04:311][  0]LogShaderLibrary: Display: ShaderCodeLibraryPakFileMountedCallback: pending pak file info (ChunkID:-1 Root:root:/ File:C:/Program Files/Epic Games/UE_4.27/FeaturePacks/TP_VehicleBP.upack)
[2024.05.18-22.24.04:311][  0]LogPakFile: OnPakFileMounted2Time == 0.000023
[2024.05.18-22.24.04:311][  0]LogPakFile: PakFile PrimaryIndexSize=192
[2024.05.18-22.24.04:311][  0]LogPakFile: PakFile PathHashIndexSize=101
[2024.05.18-22.24.04:311][  0]LogPakFile: PakFile FullDirectoryIndexSize=158
[2024.05.18-22.24.04:311][  0]LogShaderLibrary: Display: ShaderCodeLibraryPakFileMountedCallback: PakFile 'C:/Program Files/Epic Games/UE_4.27/FeaturePacks/TP_VirtualRealityBP.upack' (chunk index -1, root 'root:/') mounted
[2024.05.18-22.24.04:311][  0]LogShaderLibrary: Display: ShaderCodeLibraryPakFileMountedCallback: pending pak file info (ChunkID:-1 Root:root:/ File:C:/Program Files/Epic Games/UE_4.27/FeaturePacks/TP_VirtualRealityBP.upack)
[2024.05.18-22.24.04:311][  0]LogPakFile: OnPakFileMounted2Time == 0.000024
[2024.05.18-22.24.04:349][  0]LogNativeClassHierarchy: Verbose: Native class hierarchy updated for 'AddContentDialog' in 0.0003 seconds. Added 0 classes and 0 folders.
[2024.05.18-22.24.04:350][  0]LogNativeClassHierarchy: Verbose: Native class hierarchy updated for 'SceneOutliner' in 0.0003 seconds. Added 2 classes and 0 folders.
[2024.05.18-22.24.04:538][  0]LogSlate: Took 0.001551 seconds to synchronously load lazily loaded font '../../../Engine/Content/Slate/Fonts/Roboto-Regular.ttf' (155K)
[2024.05.18-22.24.04:539][  0]LogSlate: Took 0.000186 seconds to synchronously load lazily loaded font '../../../Engine/Content/Editor/Slate/Fonts/FontAwesome.ttf' (139K)
[2024.05.18-22.24.04:540][  0]LogSlate: Took 0.000190 seconds to synchronously load lazily loaded font '../../../Engine/Content/Slate/Fonts/Roboto-Bold.ttf' (160K)
[2024.05.18-22.24.04:632][  0]LogRenderer: Reallocating scene render targets to support 964x488 Format 10 NumSamples 1 (Frame:1).
[2024.05.18-22.24.04:683][  0]LogSlate: Took 0.000137 seconds to synchronously load lazily loaded font '../../../Engine/Content/Slate/Fonts/Roboto-Light.ttf' (167K)
[2024.05.18-22.24.04:756][  0]LogNativeClassHierarchy: Verbose: Native class hierarchy updated for 'HierarchicalLODOutliner' in 0.0004 seconds. Added 0 classes and 0 folders.
[2024.05.18-22.24.04:757][  0]LogLoad: (Engine Initialization) Total time: 10.77 seconds
[2024.05.18-22.24.04:757][  0]LogLoad: (Engine Initialization) Total Blueprint compile time: 0.00 seconds
[2024.05.18-22.24.04:821][  0]LogContentStreaming: Texture pool size now 1000 MB
[2024.05.18-22.24.04:847][  1]LogAssetRegistry: Asset discovery search completed in 6.1229 seconds
[2024.05.18-22.24.04:856][  1]LogCollectionManager: Fixed up redirectors for 0 collections in 0.000008 seconds (updated 0 objects)
[2024.05.18-22.24.06:179][  5]LogSlate: Took 0.000169 seconds to synchronously load lazily loaded font '../../../Engine/Content/Slate/Fonts/Roboto-Light.ttf' (167K)
[2024.05.18-22.24.24:069][412]LogUObjectHash: Compacting FUObjectHashTables data took   0.61ms
[2024.05.18-22.24.24:112][412]LogAssetEditorSubsystem: Opening Asset editor for World /Game/Niveles/Nivel-2_1.Nivel-2_1
[2024.05.18-22.24.24:112][412]Cmd: MAP LOAD FILE="../../../../../../Users/alber/OneDrive/Documentos/Unreal Projects/MarioAnahuacOrdinario/MarioAnahuacOrdinario/Content/Niveles/Nivel-2_1.umap" TEMPLATE=0 SHOWPROGRESS=1 FEATURELEVEL=3
[2024.05.18-22.24.24:112][412]LightingResults: New page: Lighting Build
[2024.05.18-22.24.24:112][412]LoadErrors: New page: Loading map: Nivel-2_1.umap
[2024.05.18-22.24.24:145][412]LogWorld: UWorld::CleanupWorld for Nivel-1, bSessionEnded=true, bCleanupResources=true
[2024.05.18-22.24.24:145][412]LogSlate: InvalidateAllWidgets triggered.  All widgets were invalidated
[2024.05.18-22.24.24:145][412]MapCheck: New page: Map Check
[2024.05.18-22.24.24:145][412]LightingResults: New page: Lighting Build
[2024.05.18-22.24.24:148][412]LogAudio: Display: Audio Device unregistered from world 'None'.
[2024.05.18-22.24.24:157][412]LogUObjectHash: Compacting FUObjectHashTables data took   0.95ms
[2024.05.18-22.24.24:157][412]LogAudio: Display: Audio Device (ID: 1) registered with world 'Nivel-2_1'.
[2024.05.18-22.24.24:160][412]LogEditorServer: Finished looking for orphan Actors (0.000 secs)
[2024.05.18-22.24.24:160][412]LogAIModule: Creating AISystem for world Nivel-2_1
[2024.05.18-22.24.24:165][412]LogUObjectHash: Compacting FUObjectHashTables data took   0.51ms
[2024.05.18-22.24.24:168][412]Cmd: MAP CHECKDEP NOCLEARLOG
[2024.05.18-22.24.24:168][412]MapCheck: Map check complete: 0 Error(s), 0 Warning(s), took 0.121ms to complete.
[2024.05.18-22.24.24:168][412]LogFileHelpers: Loading map 'Nivel-2_1' took 0.057
[2024.05.18-22.24.26:166][650]LogEditorViewport: Clicking on Actor (LMB): PlayerStart (PlayerStart)
[2024.05.18-22.24.27:025][746]LogUObjectHash: Compacting FUObjectHashTables data took   0.22ms
[2024.05.18-22.24.27:311][746]LogAssetEditorSubsystem: Opening Asset editor for World /Game/Niveles/Nivel-2.Nivel-2
[2024.05.18-22.24.27:312][746]Cmd: MAP LOAD FILE="../../../../../../Users/alber/OneDrive/Documentos/Unreal Projects/MarioAnahuacOrdinario/MarioAnahuacOrdinario/Content/Niveles/Nivel-2.umap" TEMPLATE=0 SHOWPROGRESS=1 FEATURELEVEL=3
[2024.05.18-22.24.27:312][746]LightingResults: New page: Lighting Build
[2024.05.18-22.24.27:312][746]LoadErrors: New page: Loading map: Nivel-2.umap
[2024.05.18-22.24.27:346][746]LogWorld: UWorld::CleanupWorld for Nivel-2_1, bSessionEnded=true, bCleanupResources=true
[2024.05.18-22.24.27:346][746]LogSlate: InvalidateAllWidgets triggered.  All widgets were invalidated
[2024.05.18-22.24.27:346][746]MapCheck: New page: Map Check
[2024.05.18-22.24.27:346][746]LightingResults: New page: Lighting Build
[2024.05.18-22.24.27:357][746]LogAudio: Display: Audio Device unregistered from world 'None'.
[2024.05.18-22.24.27:361][746]LogUObjectHash: Compacting FUObjectHashTables data took   0.96ms
[2024.05.18-22.24.27:362][746]LogAudio: Display: Audio Device (ID: 1) registered with world 'Nivel-2'.
[2024.05.18-22.24.27:494][746]LogEditorServer: Finished looking for orphan Actors (0.000 secs)
[2024.05.18-22.24.27:494][746]LogAIModule: Creating AISystem for world Nivel-2
[2024.05.18-22.24.27:513][746]LogUObjectHash: Compacting FUObjectHashTables data took   0.75ms
[2024.05.18-22.24.27:520][746]Cmd: MAP CHECKDEP NOCLEARLOG
[2024.05.18-22.24.27:520][746]MapCheck: Map check complete: 0 Error(s), 0 Warning(s), took 0.262ms to complete.
[2024.05.18-22.24.27:520][746]LogFileHelpers: Loading map 'Nivel-2' took 0.210
[2024.05.18-22.24.31:530][217]LogEditorViewport: Clicking on Actor (LMB): AmbientSound (Super_Mario_Bros__Underground_Theme_Cue)
[2024.05.18-22.24.32:629][342]Cmd: EDIT COPY
[2024.05.18-22.24.32:960][381]Cmd: EDIT COPY
[2024.05.18-22.25.36:301][132]LogAssetEditorSubsystem: Opening Asset editor for LevelScriptBlueprint /Game/Niveles/Nivel-2.Nivel-2:PersistentLevel.Nivel-2
[2024.05.18-22.25.36:509][132]LogNativeClassHierarchy: Verbose: Native class hierarchy updated for 'BlueprintGraph' in 0.0005 seconds. Added 126 classes and 0 folders.
[2024.05.18-22.25.37:095][132]LogSlate: Took 0.000830 seconds to synchronously load lazily loaded font '../../../Engine/Content/Slate/Fonts/Roboto-BoldCondensed.ttf' (158K)
[2024.05.18-22.25.37:564][176]LogSlate: Took 0.000949 seconds to synchronously load lazily loaded font '../../../Engine/Content/Slate/Fonts/Roboto-Italic.ttf' (157K)
[2024.05.18-22.25.38:823][296]LogSlate: Window 'Nivel-2' being destroyed
[2024.05.18-22.25.38:828][297]LogRenderer: Reallocating scene render targets to support 1204x612 Format 10 NumSamples 1 (Frame:1230).
[2024.05.18-22.25.49:296][509]LogEditorViewport: Clicking on Actor (LMB): AmbientSound (Super_Mario_Bros__Underground_Theme_Cue)
[2024.05.18-22.25.56:122][188]LogAssetEditorSubsystem: Opening Asset editor for Blueprint /Game/Blueprint/Musica.Musica
[2024.05.18-22.30.58:325][468]LogTemp: Repeating last play command: Selected Viewport
[2024.05.18-22.30.58:332][468]LogPlayLevel: PlayLevel: No blueprints needed recompiling
[2024.05.18-22.30.58:332][468]PIE: New page: PIE session: Nivel-2 (18 may. 2024 11:30:58)
[2024.05.18-22.30.58:336][468]LogOnline: OSS: Creating online subsystem instance for: NULL
[2024.05.18-22.30.58:337][468]LogOnline: OSS: TryLoadSubsystemAndSetDefault: Loaded subsystem for module [NULL]
[2024.05.18-22.30.58:337][468]LogPlayLevel: Creating play world package: /Game/Niveles/UEDPIE_0_Nivel-2
[2024.05.18-22.30.58:402][468]LogPlayLevel: PIE: StaticDuplicateObject took: (0.064345s)
[2024.05.18-22.30.58:403][468]LogAIModule: Creating AISystem for world Nivel-2
[2024.05.18-22.30.58:403][468]LogPlayLevel: PIE: World Init took: (0.001404s)
[2024.05.18-22.30.58:404][468]LogPlayLevel: PIE: Created PIE world by copying editor world from /Game/Niveles/Nivel-2.Nivel-2 to /Game/Niveles/UEDPIE_0_Nivel-2.Nivel-2 (0.066164s)
[2024.05.18-22.30.58:438][468]LogUObjectHash: Compacting FUObjectHashTables data took   2.73ms
[2024.05.18-22.30.58:442][468]LogAudio: Display: Creating Audio Device:                 Id: 2, Scope: Unique, Realtime: True
[2024.05.18-22.30.58:442][468]LogAudioMixer: Display: Audio Mixer Platform Settings:
[2024.05.18-22.30.58:442][468]LogAudioMixer: Display: 	Sample Rate:						  48000
[2024.05.18-22.30.58:442][468]LogAudioMixer: Display: 	Callback Buffer Frame Size Requested: 1024
[2024.05.18-22.30.58:442][468]LogAudioMixer: Display: 	Callback Buffer Frame Size To Use:	  1024
[2024.05.18-22.30.58:442][468]LogAudioMixer: Display: 	Number of buffers to queue:			  2
[2024.05.18-22.30.58:442][468]LogAudioMixer: Display: 	Max Channels (voices):				  32
[2024.05.18-22.30.58:442][468]LogAudioMixer: Display: 	Number of Async Source Workers:		  0
[2024.05.18-22.30.58:442][468]LogAudio: Display: AudioDevice MaxSources: 32
[2024.05.18-22.30.58:443][468]LogAudio: Display: Audio Spatialization Plugin: None (built-in).
[2024.05.18-22.30.58:443][468]LogAudio: Display: Audio Reverb Plugin: None (built-in).
[2024.05.18-22.30.58:443][468]LogAudio: Display: Audio Occlusion Plugin: None (built-in).
[2024.05.18-22.30.58:443][468]LogAudioMixer: Display: Initializing audio mixer.
[2024.05.18-22.30.58:445][468]LogAudioMixer: Display: 0: FrontLeft
[2024.05.18-22.30.58:445][468]LogAudioMixer: Display: 1: FrontRight
[2024.05.18-22.30.58:483][468]LogAudioMixer: Display: Using Audio Device Altavoces (Realtek(R) Audio)
[2024.05.18-22.30.58:483][468]LogAudioMixer: Display: Initializing Sound Submixes...
[2024.05.18-22.30.58:483][468]LogAudioMixer: Display: Creating Master Submix 'MasterSubmixDefault'
[2024.05.18-22.30.58:483][468]LogAudioMixer: Display: Creating Master Submix 'MasterReverbSubmixDefault'
[2024.05.18-22.30.58:484][468]LogAudioMixer: Display: Creating Master Submix 'MasterEQSubmixDefault'
[2024.05.18-22.30.58:484][468]LogAudioMixer: FMixerPlatformXAudio2::StartAudioStream() called
[2024.05.18-22.30.58:484][468]LogAudioMixer: Display: Output buffers initialized: Frames=1024, Channels=2, Samples=2048
[2024.05.18-22.30.58:485][468]LogAudioMixer: Display: Starting AudioMixerPlatformInterface::RunInternal()
[2024.05.18-22.30.58:485][468]LogAudioMixer: Display: FMixerPlatformXAudio2::SubmitBuffer() called for the first time
[2024.05.18-22.30.58:485][468]LogInit: FAudioDevice initialized.
[2024.05.18-22.30.58:485][468]LogAudio: Display: Audio Device (ID: 2) registered with world 'Nivel-2'.
[2024.05.18-22.30.58:499][468]LogLoad: Game class is 'SideScrollerGameMode_C'
[2024.05.18-22.30.58:527][468]LogWorld: Bringing World /Game/Niveles/UEDPIE_0_Nivel-2.Nivel-2 up for play (max tick rate 0) at 2024.05.18-16.30.58
[2024.05.18-22.30.58:534][468]LogWorld: Bringing up level for play took: 0.034034
[2024.05.18-22.30.58:535][468]LogOnline: OSS: Creating online subsystem instance for: :Context_15
[2024.05.18-22.30.58:539][468]LogNativeClassHierarchy: Verbose: Native class hierarchy updated for 'MovieSceneCapture' in 0.0003 seconds. Added 20 classes and 0 folders.
[2024.05.18-22.30.58:547][468]PIE: Server logged in
[2024.05.18-22.30.58:548][468]PIE: Play in editor total start time 0.219 seconds.
[2024.05.18-22.30.58:562][468]LogAudio: Warning: Detected orphaned looping sound 'Super_Mario_Bros__Underground_Theme_Cue'.
[2024.05.18-22.31.00:946][704]LogSlate: Updating window title bar state: overlay mode, drag disabled, window buttons hidden, title bar hidden
[2024.05.18-22.31.00:946][704]LogWorld: BeginTearingDown for /Game/Niveles/UEDPIE_0_Nivel-2
[2024.05.18-22.31.00:948][704]LogWorld: UWorld::CleanupWorld for Nivel-2, bSessionEnded=true, bCleanupResources=true
[2024.05.18-22.31.00:960][704]LogSlate: InvalidateAllWidgets triggered.  All widgets were invalidated
[2024.05.18-22.31.00:977][704]LogPlayLevel: Display: Shutting down PIE online subsystems
[2024.05.18-22.31.00:987][704]LogSlate: InvalidateAllWidgets triggered.  All widgets were invalidated
[2024.05.18-22.31.01:009][704]LogAudio: Display: Audio Device unregistered from world 'None'.
[2024.05.18-22.31.01:014][704]LogAudioMixer: FMixerPlatformXAudio2::StopAudioStream() called
[2024.05.18-22.31.01:015][704]LogAudioMixer: FMixerPlatformXAudio2::StopAudioStream() called
[2024.05.18-22.31.01:020][704]LogSlate: Updating window title bar state: overlay mode, drag disabled, window buttons hidden, title bar hidden
[2024.05.18-22.31.01:045][704]LogUObjectHash: Compacting FUObjectHashTables data took   2.63ms
[2024.05.18-22.31.01:070][705]LogPlayLevel: Display: Destroying online subsystem :Context_15
[2024.05.18-22.31.02:389][857]Cmd: DELETE
[2024.05.18-22.31.02:389][857]Cmd: ACTOR DELETE
[2024.05.18-22.31.02:409][857]LogEditorActor: Deleted Actor: Musica_C
[2024.05.18-22.31.02:432][857]LogUObjectHash: Compacting FUObjectHashTables data took   1.99ms
[2024.05.18-22.31.02:434][857]LogEditorActor: Deleted 1 Actors (0.044 secs)
[2024.05.18-22.31.03:808][ 17]LogTemp: Repeating last play command: Selected Viewport
[2024.05.18-22.31.03:812][ 17]LogPlayLevel: PlayLevel: No blueprints needed recompiling
[2024.05.18-22.31.03:812][ 17]PIE: New page: PIE session: Nivel-2 (18 may. 2024 11:31:03)
[2024.05.18-22.31.03:845][ 17]LogPlayLevel: Creating play world package: /Game/Niveles/UEDPIE_0_Nivel-2
[2024.05.18-22.31.03:906][ 17]LogPlayLevel: PIE: StaticDuplicateObject took: (0.060482s)
[2024.05.18-22.31.03:906][ 17]LogAIModule: Creating AISystem for world Nivel-2
[2024.05.18-22.31.03:907][ 17]LogPlayLevel: PIE: World Init took: (0.001009s)
[2024.05.18-22.31.03:907][ 17]LogPlayLevel: PIE: Created PIE world by copying editor world from /Game/Niveles/Nivel-2.Nivel-2 to /Game/Niveles/UEDPIE_0_Nivel-2.Nivel-2 (0.061732s)
[2024.05.18-22.31.03:925][ 17]LogUObjectHash: Compacting FUObjectHashTables data took   1.71ms
[2024.05.18-22.31.03:927][ 17]LogAudio: Display: Creating Audio Device:                 Id: 3, Scope: Unique, Realtime: True
[2024.05.18-22.31.03:927][ 17]LogAudioMixer: Display: Audio Mixer Platform Settings:
[2024.05.18-22.31.03:927][ 17]LogAudioMixer: Display: 	Sample Rate:						  48000
[2024.05.18-22.31.03:927][ 17]LogAudioMixer: Display: 	Callback Buffer Frame Size Requested: 1024
[2024.05.18-22.31.03:927][ 17]LogAudioMixer: Display: 	Callback Buffer Frame Size To Use:	  1024
[2024.05.18-22.31.03:927][ 17]LogAudioMixer: Display: 	Number of buffers to queue:			  2
[2024.05.18-22.31.03:927][ 17]LogAudioMixer: Display: 	Max Channels (voices):				  32
[2024.05.18-22.31.03:927][ 17]LogAudioMixer: Display: 	Number of Async Source Workers:		  0
[2024.05.18-22.31.03:927][ 17]LogAudio: Display: AudioDevice MaxSources: 32
[2024.05.18-22.31.03:927][ 17]LogAudio: Display: Audio Spatialization Plugin: None (built-in).
[2024.05.18-22.31.03:927][ 17]LogAudio: Display: Audio Reverb Plugin: None (built-in).
[2024.05.18-22.31.03:927][ 17]LogAudio: Display: Audio Occlusion Plugin: None (built-in).
[2024.05.18-22.31.03:927][ 17]LogAudioMixer: Display: Initializing audio mixer.
[2024.05.18-22.31.03:929][ 17]LogAudioMixer: Display: 0: FrontLeft
[2024.05.18-22.31.03:929][ 17]LogAudioMixer: Display: 1: FrontRight
[2024.05.18-22.31.03:965][ 17]LogAudioMixer: Display: Using Audio Device Altavoces (Realtek(R) Audio)
[2024.05.18-22.31.03:966][ 17]LogAudioMixer: Display: Initializing Sound Submixes...
[2024.05.18-22.31.03:966][ 17]LogAudioMixer: Display: Creating Master Submix 'MasterSubmixDefault'
[2024.05.18-22.31.03:966][ 17]LogAudioMixer: Display: Creating Master Submix 'MasterReverbSubmixDefault'
[2024.05.18-22.31.03:966][ 17]LogAudioMixer: Display: Creating Master Submix 'MasterEQSubmixDefault'
[2024.05.18-22.31.03:966][ 17]LogAudioMixer: FMixerPlatformXAudio2::StartAudioStream() called
[2024.05.18-22.31.03:966][ 17]LogAudioMixer: Display: Output buffers initialized: Frames=1024, Channels=2, Samples=2048
[2024.05.18-22.31.03:967][ 17]LogAudioMixer: Display: Starting AudioMixerPlatformInterface::RunInternal()
[2024.05.18-22.31.03:967][ 17]LogAudioMixer: Display: FMixerPlatformXAudio2::SubmitBuffer() called for the first time
[2024.05.18-22.31.03:967][ 17]LogInit: FAudioDevice initialized.
[2024.05.18-22.31.03:967][ 17]LogAudio: Display: Audio Device (ID: 3) registered with world 'Nivel-2'.
[2024.05.18-22.31.03:978][ 17]LogLoad: Game class is 'SideScrollerGameMode_C'
[2024.05.18-22.31.04:004][ 17]LogWorld: Bringing World /Game/Niveles/UEDPIE_0_Nivel-2.Nivel-2 up for play (max tick rate 0) at 2024.05.18-16.31.04
[2024.05.18-22.31.04:006][ 17]LogWorld: Bringing up level for play took: 0.027279
[2024.05.18-22.31.04:006][ 17]LogOnline: OSS: Creating online subsystem instance for: :Context_16
[2024.05.18-22.31.04:012][ 17]PIE: Server logged in
[2024.05.18-22.31.04:013][ 17]PIE: Play in editor total start time 0.201 seconds.
[2024.05.18-22.31.05:806][223]LogSlate: Updating window title bar state: overlay mode, drag disabled, window buttons hidden, title bar hidden
[2024.05.18-22.31.05:806][223]LogWorld: BeginTearingDown for /Game/Niveles/UEDPIE_0_Nivel-2
[2024.05.18-22.31.05:808][223]LogWorld: UWorld::CleanupWorld for Nivel-2, bSessionEnded=true, bCleanupResources=true
[2024.05.18-22.31.05:817][223]LogSlate: InvalidateAllWidgets triggered.  All widgets were invalidated
[2024.05.18-22.31.05:824][223]LogPlayLevel: Display: Shutting down PIE online subsystems
[2024.05.18-22.31.05:829][223]LogSlate: InvalidateAllWidgets triggered.  All widgets were invalidated
[2024.05.18-22.31.05:848][223]LogSlate: Updating window title bar state: overlay mode, drag disabled, window buttons hidden, title bar hidden
[2024.05.18-22.31.05:848][223]LogAudioMixer: FMixerPlatformXAudio2::StopAudioStream() called
[2024.05.18-22.31.05:852][223]LogAudioMixer: FMixerPlatformXAudio2::StopAudioStream() called
[2024.05.18-22.31.05:868][223]LogUObjectHash: Compacting FUObjectHashTables data took   2.44ms
[2024.05.18-22.31.05:887][224]LogPlayLevel: Display: Destroying online subsystem :Context_16
[2024.05.18-22.34.31:742][388]LogUObjectHash: Compacting FUObjectHashTables data took   3.21ms
[2024.05.18-22.34.32:049][388]LogSavePackage: Moving '../../../../../../Users/alber/OneDrive/Documentos/Unreal Projects/MarioAnahuacOrdinario/MarioAnahuacOrdinario/Saved/Nivel-2_Auto18BA9CEDD4282FF1EE4480D9C3CD41487.tmp' to '../../../../../../Users/alber/OneDrive/Documentos/Unreal Projects/MarioAnahuacOrdinario/MarioAnahuacOrdinario/Saved/Autosaves/Game/Niveles/Nivel-2_Auto1.umap'
[2024.05.18-22.34.32:052][388]LogFileHelpers: Editor autosave (incl. external actors) for '/Game/Niveles/Nivel-2' took 0.337
[2024.05.18-22.34.32:052][388]LogFileHelpers: Editor autosave (incl. sublevels & external actors) for all levels took 0.337
[2024.05.18-22.34.32:053][388]OBJ SavePackage: Generating thumbnails for [0] asset(s) in package [/Game/Blueprint/Musica] ([2] browsable assets)...
[2024.05.18-22.34.32:053][388]OBJ SavePackage: Finished generating thumbnails for package [/Game/Blueprint/Musica]
[2024.05.18-22.34.32:061][388]LogSavePackage: Moving '../../../../../../Users/alber/OneDrive/Documentos/Unreal Projects/MarioAnahuacOrdinario/MarioAnahuacOrdinario/Saved/Musica_Auto12BA94F4248C0611A0E6F7FB63155E13F.tmp' to '../../../../../../Users/alber/OneDrive/Documentos/Unreal Projects/MarioAnahuacOrdinario/MarioAnahuacOrdinario/Saved/Autosaves/Game/Blueprint/Musica_Auto1.uasset'
[2024.05.18-22.34.32:062][388]LogFileHelpers: Auto-saving content packages took 0.010
[2024.05.18-22.39.05:239][ 88]LogTemp: Repeating last play command: Selected Viewport
[2024.05.18-22.39.05:248][ 88]BlueprintLog: New page: Pre-Play auto-recompile
[2024.05.18-22.39.05:249][ 88]LogPlayLevel: [PlayLevel] Compiling Nivel-2 before play...
[2024.05.18-22.39.05:318][ 88]LogUObjectHash: Compacting FUObjectHashTables data took   3.05ms
[2024.05.18-22.39.05:320][ 88]LogPlayLevel: PlayLevel: Blueprint regeneration took 72 ms (1 blueprints)
[2024.05.18-22.39.05:320][ 88]PIE: New page: PIE session: Nivel-2 (18 may. 2024 11:39:05)
[2024.05.18-22.39.05:342][ 88]LogPlayLevel: Creating play world package: /Game/Niveles/UEDPIE_0_Nivel-2
[2024.05.18-22.39.05:409][ 88]LogPlayLevel: PIE: StaticDuplicateObject took: (0.067521s)
[2024.05.18-22.39.05:409][ 88]LogAIModule: Creating AISystem for world Nivel-2
[2024.05.18-22.39.05:411][ 88]LogPlayLevel: PIE: World Init took: (0.001103s)
[2024.05.18-22.39.05:411][ 88]LogPlayLevel: PIE: Created PIE world by copying editor world from /Game/Niveles/Nivel-2.Nivel-2 to /Game/Niveles/UEDPIE_0_Nivel-2.Nivel-2 (0.068922s)
[2024.05.18-22.39.05:433][ 88]LogUObjectHash: Compacting FUObjectHashTables data took   2.34ms
[2024.05.18-22.39.05:433][ 88]LogAudio: Display: Creating Audio Device:                 Id: 4, Scope: Unique, Realtime: True
[2024.05.18-22.39.05:433][ 88]LogAudioMixer: Display: Audio Mixer Platform Settings:
[2024.05.18-22.39.05:433][ 88]LogAudioMixer: Display: 	Sample Rate:						  48000
[2024.05.18-22.39.05:433][ 88]LogAudioMixer: Display: 	Callback Buffer Frame Size Requested: 1024
[2024.05.18-22.39.05:433][ 88]LogAudioMixer: Display: 	Callback Buffer Frame Size To Use:	  1024
[2024.05.18-22.39.05:433][ 88]LogAudioMixer: Display: 	Number of buffers to queue:			  2
[2024.05.18-22.39.05:433][ 88]LogAudioMixer: Display: 	Max Channels (voices):				  32
[2024.05.18-22.39.05:433][ 88]LogAudioMixer: Display: 	Number of Async Source Workers:		  0
[2024.05.18-22.39.05:433][ 88]LogAudio: Display: AudioDevice MaxSources: 32
[2024.05.18-22.39.05:434][ 88]LogAudio: Display: Audio Spatialization Plugin: None (built-in).
[2024.05.18-22.39.05:434][ 88]LogAudio: Display: Audio Reverb Plugin: None (built-in).
[2024.05.18-22.39.05:434][ 88]LogAudio: Display: Audio Occlusion Plugin: None (built-in).
[2024.05.18-22.39.05:434][ 88]LogAudioMixer: Display: Initializing audio mixer.
[2024.05.18-22.39.05:438][ 88]LogAudioMixer: Display: 0: FrontLeft
[2024.05.18-22.39.05:438][ 88]LogAudioMixer: Display: 1: FrontRight
[2024.05.18-22.39.05:477][ 88]LogAudioMixer: Display: Using Audio Device Altavoces (Realtek(R) Audio)
[2024.05.18-22.39.05:477][ 88]LogAudioMixer: Display: Initializing Sound Submixes...
[2024.05.18-22.39.05:477][ 88]LogAudioMixer: Display: Creating Master Submix 'MasterSubmixDefault'
[2024.05.18-22.39.05:477][ 88]LogAudioMixer: Display: Creating Master Submix 'MasterReverbSubmixDefault'
[2024.05.18-22.39.05:477][ 88]LogAudioMixer: Display: Creating Master Submix 'MasterEQSubmixDefault'
[2024.05.18-22.39.05:477][ 88]LogAudioMixer: FMixerPlatformXAudio2::StartAudioStream() called
[2024.05.18-22.39.05:477][ 88]LogAudioMixer: Display: Output buffers initialized: Frames=1024, Channels=2, Samples=2048
[2024.05.18-22.39.05:479][ 88]LogAudioMixer: Display: Starting AudioMixerPlatformInterface::RunInternal()
[2024.05.18-22.39.05:479][ 88]LogAudioMixer: Display: FMixerPlatformXAudio2::SubmitBuffer() called for the first time
[2024.05.18-22.39.05:479][ 88]LogInit: FAudioDevice initialized.
[2024.05.18-22.39.05:479][ 88]LogAudio: Display: Audio Device (ID: 4) registered with world 'Nivel-2'.
[2024.05.18-22.39.05:493][ 88]LogLoad: Game class is 'SideScrollerGameMode_C'
[2024.05.18-22.39.05:521][ 88]LogWorld: Bringing World /Game/Niveles/UEDPIE_0_Nivel-2.Nivel-2 up for play (max tick rate 0) at 2024.05.18-16.39.05
[2024.05.18-22.39.05:523][ 88]LogWorld: Bringing up level for play took: 0.029970
[2024.05.18-22.39.05:523][ 88]LogOnline: OSS: Creating online subsystem instance for: :Context_17
[2024.05.18-22.39.05:532][ 88]PIE: Server logged in
[2024.05.18-22.39.05:533][ 88]PIE: Play in editor total start time 0.287 seconds.
[2024.05.18-22.39.12:093][838]LogSlate: Updating window title bar state: overlay mode, drag disabled, window buttons hidden, title bar hidden
[2024.05.18-22.39.12:093][838]LogWorld: BeginTearingDown for /Game/Niveles/UEDPIE_0_Nivel-2
[2024.05.18-22.39.12:094][838]LogWorld: UWorld::CleanupWorld for Nivel-2, bSessionEnded=true, bCleanupResources=true
[2024.05.18-22.39.12:102][838]LogSlate: InvalidateAllWidgets triggered.  All widgets were invalidated
[2024.05.18-22.39.12:114][838]LogPlayLevel: Display: Shutting down PIE online subsystems
[2024.05.18-22.39.12:120][838]LogSlate: InvalidateAllWidgets triggered.  All widgets were invalidated
[2024.05.18-22.39.12:143][838]LogAudio: Display: Audio Device unregistered from world 'None'.
[2024.05.18-22.39.12:147][838]LogAudioMixer: FMixerPlatformXAudio2::StopAudioStream() called
[2024.05.18-22.39.12:148][838]LogAudioMixer: FMixerPlatformXAudio2::StopAudioStream() called
[2024.05.18-22.39.12:155][838]LogSlate: Updating window title bar state: overlay mode, drag disabled, window buttons hidden, title bar hidden
[2024.05.18-22.39.12:162][838]LogUObjectHash: Compacting FUObjectHashTables data took   1.92ms
[2024.05.18-22.39.12:183][839]LogPlayLevel: Display: Destroying online subsystem :Context_17
[2024.05.18-22.42.46:719][850]LogAssetEditorSubsystem: Opening Asset editor for Blueprint /Game/Blueprint/Moneda.Moneda
[2024.05.18-22.44.39:342][311]LogUObjectHash: Compacting FUObjectHashTables data took   2.83ms
[2024.05.18-22.44.39:672][311]LogSavePackage: Moving '../../../../../../Users/alber/OneDrive/Documentos/Unreal Projects/MarioAnahuacOrdinario/MarioAnahuacOrdinario/Saved/Nivel-2_Auto257EAAD1040CA9889BD7C758779D2EF43.tmp' to '../../../../../../Users/alber/OneDrive/Documentos/Unreal Projects/MarioAnahuacOrdinario/MarioAnahuacOrdinario/Saved/Autosaves/Game/Niveles/Nivel-2_Auto2.umap'
[2024.05.18-22.44.39:675][311]LogFileHelpers: Editor autosave (incl. external actors) for '/Game/Niveles/Nivel-2' took 0.367
[2024.05.18-22.44.39:675][311]LogFileHelpers: Editor autosave (incl. sublevels & external actors) for all levels took 0.367
[2024.05.18-22.52.07:473][581]LogEditorViewport: Clicking on Actor (LMB): ActivadorDeGoomba_C (ActivadorDeGoomba4)
[2024.05.18-22.52.08:110][646]LogEditorViewport: Clicking on Actor (LMB): ActivadorDeGoomba_C (ActivadorDeGoomba3)
[2024.05.18-22.52.08:528][690]LogEditorViewport: Clicking on Actor (LMB): ActivadorDeGoomba_C (ActivadorDeGoomba5)
[2024.05.18-22.52.09:275][769]LogEditorViewport: Clicking on Actor (context menu): Moneda_C (Moneda9)
[2024.05.18-22.52.09:898][825]LogEditorViewport: Clicking on Actor (LMB): ActivadorDeGoomba_C (ActivadorDeGoomba5)
[2024.05.18-22.52.10:241][860]LogEditorViewport: Clicking Background
[2024.05.18-22.56.45:235][361]LogEditorViewport: Clicking on Actor (LMB): Bloque_de_ladrillo_azul_C (Bloque_de_ladrillo_azul92)
[2024.05.18-22.56.57:644][646]LogEditorViewport: Clicking on Actor (LMB): Bloque_de_ladrillo_azul_C (Bloque_de_ladrillo_azul96)
[2024.05.18-22.56.58:115][674]LogEditorViewport: Clicking on Actor (LMB): Bloque_de_ladrillo_azul_C (Bloque_de_ladrillo_azul149)
[2024.05.18-22.57.44:146][256]LogEditorViewport: Clicking Background
[2024.05.18-23.00.26:760][605]LogEditorViewport: Clicking on Actor (LMB): Bloque_de_ladrillo_azul_C (Bloque_de_ladrillo_azul169)
[2024.05.18-23.00.27:143][627]LogEditorViewport: Clicking on Actor (LMB): Bloque_de_ladrillo_azul_C (Bloque_de_ladrillo_azul173)
[2024.05.18-23.02.08:847][265]LogEditorViewport: Clicking on Actor (LMB): Goomba_C (Goomba6)
[2024.05.18-23.08.22:688][153]LogEditorViewport: Clicking on Actor (LMB): StaticMeshActor (BrickBlockBlue518)
[2024.05.18-23.08.23:276][186]LogEditorViewport: Clicking on Actor (LMB): StaticMeshActor (BrickBlockBlue461)
[2024.05.18-23.09.04:303][ 15]LogUObjectHash: Compacting FUObjectHashTables data took   2.51ms
[2024.05.18-23.09.05:149][ 15]LogSlate: Window 'Save Content' being destroyed
[2024.05.18-23.09.05:217][ 15]LogSavePackage: Moving '../../../../../../Users/alber/OneDrive/Documentos/Unreal Projects/MarioAnahuacOrdinario/MarioAnahuacOrdinario/Saved/MusicaADE970394F85C2E9342C04B2C839A812.tmp' to '../../../../../../Users/alber/OneDrive/Documentos/Unreal Projects/MarioAnahuacOrdinario/MarioAnahuacOrdinario/Content/Blueprint/Musica.uasset'
[2024.05.18-23.09.05:244][ 15]LogUObjectHash: Compacting FUObjectHashTables data took   0.50ms
[2024.05.18-23.09.05:524][ 15]LogSavePackage: Moving '../../../../../../Users/alber/OneDrive/Documentos/Unreal Projects/MarioAnahuacOrdinario/MarioAnahuacOrdinario/Saved/Nivel-28BFE21BE47E71E20A1879FA63CBCD69D.tmp' to '../../../../../../Users/alber/OneDrive/Documentos/Unreal Projects/MarioAnahuacOrdinario/MarioAnahuacOrdinario/Content/Niveles/Nivel-2.umap'
[2024.05.18-23.09.05:536][ 15]LogFileHelpers: Saving map 'Nivel-2' took 0.316
[2024.05.18-23.09.05:678][ 15]LogAssetEditorSubsystem: Opening Asset editor for World /Game/Niveles/Nivel-1.Nivel-1
[2024.05.18-23.09.05:679][ 15]Cmd: MAP LOAD FILE="../../../../../../Users/alber/OneDrive/Documentos/Unreal Projects/MarioAnahuacOrdinario/MarioAnahuacOrdinario/Content/Niveles/Nivel-1.umap" TEMPLATE=0 SHOWPROGRESS=1 FEATURELEVEL=3
[2024.05.18-23.09.05:679][ 15]LightingResults: New page: Lighting Build
[2024.05.18-23.09.05:680][ 15]LoadErrors: New page: Loading map: Nivel-1.umap
[2024.05.18-23.09.05:837][ 15]LogWorld: UWorld::CleanupWorld for World_7, bSessionEnded=true, bCleanupResources=true
[2024.05.18-23.09.05:838][ 15]LogSlate: InvalidateAllWidgets triggered.  All widgets were invalidated
[2024.05.18-23.09.06:013][ 15]LogWorld: UWorld::CleanupWorld for Nivel-2, bSessionEnded=true, bCleanupResources=true
[2024.05.18-23.09.06:013][ 15]LogSlate: InvalidateAllWidgets triggered.  All widgets were invalidated
[2024.05.18-23.09.06:014][ 15]MapCheck: New page: Map Check
[2024.05.18-23.09.06:014][ 15]LightingResults: New page: Lighting Build
[2024.05.18-23.09.06:042][ 15]LogAudio: Display: Audio Device unregistered from world 'None'.
[2024.05.18-23.09.06:115][ 15]LogUObjectHash: Compacting FUObjectHashTables data took   3.89ms
[2024.05.18-23.09.06:136][ 15]LogAudio: Display: Audio Device (ID: 1) registered with world 'Nivel-1'.
[2024.05.18-23.09.06:189][ 15]LogEditorServer: Finished looking for orphan Actors (0.000 secs)
[2024.05.18-23.09.06:189][ 15]LogAIModule: Creating AISystem for world Nivel-1
[2024.05.18-23.09.06:230][ 15]LogUObjectHash: Compacting FUObjectHashTables data took   2.22ms
[2024.05.18-23.09.06:236][ 15]Cmd: MAP CHECKDEP NOCLEARLOG
[2024.05.18-23.09.06:236][ 15]MapCheck: Map check complete: 0 Error(s), 0 Warning(s), took 0.197ms to complete.
[2024.05.18-23.09.06:236][ 15]LogFileHelpers: Loading map 'Nivel-1' took 0.558
[2024.05.18-23.09.06:256][ 15]AssetCheck: New page: Asset Save: multiple assets
[2024.05.18-23.09.06:256][ 15]LogContentValidation: Display: Validating Blueprint /Game/Blueprint/Musica.Musica
[2024.05.18-23.09.06:256][ 15]LogContentValidation: Display: Validating World /Game/Niveles/Nivel-2.Nivel-2
[2024.05.18-23.09.09:372][187]LogEditorViewport: Clicking on Actor (LMB): StaticMeshActor (Pl_GrassWall_4m)
[2024.05.18-23.09.11:134][291]LogEditorViewport: Clicking on Actor (LMB): StaticMeshActor (Pl_stalkbase_2)
[2024.05.18-23.09.11:511][312]LogEditorViewport: Clicking on Actor (LMB): Bandera_C (Bandera)
[2024.05.18-23.09.12:411][363]LogAssetEditorSubsystem: Opening Asset editor for Blueprint /Game/Blueprint/Bandera.Bandera
[2024.05.18-23.09.26:794][201]LogUObjectHash: Compacting FUObjectHashTables data took   2.41ms
[2024.05.18-23.09.27:923][201]LogSlate: Window 'Save Content' being destroyed
[2024.05.18-23.09.28:002][201]LogSavePackage: Moving '../../../../../../Users/alber/OneDrive/Documentos/Unreal Projects/MarioAnahuacOrdinario/MarioAnahuacOrdinario/Saved/Bandera821B8A1C432AF6B75C5E228241DCFCF2.tmp' to '../../../../../../Users/alber/OneDrive/Documentos/Unreal Projects/MarioAnahuacOrdinario/MarioAnahuacOrdinario/Content/Blueprint/Bandera.uasset'
[2024.05.18-23.09.28:056][201]LogAssetEditorSubsystem: Opening Asset editor for World /Game/Niveles/Nivel-2_1.Nivel-2_1
[2024.05.18-23.09.28:056][201]Cmd: MAP LOAD FILE="../../../../../../Users/alber/OneDrive/Documentos/Unreal Projects/MarioAnahuacOrdinario/MarioAnahuacOrdinario/Content/Niveles/Nivel-2_1.umap" TEMPLATE=0 SHOWPROGRESS=1 FEATURELEVEL=3
[2024.05.18-23.09.28:056][201]LightingResults: New page: Lighting Build
[2024.05.18-23.09.28:056][201]LoadErrors: New page: Loading map: Nivel-2_1.umap
[2024.05.18-23.09.28:063][201]LogWorld: UWorld::CleanupWorld for Nivel-1, bSessionEnded=true, bCleanupResources=true
[2024.05.18-23.09.28:063][201]LogSlate: InvalidateAllWidgets triggered.  All widgets were invalidated
[2024.05.18-23.09.28:064][201]MapCheck: New page: Map Check
[2024.05.18-23.09.28:064][201]LightingResults: New page: Lighting Build
[2024.05.18-23.09.28:091][201]LogAudio: Display: Audio Device unregistered from world 'None'.
[2024.05.18-23.09.28:100][201]LogUObjectHash: Compacting FUObjectHashTables data took   2.82ms
[2024.05.18-23.09.28:139][201]LogUObjectHash: Compacting FUObjectHashTables data took   2.21ms
[2024.05.18-23.09.28:163][201]LogUObjectHash: Compacting FUObjectHashTables data took   2.20ms
[2024.05.18-23.09.28:165][201]LogAudio: Display: Audio Device (ID: 1) registered with world 'Nivel-2_1'.
[2024.05.18-23.09.28:168][201]LogEditorServer: Finished looking for orphan Actors (0.000 secs)
[2024.05.18-23.09.28:168][201]LogAIModule: Creating AISystem for world Nivel-2_1
[2024.05.18-23.09.28:198][201]LogUObjectHash: Compacting FUObjectHashTables data took   1.87ms
[2024.05.18-23.09.28:201][201]Cmd: MAP CHECKDEP NOCLEARLOG
[2024.05.18-23.09.28:201][201]MapCheck: Map check complete: 0 Error(s), 0 Warning(s), took 0.144ms to complete.
[2024.05.18-23.09.28:201][201]LogFileHelpers: Loading map 'Nivel-2_1' took 0.146
[2024.05.18-23.09.28:222][201]AssetCheck: New page: Asset Save: Bandera
[2024.05.18-23.09.28:222][201]LogContentValidation: Display: Validating Blueprint /Game/Blueprint/Bandera.Bandera
[2024.05.18-23.10.01:510][522]LogTemp: Repeating last play command: Selected Viewport
[2024.05.18-23.10.01:514][522]BlueprintLog: New page: Pre-Play auto-recompile
[2024.05.18-23.10.01:517][522]LogPlayLevel: [PlayLevel] Compiling Bandera before play...
[2024.05.18-23.10.01:580][522]LogUObjectHash: Compacting FUObjectHashTables data took   2.84ms
[2024.05.18-23.10.01:581][522]LogPlayLevel: PlayLevel: Blueprint regeneration took 67 ms (1 blueprints)
[2024.05.18-23.10.01:581][522]PIE: New page: PIE session: Nivel-2_1 (18 may. 2024 12:10:01)
[2024.05.18-23.10.01:582][522]LogPlayLevel: Creating play world package: /Game/Niveles/UEDPIE_0_Nivel-2_1
[2024.05.18-23.10.01:586][522]LogPlayLevel: PIE: StaticDuplicateObject took: (0.004157s)
[2024.05.18-23.10.01:587][522]LogAIModule: Creating AISystem for world Nivel-2_1
[2024.05.18-23.10.01:587][522]LogPlayLevel: PIE: World Init took: (0.000799s)
[2024.05.18-23.10.01:587][522]LogPlayLevel: PIE: Created PIE world by copying editor world from /Game/Niveles/Nivel-2_1.Nivel-2_1 to /Game/Niveles/UEDPIE_0_Nivel-2_1.Nivel-2_1 (0.005085s)
[2024.05.18-23.10.01:612][522]LogUObjectHash: Compacting FUObjectHashTables data took   1.97ms
[2024.05.18-23.10.01:613][522]LogAudio: Display: Creating Audio Device:                 Id: 5, Scope: Unique, Realtime: True
[2024.05.18-23.10.01:613][522]LogAudioMixer: Display: Audio Mixer Platform Settings:
[2024.05.18-23.10.01:613][522]LogAudioMixer: Display: 	Sample Rate:						  48000
[2024.05.18-23.10.01:613][522]LogAudioMixer: Display: 	Callback Buffer Frame Size Requested: 1024
[2024.05.18-23.10.01:613][522]LogAudioMixer: Display: 	Callback Buffer Frame Size To Use:	  1024
[2024.05.18-23.10.01:613][522]LogAudioMixer: Display: 	Number of buffers to queue:			  2
[2024.05.18-23.10.01:613][522]LogAudioMixer: Display: 	Max Channels (voices):				  32
[2024.05.18-23.10.01:613][522]LogAudioMixer: Display: 	Number of Async Source Workers:		  0
[2024.05.18-23.10.01:613][522]LogAudio: Display: AudioDevice MaxSources: 32
[2024.05.18-23.10.01:613][522]LogAudio: Display: Audio Spatialization Plugin: None (built-in).
[2024.05.18-23.10.01:613][522]LogAudio: Display: Audio Reverb Plugin: None (built-in).
[2024.05.18-23.10.01:613][522]LogAudio: Display: Audio Occlusion Plugin: None (built-in).
[2024.05.18-23.10.01:613][522]LogAudioMixer: Display: Initializing audio mixer.
[2024.05.18-23.10.01:616][522]LogAudioMixer: Display: 0: FrontLeft
[2024.05.18-23.10.01:616][522]LogAudioMixer: Display: 1: FrontRight
[2024.05.18-23.10.01:656][522]LogAudioMixer: Display: Using Audio Device Altavoces (Realtek(R) Audio)
[2024.05.18-23.10.01:656][522]LogAudioMixer: Display: Initializing Sound Submixes...
[2024.05.18-23.10.01:656][522]LogAudioMixer: Display: Creating Master Submix 'MasterSubmixDefault'
[2024.05.18-23.10.01:656][522]LogAudioMixer: Display: Creating Master Submix 'MasterReverbSubmixDefault'
[2024.05.18-23.10.01:657][522]LogAudioMixer: Display: Creating Master Submix 'MasterEQSubmixDefault'
[2024.05.18-23.10.01:657][522]LogAudioMixer: FMixerPlatformXAudio2::StartAudioStream() called
[2024.05.18-23.10.01:657][522]LogAudioMixer: Display: Output buffers initialized: Frames=1024, Channels=2, Samples=2048
[2024.05.18-23.10.01:659][522]LogAudioMixer: Display: Starting AudioMixerPlatformInterface::RunInternal()
[2024.05.18-23.10.01:659][522]LogAudioMixer: Display: FMixerPlatformXAudio2::SubmitBuffer() called for the first time
[2024.05.18-23.10.01:659][522]LogInit: FAudioDevice initialized.
[2024.05.18-23.10.01:659][522]LogAudio: Display: Audio Device (ID: 5) registered with world 'Nivel-2_1'.
[2024.05.18-23.10.01:668][522]LogLoad: Game class is 'SideScrollerGameMode_C'
[2024.05.18-23.10.01:671][522]LogWorld: Bringing World /Game/Niveles/UEDPIE_0_Nivel-2_1.Nivel-2_1 up for play (max tick rate 60) at 2024.05.18-17.10.01
[2024.05.18-23.10.01:671][522]LogWorld: Bringing up level for play took: 0.001008
[2024.05.18-23.10.01:671][522]LogOnline: OSS: Creating online subsystem instance for: :Context_22
[2024.05.18-23.10.01:675][522]PIE: Server logged in
[2024.05.18-23.10.01:676][522]PIE: Play in editor total start time 0.164 seconds.
[2024.05.18-23.10.02:197][551]LogSlate: Updating window title bar state: overlay mode, drag disabled, window buttons hidden, title bar hidden
[2024.05.18-23.10.02:197][551]LogWorld: BeginTearingDown for /Game/Niveles/UEDPIE_0_Nivel-2_1
[2024.05.18-23.10.02:197][551]LogWorld: UWorld::CleanupWorld for Nivel-2_1, bSessionEnded=true, bCleanupResources=true
[2024.05.18-23.10.02:198][551]LogSlate: InvalidateAllWidgets triggered.  All widgets were invalidated
[2024.05.18-23.10.02:225][551]LogPlayLevel: Display: Shutting down PIE online subsystems
[2024.05.18-23.10.02:231][551]LogSlate: InvalidateAllWidgets triggered.  All widgets were invalidated
[2024.05.18-23.10.02:256][551]LogSlate: Updating window title bar state: overlay mode, drag disabled, window buttons hidden, title bar hidden
[2024.05.18-23.10.02:256][551]LogAudioMixer: FMixerPlatformXAudio2::StopAudioStream() called
[2024.05.18-23.10.02:257][551]LogAudioMixer: FMixerPlatformXAudio2::StopAudioStream() called
[2024.05.18-23.10.02:264][551]LogUObjectHash: Compacting FUObjectHashTables data took   1.82ms
[2024.05.18-23.10.02:281][552]LogPlayLevel: Display: Destroying online subsystem :Context_22
[2024.05.18-23.10.03:981][652]LogUObjectHash: Compacting FUObjectHashTables data took   1.82ms
[2024.05.18-23.10.04:100][652]LogAssetEditorSubsystem: Opening Asset editor for World /Game/Niveles/Nivel-1.Nivel-1
[2024.05.18-23.10.04:101][652]Cmd: MAP LOAD FILE="../../../../../../Users/alber/OneDrive/Documentos/Unreal Projects/MarioAnahuacOrdinario/MarioAnahuacOrdinario/Content/Niveles/Nivel-1.umap" TEMPLATE=0 SHOWPROGRESS=1 FEATURELEVEL=3
[2024.05.18-23.10.04:101][652]LightingResults: New page: Lighting Build
[2024.05.18-23.10.04:101][652]LoadErrors: New page: Loading map: Nivel-1.umap
[2024.05.18-23.10.04:103][652]LogWorld: UWorld::CleanupWorld for Nivel-2_1, bSessionEnded=true, bCleanupResources=true
[2024.05.18-23.10.04:103][652]LogSlate: InvalidateAllWidgets triggered.  All widgets were invalidated
[2024.05.18-23.10.04:103][652]MapCheck: New page: Map Check
[2024.05.18-23.10.04:103][652]LightingResults: New page: Lighting Build
[2024.05.18-23.10.04:127][652]LogAudio: Display: Audio Device unregistered from world 'None'.
[2024.05.18-23.10.04:132][652]LogUObjectHash: Compacting FUObjectHashTables data took   2.52ms
[2024.05.18-23.10.04:134][652]LogAudio: Display: Audio Device (ID: 1) registered with world 'Nivel-1'.
[2024.05.18-23.10.04:186][652]LogEditorServer: Finished looking for orphan Actors (0.000 secs)
[2024.05.18-23.10.04:186][652]LogAIModule: Creating AISystem for world Nivel-1
[2024.05.18-23.10.04:223][652]LogUObjectHash: Compacting FUObjectHashTables data took   1.93ms
[2024.05.18-23.10.04:228][652]Cmd: MAP CHECKDEP NOCLEARLOG
[2024.05.18-23.10.04:228][652]MapCheck: Map check complete: 0 Error(s), 0 Warning(s), took 0.248ms to complete.
[2024.05.18-23.10.04:228][652]LogFileHelpers: Loading map 'Nivel-1' took 0.128
[2024.05.18-23.10.04:775][682]LogTemp: Repeating last play command: Selected Viewport
[2024.05.18-23.10.04:780][682]LogPlayLevel: PlayLevel: No blueprints needed recompiling
[2024.05.18-23.10.04:780][682]PIE: New page: PIE session: Nivel-1 (18 may. 2024 12:10:04)
[2024.05.18-23.10.04:780][682]LogPlayLevel: Creating play world package: /Game/Niveles/UEDPIE_0_Nivel-1
[2024.05.18-23.10.04:803][682]LogPlayLevel: PIE: StaticDuplicateObject took: (0.023412s)
[2024.05.18-23.10.04:804][682]LogAIModule: Creating AISystem for world Nivel-1
[2024.05.18-23.10.04:804][682]LogPlayLevel: PIE: World Init took: (0.000856s)
[2024.05.18-23.10.04:804][682]LogPlayLevel: PIE: Created PIE world by copying editor world from /Game/Niveles/Nivel-1.Nivel-1 to /Game/Niveles/UEDPIE_0_Nivel-1.Nivel-1 (0.024402s)
[2024.05.18-23.10.04:828][682]LogUObjectHash: Compacting FUObjectHashTables data took   1.90ms
[2024.05.18-23.10.04:829][682]LogAudio: Display: Creating Audio Device:                 Id: 6, Scope: Unique, Realtime: True
[2024.05.18-23.10.04:829][682]LogAudioMixer: Display: Audio Mixer Platform Settings:
[2024.05.18-23.10.04:829][682]LogAudioMixer: Display: 	Sample Rate:						  48000
[2024.05.18-23.10.04:829][682]LogAudioMixer: Display: 	Callback Buffer Frame Size Requested: 1024
[2024.05.18-23.10.04:829][682]LogAudioMixer: Display: 	Callback Buffer Frame Size To Use:	  1024
[2024.05.18-23.10.04:829][682]LogAudioMixer: Display: 	Number of buffers to queue:			  2
[2024.05.18-23.10.04:829][682]LogAudioMixer: Display: 	Max Channels (voices):				  32
[2024.05.18-23.10.04:829][682]LogAudioMixer: Display: 	Number of Async Source Workers:		  0
[2024.05.18-23.10.04:829][682]LogAudio: Display: AudioDevice MaxSources: 32
[2024.05.18-23.10.04:830][682]LogAudio: Display: Audio Spatialization Plugin: None (built-in).
[2024.05.18-23.10.04:830][682]LogAudio: Display: Audio Reverb Plugin: None (built-in).
[2024.05.18-23.10.04:830][682]LogAudio: Display: Audio Occlusion Plugin: None (built-in).
[2024.05.18-23.10.04:830][682]LogAudioMixer: Display: Initializing audio mixer.
[2024.05.18-23.10.04:832][682]LogAudioMixer: Display: 0: FrontLeft
[2024.05.18-23.10.04:832][682]LogAudioMixer: Display: 1: FrontRight
[2024.05.18-23.10.04:870][682]LogAudioMixer: Display: Using Audio Device Altavoces (Realtek(R) Audio)
[2024.05.18-23.10.04:870][682]LogAudioMixer: Display: Initializing Sound Submixes...
[2024.05.18-23.10.04:870][682]LogAudioMixer: Display: Creating Master Submix 'MasterSubmixDefault'
[2024.05.18-23.10.04:870][682]LogAudioMixer: Display: Creating Master Submix 'MasterReverbSubmixDefault'
[2024.05.18-23.10.04:871][682]LogAudioMixer: Display: Creating Master Submix 'MasterEQSubmixDefault'
[2024.05.18-23.10.04:871][682]LogAudioMixer: FMixerPlatformXAudio2::StartAudioStream() called
[2024.05.18-23.10.04:871][682]LogAudioMixer: Display: Output buffers initialized: Frames=1024, Channels=2, Samples=2048
[2024.05.18-23.10.04:872][682]LogAudioMixer: Display: Starting AudioMixerPlatformInterface::RunInternal()
[2024.05.18-23.10.04:872][682]LogAudioMixer: Display: FMixerPlatformXAudio2::SubmitBuffer() called for the first time
[2024.05.18-23.10.04:872][682]LogInit: FAudioDevice initialized.
[2024.05.18-23.10.04:872][682]LogAudio: Display: Audio Device (ID: 6) registered with world 'Nivel-1'.
[2024.05.18-23.10.04:884][682]LogLoad: Game class is 'SideScrollerGameMode_C'
[2024.05.18-23.10.04:893][682]LogWorld: Bringing World /Game/Niveles/UEDPIE_0_Nivel-1.Nivel-1 up for play (max tick rate 60) at 2024.05.18-17.10.04
[2024.05.18-23.10.04:895][682]LogWorld: Bringing up level for play took: 0.010714
[2024.05.18-23.10.04:895][682]LogOnline: OSS: Creating online subsystem instance for: :Context_23
[2024.05.18-23.10.04:900][682]PIE: Server logged in
[2024.05.18-23.10.04:901][682]PIE: Play in editor total start time 0.123 seconds.
[2024.05.18-23.10.35:620][465]LogSlate: Updating window title bar state: overlay mode, drag disabled, window buttons hidden, title bar hidden
[2024.05.18-23.10.35:620][465]LogWorld: BeginTearingDown for /Game/Niveles/UEDPIE_0_Nivel-1
[2024.05.18-23.10.35:621][465]LogWorld: UWorld::CleanupWorld for Nivel-1, bSessionEnded=true, bCleanupResources=true
[2024.05.18-23.10.35:624][465]LogSlate: InvalidateAllWidgets triggered.  All widgets were invalidated
[2024.05.18-23.10.35:639][465]LogPlayLevel: Display: Shutting down PIE online subsystems
[2024.05.18-23.10.35:644][465]LogSlate: InvalidateAllWidgets triggered.  All widgets were invalidated
[2024.05.18-23.10.35:666][465]LogSlate: Updating window title bar state: overlay mode, drag disabled, window buttons hidden, title bar hidden
[2024.05.18-23.10.35:667][465]LogAudioMixer: FMixerPlatformXAudio2::StopAudioStream() called
[2024.05.18-23.10.35:672][465]LogAudioMixer: FMixerPlatformXAudio2::StopAudioStream() called
[2024.05.18-23.10.35:682][465]LogUObjectHash: Compacting FUObjectHashTables data took   1.86ms
[2024.05.18-23.10.35:701][466]LogPlayLevel: Display: Destroying online subsystem :Context_23
[2024.05.18-23.10.41:423][808]LogEditorViewport: Clicking on Actor (LMB): PlayerStart (PlayerStart)
[2024.05.18-23.10.44:067][965]LogNavigationPoint: PostEditMove Clear paths rebuilt
[2024.05.18-23.10.45:858][ 72]LogNavigationPoint: PostEditMove Clear paths rebuilt
[2024.05.18-23.10.47:956][197]LogNavigationPoint: PostEditMove Clear paths rebuilt
[2024.05.18-23.10.48:526][231]LogTemp: Repeating last play command: Selected Viewport
[2024.05.18-23.10.48:531][231]LogPlayLevel: PlayLevel: No blueprints needed recompiling
[2024.05.18-23.10.48:531][231]PIE: New page: PIE session: Nivel-1 (18 may. 2024 12:10:48)
[2024.05.18-23.10.48:531][231]LogPlayLevel: Creating play world package: /Game/Niveles/UEDPIE_0_Nivel-1
[2024.05.18-23.10.48:552][231]LogPlayLevel: PIE: StaticDuplicateObject took: (0.020830s)
[2024.05.18-23.10.48:553][231]LogAIModule: Creating AISystem for world Nivel-1
[2024.05.18-23.10.48:553][231]LogPlayLevel: PIE: World Init took: (0.000975s)
[2024.05.18-23.10.48:553][231]LogPlayLevel: PIE: Created PIE world by copying editor world from /Game/Niveles/Nivel-1.Nivel-1 to /Game/Niveles/UEDPIE_0_Nivel-1.Nivel-1 (0.022336s)
[2024.05.18-23.10.48:578][231]LogUObjectHash: Compacting FUObjectHashTables data took   1.86ms
[2024.05.18-23.10.48:579][231]LogAudio: Display: Creating Audio Device:                 Id: 7, Scope: Unique, Realtime: True
[2024.05.18-23.10.48:579][231]LogAudioMixer: Display: Audio Mixer Platform Settings:
[2024.05.18-23.10.48:579][231]LogAudioMixer: Display: 	Sample Rate:						  48000
[2024.05.18-23.10.48:579][231]LogAudioMixer: Display: 	Callback Buffer Frame Size Requested: 1024
[2024.05.18-23.10.48:579][231]LogAudioMixer: Display: 	Callback Buffer Frame Size To Use:	  1024
[2024.05.18-23.10.48:579][231]LogAudioMixer: Display: 	Number of buffers to queue:			  2
[2024.05.18-23.10.48:579][231]LogAudioMixer: Display: 	Max Channels (voices):				  32
[2024.05.18-23.10.48:579][231]LogAudioMixer: Display: 	Number of Async Source Workers:		  0
[2024.05.18-23.10.48:579][231]LogAudio: Display: AudioDevice MaxSources: 32
[2024.05.18-23.10.48:580][231]LogAudio: Display: Audio Spatialization Plugin: None (built-in).
[2024.05.18-23.10.48:580][231]LogAudio: Display: Audio Reverb Plugin: None (built-in).
[2024.05.18-23.10.48:580][231]LogAudio: Display: Audio Occlusion Plugin: None (built-in).
[2024.05.18-23.10.48:580][231]LogAudioMixer: Display: Initializing audio mixer.
[2024.05.18-23.10.48:582][231]LogAudioMixer: Display: 0: FrontLeft
[2024.05.18-23.10.48:582][231]LogAudioMixer: Display: 1: FrontRight
[2024.05.18-23.10.48:631][231]LogAudioMixer: Display: Using Audio Device Altavoces (Realtek(R) Audio)
[2024.05.18-23.10.48:631][231]LogAudioMixer: Display: Initializing Sound Submixes...
[2024.05.18-23.10.48:631][231]LogAudioMixer: Display: Creating Master Submix 'MasterSubmixDefault'
[2024.05.18-23.10.48:631][231]LogAudioMixer: Display: Creating Master Submix 'MasterReverbSubmixDefault'
[2024.05.18-23.10.48:632][231]LogAudioMixer: Display: Creating Master Submix 'MasterEQSubmixDefault'
[2024.05.18-23.10.48:632][231]LogAudioMixer: FMixerPlatformXAudio2::StartAudioStream() called
[2024.05.18-23.10.48:632][231]LogAudioMixer: Display: Output buffers initialized: Frames=1024, Channels=2, Samples=2048
[2024.05.18-23.10.48:633][231]LogAudioMixer: Display: Starting AudioMixerPlatformInterface::RunInternal()
[2024.05.18-23.10.48:633][231]LogAudioMixer: Display: FMixerPlatformXAudio2::SubmitBuffer() called for the first time
[2024.05.18-23.10.48:633][231]LogInit: FAudioDevice initialized.
[2024.05.18-23.10.48:633][231]LogAudio: Display: Audio Device (ID: 7) registered with world 'Nivel-1'.
[2024.05.18-23.10.48:643][231]LogLoad: Game class is 'SideScrollerGameMode_C'
[2024.05.18-23.10.48:651][231]LogWorld: Bringing World /Game/Niveles/UEDPIE_0_Nivel-1.Nivel-1 up for play (max tick rate 60) at 2024.05.18-17.10.48
[2024.05.18-23.10.48:654][231]LogWorld: Bringing up level for play took: 0.009350
[2024.05.18-23.10.48:654][231]LogOnline: OSS: Creating online subsystem instance for: :Context_24
[2024.05.18-23.10.48:658][231]PIE: Server logged in
[2024.05.18-23.10.48:659][231]PIE: Play in editor total start time 0.129 seconds.
[2024.05.18-23.10.51:900][421]LogSlate: Updating window title bar state: overlay mode, drag disabled, window buttons hidden, title bar hidden
[2024.05.18-23.10.51:900][421]LogWorld: BeginTearingDown for /Game/Niveles/UEDPIE_0_Nivel-1
[2024.05.18-23.10.51:901][421]LogWorld: UWorld::CleanupWorld for Nivel-1, bSessionEnded=true, bCleanupResources=true
[2024.05.18-23.10.51:903][421]LogSlate: InvalidateAllWidgets triggered.  All widgets were invalidated
[2024.05.18-23.10.51:917][421]LogPlayLevel: Display: Shutting down PIE online subsystems
[2024.05.18-23.10.51:929][421]LogSlate: InvalidateAllWidgets triggered.  All widgets were invalidated
[2024.05.18-23.10.51:953][421]LogSlate: Updating window title bar state: overlay mode, drag disabled, window buttons hidden, title bar hidden
[2024.05.18-23.10.51:955][421]LogAudioMixer: FMixerPlatformXAudio2::StopAudioStream() called
[2024.05.18-23.10.51:956][421]LogAudioMixer: FMixerPlatformXAudio2::StopAudioStream() called
[2024.05.18-23.10.51:966][421]LogUObjectHash: Compacting FUObjectHashTables data took   1.88ms
[2024.05.18-23.10.51:994][422]LogPlayLevel: Display: Destroying online subsystem :Context_24
[2024.05.18-23.10.52:520][453]LogTemp: Repeating last play command: Selected Viewport
[2024.05.18-23.10.52:524][453]LogPlayLevel: PlayLevel: No blueprints needed recompiling
[2024.05.18-23.10.52:524][453]PIE: New page: PIE session: Nivel-1 (18 may. 2024 12:10:52)
[2024.05.18-23.10.52:524][453]LogPlayLevel: Creating play world package: /Game/Niveles/UEDPIE_0_Nivel-1
[2024.05.18-23.10.52:546][453]LogPlayLevel: PIE: StaticDuplicateObject took: (0.022095s)
[2024.05.18-23.10.52:547][453]LogAIModule: Creating AISystem for world Nivel-1
[2024.05.18-23.10.52:547][453]LogPlayLevel: PIE: World Init took: (0.000870s)
[2024.05.18-23.10.52:547][453]LogPlayLevel: PIE: Created PIE world by copying editor world from /Game/Niveles/Nivel-1.Nivel-1 to /Game/Niveles/UEDPIE_0_Nivel-1.Nivel-1 (0.023087s)
[2024.05.18-23.10.52:571][453]LogUObjectHash: Compacting FUObjectHashTables data took   1.87ms
[2024.05.18-23.10.52:572][453]LogAudio: Display: Creating Audio Device:                 Id: 8, Scope: Unique, Realtime: True
[2024.05.18-23.10.52:572][453]LogAudioMixer: Display: Audio Mixer Platform Settings:
[2024.05.18-23.10.52:572][453]LogAudioMixer: Display: 	Sample Rate:						  48000
[2024.05.18-23.10.52:572][453]LogAudioMixer: Display: 	Callback Buffer Frame Size Requested: 1024
[2024.05.18-23.10.52:572][453]LogAudioMixer: Display: 	Callback Buffer Frame Size To Use:	  1024
[2024.05.18-23.10.52:572][453]LogAudioMixer: Display: 	Number of buffers to queue:			  2
[2024.05.18-23.10.52:572][453]LogAudioMixer: Display: 	Max Channels (voices):				  32
[2024.05.18-23.10.52:572][453]LogAudioMixer: Display: 	Number of Async Source Workers:		  0
[2024.05.18-23.10.52:572][453]LogAudio: Display: AudioDevice MaxSources: 32
[2024.05.18-23.10.52:572][453]LogAudio: Display: Audio Spatialization Plugin: None (built-in).
[2024.05.18-23.10.52:572][453]LogAudio: Display: Audio Reverb Plugin: None (built-in).
[2024.05.18-23.10.52:572][453]LogAudio: Display: Audio Occlusion Plugin: None (built-in).
[2024.05.18-23.10.52:572][453]LogAudioMixer: Display: Initializing audio mixer.
[2024.05.18-23.10.52:575][453]LogAudioMixer: Display: 0: FrontLeft
[2024.05.18-23.10.52:575][453]LogAudioMixer: Display: 1: FrontRight
[2024.05.18-23.10.52:612][453]LogAudioMixer: Display: Using Audio Device Altavoces (Realtek(R) Audio)
[2024.05.18-23.10.52:612][453]LogAudioMixer: Display: Initializing Sound Submixes...
[2024.05.18-23.10.52:612][453]LogAudioMixer: Display: Creating Master Submix 'MasterSubmixDefault'
[2024.05.18-23.10.52:612][453]LogAudioMixer: Display: Creating Master Submix 'MasterReverbSubmixDefault'
[2024.05.18-23.10.52:612][453]LogAudioMixer: Display: Creating Master Submix 'MasterEQSubmixDefault'
[2024.05.18-23.10.52:612][453]LogAudioMixer: FMixerPlatformXAudio2::StartAudioStream() called
[2024.05.18-23.10.52:612][453]LogAudioMixer: Display: Output buffers initialized: Frames=1024, Channels=2, Samples=2048
[2024.05.18-23.10.52:613][453]LogAudioMixer: Display: Starting AudioMixerPlatformInterface::RunInternal()
[2024.05.18-23.10.52:614][453]LogAudioMixer: Display: FMixerPlatformXAudio2::SubmitBuffer() called for the first time
[2024.05.18-23.10.52:614][453]LogInit: FAudioDevice initialized.
[2024.05.18-23.10.52:614][453]LogAudio: Display: Audio Device (ID: 8) registered with world 'Nivel-1'.
[2024.05.18-23.10.52:626][453]LogLoad: Game class is 'SideScrollerGameMode_C'
[2024.05.18-23.10.52:634][453]LogWorld: Bringing World /Game/Niveles/UEDPIE_0_Nivel-1.Nivel-1 up for play (max tick rate 60) at 2024.05.18-17.10.52
[2024.05.18-23.10.52:636][453]LogWorld: Bringing up level for play took: 0.010297
[2024.05.18-23.10.52:636][453]LogOnline: OSS: Creating online subsystem instance for: :Context_25
[2024.05.18-23.10.52:642][453]PIE: Server logged in
[2024.05.18-23.10.52:643][453]PIE: Play in editor total start time 0.119 seconds.
[2024.05.18-23.10.59:950][889]LogSlate: Updating window title bar state: overlay mode, drag disabled, window buttons hidden, title bar hidden
[2024.05.18-23.10.59:950][889]LogWorld: BeginTearingDown for /Game/Niveles/UEDPIE_0_Nivel-1
[2024.05.18-23.10.59:951][889]LogWorld: UWorld::CleanupWorld for Nivel-1, bSessionEnded=true, bCleanupResources=true
[2024.05.18-23.10.59:954][889]LogSlate: InvalidateAllWidgets triggered.  All widgets were invalidated
[2024.05.18-23.10.59:967][889]LogPlayLevel: Display: Shutting down PIE online subsystems
[2024.05.18-23.10.59:979][889]LogSlate: InvalidateAllWidgets triggered.  All widgets were invalidated
[2024.05.18-23.11.00:001][889]LogSlate: Updating window title bar state: overlay mode, drag disabled, window buttons hidden, title bar hidden
[2024.05.18-23.11.00:003][889]LogAudioMixer: FMixerPlatformXAudio2::StopAudioStream() called
[2024.05.18-23.11.00:004][889]LogAudioMixer: FMixerPlatformXAudio2::StopAudioStream() called
[2024.05.18-23.11.00:014][889]LogUObjectHash: Compacting FUObjectHashTables data took   2.06ms
[2024.05.18-23.11.00:041][890]LogPlayLevel: Display: Destroying online subsystem :Context_25
[2024.05.18-23.11.00:485][916]LogTemp: Repeating last play command: Selected Viewport
[2024.05.18-23.11.00:488][916]LogPlayLevel: PlayLevel: No blueprints needed recompiling
[2024.05.18-23.11.00:489][916]PIE: New page: PIE session: Nivel-1 (18 may. 2024 12:11:00)
[2024.05.18-23.11.00:489][916]LogPlayLevel: Creating play world package: /Game/Niveles/UEDPIE_0_Nivel-1
[2024.05.18-23.11.00:510][916]LogPlayLevel: PIE: StaticDuplicateObject took: (0.021072s)
[2024.05.18-23.11.00:510][916]LogAIModule: Creating AISystem for world Nivel-1
[2024.05.18-23.11.00:511][916]LogPlayLevel: PIE: World Init took: (0.000930s)
[2024.05.18-23.11.00:511][916]LogPlayLevel: PIE: Created PIE world by copying editor world from /Game/Niveles/Nivel-1.Nivel-1 to /Game/Niveles/UEDPIE_0_Nivel-1.Nivel-1 (0.022139s)
[2024.05.18-23.11.00:536][916]LogUObjectHash: Compacting FUObjectHashTables data took   2.41ms
[2024.05.18-23.11.00:537][916]LogAudio: Display: Creating Audio Device:                 Id: 9, Scope: Unique, Realtime: True
[2024.05.18-23.11.00:537][916]LogAudioMixer: Display: Audio Mixer Platform Settings:
[2024.05.18-23.11.00:537][916]LogAudioMixer: Display: 	Sample Rate:						  48000
[2024.05.18-23.11.00:537][916]LogAudioMixer: Display: 	Callback Buffer Frame Size Requested: 1024
[2024.05.18-23.11.00:537][916]LogAudioMixer: Display: 	Callback Buffer Frame Size To Use:	  1024
[2024.05.18-23.11.00:537][916]LogAudioMixer: Display: 	Number of buffers to queue:			  2
[2024.05.18-23.11.00:537][916]LogAudioMixer: Display: 	Max Channels (voices):				  32
[2024.05.18-23.11.00:537][916]LogAudioMixer: Display: 	Number of Async Source Workers:		  0
[2024.05.18-23.11.00:537][916]LogAudio: Display: AudioDevice MaxSources: 32
[2024.05.18-23.11.00:537][916]LogAudio: Display: Audio Spatialization Plugin: None (built-in).
[2024.05.18-23.11.00:537][916]LogAudio: Display: Audio Reverb Plugin: None (built-in).
[2024.05.18-23.11.00:537][916]LogAudio: Display: Audio Occlusion Plugin: None (built-in).
[2024.05.18-23.11.00:537][916]LogAudioMixer: Display: Initializing audio mixer.
[2024.05.18-23.11.00:539][916]LogAudioMixer: Display: 0: FrontLeft
[2024.05.18-23.11.00:539][916]LogAudioMixer: Display: 1: FrontRight
[2024.05.18-23.11.00:577][916]LogAudioMixer: Display: Using Audio Device Altavoces (Realtek(R) Audio)
[2024.05.18-23.11.00:578][916]LogAudioMixer: Display: Initializing Sound Submixes...
[2024.05.18-23.11.00:578][916]LogAudioMixer: Display: Creating Master Submix 'MasterSubmixDefault'
[2024.05.18-23.11.00:578][916]LogAudioMixer: Display: Creating Master Submix 'MasterReverbSubmixDefault'
[2024.05.18-23.11.00:578][916]LogAudioMixer: Display: Creating Master Submix 'MasterEQSubmixDefault'
[2024.05.18-23.11.00:578][916]LogAudioMixer: FMixerPlatformXAudio2::StartAudioStream() called
[2024.05.18-23.11.00:578][916]LogAudioMixer: Display: Output buffers initialized: Frames=1024, Channels=2, Samples=2048
[2024.05.18-23.11.00:580][916]LogAudioMixer: Display: Starting AudioMixerPlatformInterface::RunInternal()
[2024.05.18-23.11.00:580][916]LogAudioMixer: Display: FMixerPlatformXAudio2::SubmitBuffer() called for the first time
[2024.05.18-23.11.00:580][916]LogInit: FAudioDevice initialized.
[2024.05.18-23.11.00:580][916]LogAudio: Display: Audio Device (ID: 9) registered with world 'Nivel-1'.
[2024.05.18-23.11.00:594][916]LogLoad: Game class is 'SideScrollerGameMode_C'
[2024.05.18-23.11.00:602][916]LogWorld: Bringing World /Game/Niveles/UEDPIE_0_Nivel-1.Nivel-1 up for play (max tick rate 60) at 2024.05.18-17.11.00
[2024.05.18-23.11.00:604][916]LogWorld: Bringing up level for play took: 0.009234
[2024.05.18-23.11.00:604][916]LogOnline: OSS: Creating online subsystem instance for: :Context_26
[2024.05.18-23.11.00:609][916]PIE: Server logged in
[2024.05.18-23.11.00:609][916]PIE: Play in editor total start time 0.122 seconds.
[2024.05.18-23.11.03:021][ 58]LogSlate: Updating window title bar state: overlay mode, drag disabled, window buttons hidden, title bar hidden
[2024.05.18-23.11.03:021][ 58]LogWorld: BeginTearingDown for /Game/Niveles/UEDPIE_0_Nivel-1
[2024.05.18-23.11.03:022][ 58]LogWorld: UWorld::CleanupWorld for Nivel-1, bSessionEnded=true, bCleanupResources=true
[2024.05.18-23.11.03:025][ 58]LogSlate: InvalidateAllWidgets triggered.  All widgets were invalidated
[2024.05.18-23.11.03:045][ 58]LogPlayLevel: Display: Shutting down PIE online subsystems
[2024.05.18-23.11.03:057][ 58]LogSlate: InvalidateAllWidgets triggered.  All widgets were invalidated
[2024.05.18-23.11.03:081][ 58]LogSlate: Updating window title bar state: overlay mode, drag disabled, window buttons hidden, title bar hidden
[2024.05.18-23.11.03:082][ 58]LogAudioMixer: FMixerPlatformXAudio2::StopAudioStream() called
[2024.05.18-23.11.03:084][ 58]LogAudioMixer: FMixerPlatformXAudio2::StopAudioStream() called
[2024.05.18-23.11.03:094][ 58]LogUObjectHash: Compacting FUObjectHashTables data took   1.90ms
[2024.05.18-23.11.03:120][ 59]LogPlayLevel: Display: Destroying online subsystem :Context_26
[2024.05.18-23.11.03:592][ 87]LogTemp: Repeating last play command: Selected Viewport
[2024.05.18-23.11.03:597][ 87]LogPlayLevel: PlayLevel: No blueprints needed recompiling
[2024.05.18-23.11.03:597][ 87]PIE: New page: PIE session: Nivel-1 (18 may. 2024 12:11:03)
[2024.05.18-23.11.03:597][ 87]LogPlayLevel: Creating play world package: /Game/Niveles/UEDPIE_0_Nivel-1
[2024.05.18-23.11.03:617][ 87]LogPlayLevel: PIE: StaticDuplicateObject took: (0.020402s)
[2024.05.18-23.11.03:619][ 87]LogAIModule: Creating AISystem for world Nivel-1
[2024.05.18-23.11.03:619][ 87]LogPlayLevel: PIE: World Init took: (0.000904s)
[2024.05.18-23.11.03:619][ 87]LogPlayLevel: PIE: Created PIE world by copying editor world from /Game/Niveles/Nivel-1.Nivel-1 to /Game/Niveles/UEDPIE_0_Nivel-1.Nivel-1 (0.021435s)
[2024.05.18-23.11.03:642][ 87]LogUObjectHash: Compacting FUObjectHashTables data took   1.98ms
[2024.05.18-23.11.03:643][ 87]LogAudio: Display: Creating Audio Device:                 Id: 10, Scope: Unique, Realtime: True
[2024.05.18-23.11.03:643][ 87]LogAudioMixer: Display: Audio Mixer Platform Settings:
[2024.05.18-23.11.03:643][ 87]LogAudioMixer: Display: 	Sample Rate:						  48000
[2024.05.18-23.11.03:643][ 87]LogAudioMixer: Display: 	Callback Buffer Frame Size Requested: 1024
[2024.05.18-23.11.03:643][ 87]LogAudioMixer: Display: 	Callback Buffer Frame Size To Use:	  1024
[2024.05.18-23.11.03:643][ 87]LogAudioMixer: Display: 	Number of buffers to queue:			  2
[2024.05.18-23.11.03:643][ 87]LogAudioMixer: Display: 	Max Channels (voices):				  32
[2024.05.18-23.11.03:643][ 87]LogAudioMixer: Display: 	Number of Async Source Workers:		  0
[2024.05.18-23.11.03:643][ 87]LogAudio: Display: AudioDevice MaxSources: 32
[2024.05.18-23.11.03:643][ 87]LogAudio: Display: Audio Spatialization Plugin: None (built-in).
[2024.05.18-23.11.03:643][ 87]LogAudio: Display: Audio Reverb Plugin: None (built-in).
[2024.05.18-23.11.03:643][ 87]LogAudio: Display: Audio Occlusion Plugin: None (built-in).
[2024.05.18-23.11.03:643][ 87]LogAudioMixer: Display: Initializing audio mixer.
[2024.05.18-23.11.03:646][ 87]LogAudioMixer: Display: 0: FrontLeft
[2024.05.18-23.11.03:646][ 87]LogAudioMixer: Display: 1: FrontRight
[2024.05.18-23.11.03:686][ 87]LogAudioMixer: Display: Using Audio Device Altavoces (Realtek(R) Audio)
[2024.05.18-23.11.03:686][ 87]LogAudioMixer: Display: Initializing Sound Submixes...
[2024.05.18-23.11.03:686][ 87]LogAudioMixer: Display: Creating Master Submix 'MasterSubmixDefault'
[2024.05.18-23.11.03:686][ 87]LogAudioMixer: Display: Creating Master Submix 'MasterReverbSubmixDefault'
[2024.05.18-23.11.03:687][ 87]LogAudioMixer: Display: Creating Master Submix 'MasterEQSubmixDefault'
[2024.05.18-23.11.03:687][ 87]LogAudioMixer: FMixerPlatformXAudio2::StartAudioStream() called
[2024.05.18-23.11.03:687][ 87]LogAudioMixer: Display: Output buffers initialized: Frames=1024, Channels=2, Samples=2048
[2024.05.18-23.11.03:689][ 87]LogAudioMixer: Display: Starting AudioMixerPlatformInterface::RunInternal()
[2024.05.18-23.11.03:689][ 87]LogAudioMixer: Display: FMixerPlatformXAudio2::SubmitBuffer() called for the first time
[2024.05.18-23.11.03:689][ 87]LogInit: FAudioDevice initialized.
[2024.05.18-23.11.03:689][ 87]LogAudio: Display: Audio Device (ID: 10) registered with world 'Nivel-1'.
[2024.05.18-23.11.03:698][ 87]LogLoad: Game class is 'SideScrollerGameMode_C'
[2024.05.18-23.11.03:705][ 87]LogWorld: Bringing World /Game/Niveles/UEDPIE_0_Nivel-1.Nivel-1 up for play (max tick rate 60) at 2024.05.18-17.11.03
[2024.05.18-23.11.03:707][ 87]LogWorld: Bringing up level for play took: 0.009739
[2024.05.18-23.11.03:709][ 87]LogOnline: OSS: Creating online subsystem instance for: :Context_27
[2024.05.18-23.11.03:714][ 87]PIE: Server logged in
[2024.05.18-23.11.03:715][ 87]PIE: Play in editor total start time 0.118 seconds.
[2024.05.18-23.11.06:451][248]LogSlate: Updating window title bar state: overlay mode, drag disabled, window buttons hidden, title bar hidden
[2024.05.18-23.11.06:451][248]LogWorld: BeginTearingDown for /Game/Niveles/UEDPIE_0_Nivel-1
[2024.05.18-23.11.06:452][248]LogWorld: UWorld::CleanupWorld for Nivel-1, bSessionEnded=true, bCleanupResources=true
[2024.05.18-23.11.06:455][248]LogSlate: InvalidateAllWidgets triggered.  All widgets were invalidated
[2024.05.18-23.11.06:462][248]LogPlayLevel: Display: Shutting down PIE online subsystems
[2024.05.18-23.11.06:473][248]LogSlate: InvalidateAllWidgets triggered.  All widgets were invalidated
[2024.05.18-23.11.06:498][248]LogSlate: Updating window title bar state: overlay mode, drag disabled, window buttons hidden, title bar hidden
[2024.05.18-23.11.06:499][248]LogAudioMixer: FMixerPlatformXAudio2::StopAudioStream() called
[2024.05.18-23.11.06:500][248]LogAudioMixer: FMixerPlatformXAudio2::StopAudioStream() called
[2024.05.18-23.11.06:511][248]LogUObjectHash: Compacting FUObjectHashTables data took   1.83ms
[2024.05.18-23.11.06:539][249]LogPlayLevel: Display: Destroying online subsystem :Context_27
[2024.05.18-23.11.07:328][296]LogTemp: Repeating last play command: Selected Viewport
[2024.05.18-23.11.07:331][296]LogPlayLevel: PlayLevel: No blueprints needed recompiling
[2024.05.18-23.11.07:331][296]PIE: New page: PIE session: Nivel-1 (18 may. 2024 12:11:07)
[2024.05.18-23.11.07:331][296]LogPlayLevel: Creating play world package: /Game/Niveles/UEDPIE_0_Nivel-1
[2024.05.18-23.11.07:351][296]LogPlayLevel: PIE: StaticDuplicateObject took: (0.019952s)
[2024.05.18-23.11.07:352][296]LogAIModule: Creating AISystem for world Nivel-1
[2024.05.18-23.11.07:352][296]LogPlayLevel: PIE: World Init took: (0.001032s)
[2024.05.18-23.11.07:352][296]LogPlayLevel: PIE: Created PIE world by copying editor world from /Game/Niveles/Nivel-1.Nivel-1 to /Game/Niveles/UEDPIE_0_Nivel-1.Nivel-1 (0.021122s)
[2024.05.18-23.11.07:376][296]LogUObjectHash: Compacting FUObjectHashTables data took   1.83ms
[2024.05.18-23.11.07:377][296]LogAudio: Display: Creating Audio Device:                 Id: 11, Scope: Unique, Realtime: True
[2024.05.18-23.11.07:377][296]LogAudioMixer: Display: Audio Mixer Platform Settings:
[2024.05.18-23.11.07:377][296]LogAudioMixer: Display: 	Sample Rate:						  48000
[2024.05.18-23.11.07:377][296]LogAudioMixer: Display: 	Callback Buffer Frame Size Requested: 1024
[2024.05.18-23.11.07:377][296]LogAudioMixer: Display: 	Callback Buffer Frame Size To Use:	  1024
[2024.05.18-23.11.07:377][296]LogAudioMixer: Display: 	Number of buffers to queue:			  2
[2024.05.18-23.11.07:377][296]LogAudioMixer: Display: 	Max Channels (voices):				  32
[2024.05.18-23.11.07:377][296]LogAudioMixer: Display: 	Number of Async Source Workers:		  0
[2024.05.18-23.11.07:377][296]LogAudio: Display: AudioDevice MaxSources: 32
[2024.05.18-23.11.07:377][296]LogAudio: Display: Audio Spatialization Plugin: None (built-in).
[2024.05.18-23.11.07:377][296]LogAudio: Display: Audio Reverb Plugin: None (built-in).
[2024.05.18-23.11.07:377][296]LogAudio: Display: Audio Occlusion Plugin: None (built-in).
[2024.05.18-23.11.07:377][296]LogAudioMixer: Display: Initializing audio mixer.
[2024.05.18-23.11.07:380][296]LogAudioMixer: Display: 0: FrontLeft
[2024.05.18-23.11.07:380][296]LogAudioMixer: Display: 1: FrontRight
[2024.05.18-23.11.07:419][296]LogAudioMixer: Display: Using Audio Device Altavoces (Realtek(R) Audio)
[2024.05.18-23.11.07:419][296]LogAudioMixer: Display: Initializing Sound Submixes...
[2024.05.18-23.11.07:419][296]LogAudioMixer: Display: Creating Master Submix 'MasterSubmixDefault'
[2024.05.18-23.11.07:419][296]LogAudioMixer: Display: Creating Master Submix 'MasterReverbSubmixDefault'
[2024.05.18-23.11.07:419][296]LogAudioMixer: Display: Creating Master Submix 'MasterEQSubmixDefault'
[2024.05.18-23.11.07:419][296]LogAudioMixer: FMixerPlatformXAudio2::StartAudioStream() called
[2024.05.18-23.11.07:419][296]LogAudioMixer: Display: Output buffers initialized: Frames=1024, Channels=2, Samples=2048
[2024.05.18-23.11.07:420][296]LogAudioMixer: Display: Starting AudioMixerPlatformInterface::RunInternal()
[2024.05.18-23.11.07:420][296]LogAudioMixer: Display: FMixerPlatformXAudio2::SubmitBuffer() called for the first time
[2024.05.18-23.11.07:420][296]LogInit: FAudioDevice initialized.
[2024.05.18-23.11.07:421][296]LogAudio: Display: Audio Device (ID: 11) registered with world 'Nivel-1'.
[2024.05.18-23.11.07:433][296]LogLoad: Game class is 'SideScrollerGameMode_C'
[2024.05.18-23.11.07:441][296]LogWorld: Bringing World /Game/Niveles/UEDPIE_0_Nivel-1.Nivel-1 up for play (max tick rate 60) at 2024.05.18-17.11.07
[2024.05.18-23.11.07:443][296]LogWorld: Bringing up level for play took: 0.009048
[2024.05.18-23.11.07:443][296]LogOnline: OSS: Creating online subsystem instance for: :Context_28
[2024.05.18-23.11.07:448][296]PIE: Server logged in
[2024.05.18-23.11.07:450][296]PIE: Play in editor total start time 0.119 seconds.
[2024.05.18-23.11.41:376][330]LogNet: Browse: /Game/Niveles/Nivel-2_1
[2024.05.18-23.11.41:377][330]LogLoad: LoadMap: /Game/Niveles/Nivel-2_1
[2024.05.18-23.11.41:377][330]LogWorld: BeginTearingDown for /Game/Niveles/UEDPIE_0_Nivel-1
[2024.05.18-23.11.41:379][330]LogWorld: UWorld::CleanupWorld for Nivel-1, bSessionEnded=true, bCleanupResources=true
[2024.05.18-23.11.41:381][330]LogSlate: InvalidateAllWidgets triggered.  All widgets were invalidated
[2024.05.18-23.11.41:439][330]LogAudio: Display: Audio Device unregistered from world 'None'.
[2024.05.18-23.11.41:443][330]LogUObjectHash: Compacting FUObjectHashTables data took   1.93ms
[2024.05.18-23.11.41:454][330]LogAudio: Display: Audio Device (ID: 11) registered with world 'Nivel-2_1'.
[2024.05.18-23.11.41:454][330]LogAIModule: Creating AISystem for world Nivel-2_1
[2024.05.18-23.11.41:454][330]LogLoad: Game class is 'SideScrollerGameMode_C'
[2024.05.18-23.11.41:457][330]LogWorld: Bringing World /Game/Niveles/UEDPIE_0_Nivel-2_1.Nivel-2_1 up for play (max tick rate 60) at 2024.05.18-17.11.41
[2024.05.18-23.11.41:457][330]LogWorld: Bringing up level for play took: 0.002234
[2024.05.18-23.11.41:461][330]LogLoad: Took 0.083123 seconds to LoadMap(/Game/Niveles/Nivel-2_1)
[2024.05.18-23.11.43:163][430]LogSlate: Updating window title bar state: overlay mode, drag disabled, window buttons hidden, title bar hidden
[2024.05.18-23.11.43:163][430]LogWorld: BeginTearingDown for /Game/Niveles/UEDPIE_0_Nivel-2_1
[2024.05.18-23.11.43:163][430]LogWorld: UWorld::CleanupWorld for Nivel-2_1, bSessionEnded=true, bCleanupResources=true
[2024.05.18-23.11.43:163][430]LogSlate: InvalidateAllWidgets triggered.  All widgets were invalidated
[2024.05.18-23.11.43:176][430]LogPlayLevel: Display: Shutting down PIE online subsystems
[2024.05.18-23.11.43:186][430]LogSlate: InvalidateAllWidgets triggered.  All widgets were invalidated
[2024.05.18-23.11.43:207][430]LogSlate: Updating window title bar state: overlay mode, drag disabled, window buttons hidden, title bar hidden
[2024.05.18-23.11.43:208][430]LogAudioMixer: FMixerPlatformXAudio2::StopAudioStream() called
[2024.05.18-23.11.43:209][430]LogAudioMixer: FMixerPlatformXAudio2::StopAudioStream() called
[2024.05.18-23.11.43:217][430]LogUObjectHash: Compacting FUObjectHashTables data took   1.77ms
[2024.05.18-23.11.43:243][431]LogPlayLevel: Display: Destroying online subsystem :Context_28
[2024.05.18-23.11.44:318][495]LogTemp: Repeating last play command: Selected Viewport
[2024.05.18-23.11.44:324][495]LogPlayLevel: PlayLevel: No blueprints needed recompiling
[2024.05.18-23.11.44:324][495]PIE: New page: PIE session: Nivel-1 (18 may. 2024 12:11:44)
[2024.05.18-23.11.44:324][495]LogPlayLevel: Creating play world package: /Game/Niveles/UEDPIE_0_Nivel-1
[2024.05.18-23.11.44:347][495]LogPlayLevel: PIE: StaticDuplicateObject took: (0.023340s)
[2024.05.18-23.11.44:349][495]LogAIModule: Creating AISystem for world Nivel-1
[2024.05.18-23.11.44:349][495]LogPlayLevel: PIE: World Init took: (0.002100s)
[2024.05.18-23.11.44:350][495]LogPlayLevel: PIE: Created PIE world by copying editor world from /Game/Niveles/Nivel-1.Nivel-1 to /Game/Niveles/UEDPIE_0_Nivel-1.Nivel-1 (0.025708s)
[2024.05.18-23.11.44:374][495]LogUObjectHash: Compacting FUObjectHashTables data took   2.07ms
[2024.05.18-23.11.44:375][495]LogAudio: Display: Creating Audio Device:                 Id: 12, Scope: Unique, Realtime: True
[2024.05.18-23.11.44:375][495]LogAudioMixer: Display: Audio Mixer Platform Settings:
[2024.05.18-23.11.44:375][495]LogAudioMixer: Display: 	Sample Rate:						  48000
[2024.05.18-23.11.44:375][495]LogAudioMixer: Display: 	Callback Buffer Frame Size Requested: 1024
[2024.05.18-23.11.44:375][495]LogAudioMixer: Display: 	Callback Buffer Frame Size To Use:	  1024
[2024.05.18-23.11.44:375][495]LogAudioMixer: Display: 	Number of buffers to queue:			  2
[2024.05.18-23.11.44:375][495]LogAudioMixer: Display: 	Max Channels (voices):				  32
[2024.05.18-23.11.44:375][495]LogAudioMixer: Display: 	Number of Async Source Workers:		  0
[2024.05.18-23.11.44:375][495]LogAudio: Display: AudioDevice MaxSources: 32
[2024.05.18-23.11.44:375][495]LogAudio: Display: Audio Spatialization Plugin: None (built-in).
[2024.05.18-23.11.44:375][495]LogAudio: Display: Audio Reverb Plugin: None (built-in).
[2024.05.18-23.11.44:375][495]LogAudio: Display: Audio Occlusion Plugin: None (built-in).
[2024.05.18-23.11.44:375][495]LogAudioMixer: Display: Initializing audio mixer.
[2024.05.18-23.11.44:378][495]LogAudioMixer: Display: 0: FrontLeft
[2024.05.18-23.11.44:378][495]LogAudioMixer: Display: 1: FrontRight
[2024.05.18-23.11.44:418][495]LogAudioMixer: Display: Using Audio Device Altavoces (Realtek(R) Audio)
[2024.05.18-23.11.44:419][495]LogAudioMixer: Display: Initializing Sound Submixes...
[2024.05.18-23.11.44:419][495]LogAudioMixer: Display: Creating Master Submix 'MasterSubmixDefault'
[2024.05.18-23.11.44:419][495]LogAudioMixer: Display: Creating Master Submix 'MasterReverbSubmixDefault'
[2024.05.18-23.11.44:419][495]LogAudioMixer: Display: Creating Master Submix 'MasterEQSubmixDefault'
[2024.05.18-23.11.44:419][495]LogAudioMixer: FMixerPlatformXAudio2::StartAudioStream() called
[2024.05.18-23.11.44:419][495]LogAudioMixer: Display: Output buffers initialized: Frames=1024, Channels=2, Samples=2048
[2024.05.18-23.11.44:421][495]LogAudioMixer: Display: Starting AudioMixerPlatformInterface::RunInternal()
[2024.05.18-23.11.44:421][495]LogAudioMixer: Display: FMixerPlatformXAudio2::SubmitBuffer() called for the first time
[2024.05.18-23.11.44:421][495]LogInit: FAudioDevice initialized.
[2024.05.18-23.11.44:421][495]LogAudio: Display: Audio Device (ID: 12) registered with world 'Nivel-1'.
[2024.05.18-23.11.44:432][495]LogLoad: Game class is 'SideScrollerGameMode_C'
[2024.05.18-23.11.44:441][495]LogWorld: Bringing World /Game/Niveles/UEDPIE_0_Nivel-1.Nivel-1 up for play (max tick rate 60) at 2024.05.18-17.11.44
[2024.05.18-23.11.44:443][495]LogWorld: Bringing up level for play took: 0.009978
[2024.05.18-23.11.44:443][495]LogOnline: OSS: Creating online subsystem instance for: :Context_29
[2024.05.18-23.11.44:448][495]PIE: Server logged in
[2024.05.18-23.11.44:449][495]PIE: Play in editor total start time 0.127 seconds.
[2024.05.18-23.12.14:563][300]LogNet: Browse: /Game/Niveles/Nivel-2_1
[2024.05.18-23.12.14:563][300]LogLoad: LoadMap: /Game/Niveles/Nivel-2_1
[2024.05.18-23.12.14:563][300]LogWorld: BeginTearingDown for /Game/Niveles/UEDPIE_0_Nivel-1
[2024.05.18-23.12.14:564][300]LogWorld: UWorld::CleanupWorld for Nivel-1, bSessionEnded=true, bCleanupResources=true
[2024.05.18-23.12.14:567][300]LogSlate: InvalidateAllWidgets triggered.  All widgets were invalidated
[2024.05.18-23.12.14:629][300]LogAudio: Display: Audio Device unregistered from world 'None'.
[2024.05.18-23.12.14:633][300]LogUObjectHash: Compacting FUObjectHashTables data took   1.89ms
[2024.05.18-23.12.14:644][300]LogAudio: Display: Audio Device (ID: 12) registered with world 'Nivel-2_1'.
[2024.05.18-23.12.14:645][300]LogAIModule: Creating AISystem for world Nivel-2_1
[2024.05.18-23.12.14:645][300]LogLoad: Game class is 'SideScrollerGameMode_C'
[2024.05.18-23.12.14:648][300]LogWorld: Bringing World /Game/Niveles/UEDPIE_0_Nivel-2_1.Nivel-2_1 up for play (max tick rate 60) at 2024.05.18-17.12.14
[2024.05.18-23.12.14:649][300]LogWorld: Bringing up level for play took: 0.002563
[2024.05.18-23.12.14:650][300]LogLoad: Took 0.086622 seconds to LoadMap(/Game/Niveles/Nivel-2_1)
[2024.05.18-23.12.18:365][517]LogSlate: Updating window title bar state: overlay mode, drag disabled, window buttons hidden, title bar hidden
[2024.05.18-23.12.18:365][517]LogWorld: BeginTearingDown for /Game/Niveles/UEDPIE_0_Nivel-2_1
[2024.05.18-23.12.18:365][517]LogWorld: UWorld::CleanupWorld for Nivel-2_1, bSessionEnded=true, bCleanupResources=true
[2024.05.18-23.12.18:365][517]LogSlate: InvalidateAllWidgets triggered.  All widgets were invalidated
[2024.05.18-23.12.18:373][517]LogPlayLevel: Display: Shutting down PIE online subsystems
[2024.05.18-23.12.18:386][517]LogSlate: InvalidateAllWidgets triggered.  All widgets were invalidated
[2024.05.18-23.12.18:409][517]LogSlate: Updating window title bar state: overlay mode, drag disabled, window buttons hidden, title bar hidden
[2024.05.18-23.12.18:410][517]LogAudioMixer: FMixerPlatformXAudio2::StopAudioStream() called
[2024.05.18-23.12.18:411][517]LogAudioMixer: FMixerPlatformXAudio2::StopAudioStream() called
[2024.05.18-23.12.18:426][517]LogUObjectHash: Compacting FUObjectHashTables data took   1.95ms
[2024.05.18-23.12.18:446][518]LogPlayLevel: Display: Destroying online subsystem :Context_29
[2024.05.18-23.12.19:970][605]LogUObjectHash: Compacting FUObjectHashTables data took   2.13ms
[2024.05.18-23.12.21:746][605]LogSlate: Window 'Save Content' being destroyed
[2024.05.18-23.12.22:579][641]LogUObjectHash: Compacting FUObjectHashTables data took   0.65ms
[2024.05.18-23.12.23:407][641]LogSlate: Window 'Save Content' being destroyed
[2024.05.18-23.12.23:474][641]LogUObjectHash: Compacting FUObjectHashTables data took   0.49ms
[2024.05.18-23.12.23:593][641]LogSavePackage: Moving '../../../../../../Users/alber/OneDrive/Documentos/Unreal Projects/MarioAnahuacOrdinario/MarioAnahuacOrdinario/Saved/Nivel-1DF98854D4B0CAF09CDFA4AA4BEA5F783.tmp' to '../../../../../../Users/alber/OneDrive/Documentos/Unreal Projects/MarioAnahuacOrdinario/MarioAnahuacOrdinario/Content/Niveles/Nivel-1.umap'
[2024.05.18-23.12.23:599][641]LogFileHelpers: Saving map 'Nivel-1' took 0.150
[2024.05.18-23.12.23:650][641]LogAssetEditorSubsystem: Opening Asset editor for World /Game/Niveles/Nivel-2_1.Nivel-2_1
[2024.05.18-23.12.23:651][641]Cmd: MAP LOAD FILE="../../../../../../Users/alber/OneDrive/Documentos/Unreal Projects/MarioAnahuacOrdinario/MarioAnahuacOrdinario/Content/Niveles/Nivel-2_1.umap" TEMPLATE=0 SHOWPROGRESS=1 FEATURELEVEL=3
[2024.05.18-23.12.23:651][641]LightingResults: New page: Lighting Build
[2024.05.18-23.12.23:651][641]LoadErrors: New page: Loading map: Nivel-2_1.umap
[2024.05.18-23.12.23:660][641]LogWorld: UWorld::CleanupWorld for Nivel-1, bSessionEnded=true, bCleanupResources=true
[2024.05.18-23.12.23:660][641]LogSlate: InvalidateAllWidgets triggered.  All widgets were invalidated
[2024.05.18-23.12.23:661][641]MapCheck: New page: Map Check
[2024.05.18-23.12.23:661][641]LightingResults: New page: Lighting Build
[2024.05.18-23.12.23:685][641]LogAudio: Display: Audio Device unregistered from world 'None'.
[2024.05.18-23.12.23:697][641]LogUObjectHash: Compacting FUObjectHashTables data took   2.30ms
[2024.05.18-23.12.23:708][641]LogAudio: Display: Audio Device (ID: 1) registered with world 'Nivel-2_1'.
[2024.05.18-23.12.23:712][641]LogEditorServer: Finished looking for orphan Actors (0.000 secs)
[2024.05.18-23.12.23:712][641]LogAIModule: Creating AISystem for world Nivel-2_1
[2024.05.18-23.12.23:741][641]LogUObjectHash: Compacting FUObjectHashTables data took   1.99ms
[2024.05.18-23.12.23:745][641]Cmd: MAP CHECKDEP NOCLEARLOG
[2024.05.18-23.12.23:745][641]MapCheck: Map check complete: 0 Error(s), 0 Warning(s), took 0.129ms to complete.
[2024.05.18-23.12.23:745][641]LogFileHelpers: Loading map 'Nivel-2_1' took 0.094
[2024.05.18-23.12.23:763][641]AssetCheck: New page: Asset Save: Nivel-1
[2024.05.18-23.12.23:763][641]LogContentValidation: Display: Validating World /Game/Niveles/Nivel-1.Nivel-1
[2024.05.18-23.12.46:577][764]LogTemp: Repeating last play command: Selected Viewport
[2024.05.18-23.12.46:581][764]LogPlayLevel: PlayLevel: No blueprints needed recompiling
[2024.05.18-23.12.46:581][764]PIE: New page: PIE session: Nivel-2_1 (18 may. 2024 12:12:46)
[2024.05.18-23.12.46:581][764]LogPlayLevel: Creating play world package: /Game/Niveles/UEDPIE_0_Nivel-2_1
[2024.05.18-23.12.46:584][764]LogPlayLevel: PIE: StaticDuplicateObject took: (0.002941s)
[2024.05.18-23.12.46:585][764]LogAIModule: Creating AISystem for world Nivel-2_1
[2024.05.18-23.12.46:585][764]LogPlayLevel: PIE: World Init took: (0.000979s)
[2024.05.18-23.12.46:585][764]LogPlayLevel: PIE: Created PIE world by copying editor world from /Game/Niveles/Nivel-2_1.Nivel-2_1 to /Game/Niveles/UEDPIE_0_Nivel-2_1.Nivel-2_1 (0.004045s)
[2024.05.18-23.12.46:614][764]LogUObjectHash: Compacting FUObjectHashTables data took   2.17ms
[2024.05.18-23.12.46:615][764]LogAudio: Display: Creating Audio Device:                 Id: 13, Scope: Unique, Realtime: True
[2024.05.18-23.12.46:615][764]LogAudioMixer: Display: Audio Mixer Platform Settings:
[2024.05.18-23.12.46:615][764]LogAudioMixer: Display: 	Sample Rate:						  48000
[2024.05.18-23.12.46:615][764]LogAudioMixer: Display: 	Callback Buffer Frame Size Requested: 1024
[2024.05.18-23.12.46:615][764]LogAudioMixer: Display: 	Callback Buffer Frame Size To Use:	  1024
[2024.05.18-23.12.46:615][764]LogAudioMixer: Display: 	Number of buffers to queue:			  2
[2024.05.18-23.12.46:615][764]LogAudioMixer: Display: 	Max Channels (voices):				  32
[2024.05.18-23.12.46:615][764]LogAudioMixer: Display: 	Number of Async Source Workers:		  0
[2024.05.18-23.12.46:615][764]LogAudio: Display: AudioDevice MaxSources: 32
[2024.05.18-23.12.46:616][764]LogAudio: Display: Audio Spatialization Plugin: None (built-in).
[2024.05.18-23.12.46:616][764]LogAudio: Display: Audio Reverb Plugin: None (built-in).
[2024.05.18-23.12.46:616][764]LogAudio: Display: Audio Occlusion Plugin: None (built-in).
[2024.05.18-23.12.46:616][764]LogAudioMixer: Display: Initializing audio mixer.
[2024.05.18-23.12.46:618][764]LogAudioMixer: Display: 0: FrontLeft
[2024.05.18-23.12.46:618][764]LogAudioMixer: Display: 1: FrontRight
[2024.05.18-23.12.46:658][764]LogAudioMixer: Display: Using Audio Device Altavoces (Realtek(R) Audio)
[2024.05.18-23.12.46:658][764]LogAudioMixer: Display: Initializing Sound Submixes...
[2024.05.18-23.12.46:659][764]LogAudioMixer: Display: Creating Master Submix 'MasterSubmixDefault'
[2024.05.18-23.12.46:659][764]LogAudioMixer: Display: Creating Master Submix 'MasterReverbSubmixDefault'
[2024.05.18-23.12.46:660][764]LogAudioMixer: Display: Creating Master Submix 'MasterEQSubmixDefault'
[2024.05.18-23.12.46:660][764]LogAudioMixer: FMixerPlatformXAudio2::StartAudioStream() called
[2024.05.18-23.12.46:660][764]LogAudioMixer: Display: Output buffers initialized: Frames=1024, Channels=2, Samples=2048
[2024.05.18-23.12.46:660][764]LogAudioMixer: Display: Starting AudioMixerPlatformInterface::RunInternal()
[2024.05.18-23.12.46:660][764]LogAudioMixer: Display: FMixerPlatformXAudio2::SubmitBuffer() called for the first time
[2024.05.18-23.12.46:660][764]LogInit: FAudioDevice initialized.
[2024.05.18-23.12.46:660][764]LogAudio: Display: Audio Device (ID: 13) registered with world 'Nivel-2_1'.
[2024.05.18-23.12.46:670][764]LogLoad: Game class is 'SideScrollerGameMode_C'
[2024.05.18-23.12.46:671][764]LogWorld: Bringing World /Game/Niveles/UEDPIE_0_Nivel-2_1.Nivel-2_1 up for play (max tick rate 60) at 2024.05.18-17.12.46
[2024.05.18-23.12.46:672][764]LogWorld: Bringing up level for play took: 0.000714
[2024.05.18-23.12.46:672][764]LogOnline: OSS: Creating online subsystem instance for: :Context_30
[2024.05.18-23.12.46:675][764]PIE: Server logged in
[2024.05.18-23.12.46:676][764]PIE: Play in editor total start time 0.096 seconds.
[2024.05.18-23.12.51:143][ 32]LogNet: Browse: /Game/Niveles/Nivel-2
[2024.05.18-23.12.51:143][ 32]LogLoad: LoadMap: /Game/Niveles/Nivel-2
[2024.05.18-23.12.51:143][ 32]LogWorld: BeginTearingDown for /Game/Niveles/UEDPIE_0_Nivel-2_1
[2024.05.18-23.12.51:145][ 32]LogWorld: UWorld::CleanupWorld for Nivel-2_1, bSessionEnded=true, bCleanupResources=true
[2024.05.18-23.12.51:145][ 32]LogSlate: InvalidateAllWidgets triggered.  All widgets were invalidated
[2024.05.18-23.12.51:210][ 32]LogAudio: Display: Audio Device unregistered from world 'None'.
[2024.05.18-23.12.51:214][ 32]LogUObjectHash: Compacting FUObjectHashTables data took   2.11ms
[2024.05.18-23.12.51:313][ 32]LogAudio: Display: Audio Device (ID: 13) registered with world 'Nivel-2'.
[2024.05.18-23.12.51:313][ 32]LogAIModule: Creating AISystem for world Nivel-2
[2024.05.18-23.12.51:315][ 32]LogLoad: Game class is 'SideScrollerGameMode_C'
[2024.05.18-23.12.51:433][ 32]LogWorld: Bringing World /Game/Niveles/UEDPIE_0_Nivel-2.Nivel-2 up for play (max tick rate 60) at 2024.05.18-17.12.51
[2024.05.18-23.12.51:436][ 32]LogWorld: Bringing up level for play took: 0.120431
[2024.05.18-23.12.51:442][ 32]LogLoad: Took 0.297228 seconds to LoadMap(/Game/Niveles/Nivel-2)
[2024.05.18-23.13.31:869][452]LogSlate: Updating window title bar state: overlay mode, drag disabled, window buttons hidden, title bar hidden
[2024.05.18-23.13.31:869][452]LogWorld: BeginTearingDown for /Game/Niveles/UEDPIE_0_Nivel-2
[2024.05.18-23.13.31:870][452]LogWorld: UWorld::CleanupWorld for Nivel-2, bSessionEnded=true, bCleanupResources=true
[2024.05.18-23.13.31:877][452]LogSlate: InvalidateAllWidgets triggered.  All widgets were invalidated
[2024.05.18-23.13.31:888][452]LogPlayLevel: Display: Shutting down PIE online subsystems
[2024.05.18-23.13.31:894][452]LogSlate: InvalidateAllWidgets triggered.  All widgets were invalidated
[2024.05.18-23.13.31:924][452]LogAudio: Display: Audio Device unregistered from world 'None'.
[2024.05.18-23.13.31:924][452]LogAudioMixer: FMixerPlatformXAudio2::StopAudioStream() called
[2024.05.18-23.13.31:925][452]LogAudioMixer: FMixerPlatformXAudio2::StopAudioStream() called
[2024.05.18-23.13.31:931][452]LogSlate: Updating window title bar state: overlay mode, drag disabled, window buttons hidden, title bar hidden
[2024.05.18-23.13.31:939][452]LogUObjectHash: Compacting FUObjectHashTables data took   2.03ms
[2024.05.18-23.13.31:960][453]LogPlayLevel: Display: Destroying online subsystem :Context_30
[2024.05.18-23.13.32:727][499]LogTemp: Repeating last play command: Selected Viewport
[2024.05.18-23.13.32:732][499]LogPlayLevel: PlayLevel: No blueprints needed recompiling
[2024.05.18-23.13.32:732][499]PIE: New page: PIE session: Nivel-2_1 (18 may. 2024 12:13:32)
[2024.05.18-23.13.32:732][499]LogPlayLevel: Creating play world package: /Game/Niveles/UEDPIE_0_Nivel-2_1
[2024.05.18-23.13.32:734][499]LogPlayLevel: PIE: StaticDuplicateObject took: (0.002631s)
[2024.05.18-23.13.32:735][499]LogAIModule: Creating AISystem for world Nivel-2_1
[2024.05.18-23.13.32:735][499]LogPlayLevel: PIE: World Init took: (0.000826s)
[2024.05.18-23.13.32:735][499]LogPlayLevel: PIE: Created PIE world by copying editor world from /Game/Niveles/Nivel-2_1.Nivel-2_1 to /Game/Niveles/UEDPIE_0_Nivel-2_1.Nivel-2_1 (0.003557s)
[2024.05.18-23.13.32:759][499]LogUObjectHash: Compacting FUObjectHashTables data took   2.15ms
[2024.05.18-23.13.32:763][499]LogAudio: Display: Creating Audio Device:                 Id: 14, Scope: Unique, Realtime: True
[2024.05.18-23.13.32:763][499]LogAudioMixer: Display: Audio Mixer Platform Settings:
[2024.05.18-23.13.32:763][499]LogAudioMixer: Display: 	Sample Rate:						  48000
[2024.05.18-23.13.32:763][499]LogAudioMixer: Display: 	Callback Buffer Frame Size Requested: 1024
[2024.05.18-23.13.32:763][499]LogAudioMixer: Display: 	Callback Buffer Frame Size To Use:	  1024
[2024.05.18-23.13.32:763][499]LogAudioMixer: Display: 	Number of buffers to queue:			  2
[2024.05.18-23.13.32:763][499]LogAudioMixer: Display: 	Max Channels (voices):				  32
[2024.05.18-23.13.32:763][499]LogAudioMixer: Display: 	Number of Async Source Workers:		  0
[2024.05.18-23.13.32:763][499]LogAudio: Display: AudioDevice MaxSources: 32
[2024.05.18-23.13.32:763][499]LogAudio: Display: Audio Spatialization Plugin: None (built-in).
[2024.05.18-23.13.32:763][499]LogAudio: Display: Audio Reverb Plugin: None (built-in).
[2024.05.18-23.13.32:763][499]LogAudio: Display: Audio Occlusion Plugin: None (built-in).
[2024.05.18-23.13.32:763][499]LogAudioMixer: Display: Initializing audio mixer.
[2024.05.18-23.13.32:766][499]LogAudioMixer: Display: 0: FrontLeft
[2024.05.18-23.13.32:766][499]LogAudioMixer: Display: 1: FrontRight
[2024.05.18-23.13.32:805][499]LogAudioMixer: Display: Using Audio Device Altavoces (Realtek(R) Audio)
[2024.05.18-23.13.32:805][499]LogAudioMixer: Display: Initializing Sound Submixes...
[2024.05.18-23.13.32:805][499]LogAudioMixer: Display: Creating Master Submix 'MasterSubmixDefault'
[2024.05.18-23.13.32:805][499]LogAudioMixer: Display: Creating Master Submix 'MasterReverbSubmixDefault'
[2024.05.18-23.13.32:806][499]LogAudioMixer: Display: Creating Master Submix 'MasterEQSubmixDefault'
[2024.05.18-23.13.32:806][499]LogAudioMixer: FMixerPlatformXAudio2::StartAudioStream() called
[2024.05.18-23.13.32:806][499]LogAudioMixer: Display: Output buffers initialized: Frames=1024, Channels=2, Samples=2048
[2024.05.18-23.13.32:807][499]LogAudioMixer: Display: Starting AudioMixerPlatformInterface::RunInternal()
[2024.05.18-23.13.32:807][499]LogAudioMixer: Display: FMixerPlatformXAudio2::SubmitBuffer() called for the first time
[2024.05.18-23.13.32:807][499]LogInit: FAudioDevice initialized.
[2024.05.18-23.13.32:807][499]LogAudio: Display: Audio Device (ID: 14) registered with world 'Nivel-2_1'.
[2024.05.18-23.13.32:816][499]LogLoad: Game class is 'SideScrollerGameMode_C'
[2024.05.18-23.13.32:817][499]LogWorld: Bringing World /Game/Niveles/UEDPIE_0_Nivel-2_1.Nivel-2_1 up for play (max tick rate 60) at 2024.05.18-17.13.32
[2024.05.18-23.13.32:817][499]LogWorld: Bringing up level for play took: 0.000670
[2024.05.18-23.13.32:817][499]LogOnline: OSS: Creating online subsystem instance for: :Context_31
[2024.05.18-23.13.32:820][499]PIE: Server logged in
[2024.05.18-23.13.32:820][499]PIE: Play in editor total start time 0.09 seconds.
[2024.05.18-23.13.37:203][762]LogNet: Browse: /Game/Niveles/Nivel-2
[2024.05.18-23.13.37:203][762]LogLoad: LoadMap: /Game/Niveles/Nivel-2
[2024.05.18-23.13.37:203][762]LogWorld: BeginTearingDown for /Game/Niveles/UEDPIE_0_Nivel-2_1
[2024.05.18-23.13.37:203][762]LogWorld: UWorld::CleanupWorld for Nivel-2_1, bSessionEnded=true, bCleanupResources=true
[2024.05.18-23.13.37:203][762]LogSlate: InvalidateAllWidgets triggered.  All widgets were invalidated
[2024.05.18-23.13.37:262][762]LogAudio: Display: Audio Device unregistered from world 'None'.
[2024.05.18-23.13.37:264][762]LogUObjectHash: Compacting FUObjectHashTables data took   1.90ms
[2024.05.18-23.13.37:368][762]LogAudio: Display: Audio Device (ID: 14) registered with world 'Nivel-2'.
[2024.05.18-23.13.37:369][762]LogAIModule: Creating AISystem for world Nivel-2
[2024.05.18-23.13.37:369][762]LogLoad: Game class is 'SideScrollerGameMode_C'
[2024.05.18-23.13.37:487][762]LogWorld: Bringing World /Game/Niveles/UEDPIE_0_Nivel-2.Nivel-2 up for play (max tick rate 60) at 2024.05.18-17.13.37
[2024.05.18-23.13.37:490][762]LogWorld: Bringing up level for play took: 0.120001
[2024.05.18-23.13.37:496][762]LogLoad: Took 0.293241 seconds to LoadMap(/Game/Niveles/Nivel-2)
[2024.05.18-23.14.11:543][802]LogNet: Browse: /Game/Niveles/Nivel-2_2
[2024.05.18-23.14.11:543][802]LogLoad: LoadMap: /Game/Niveles/Nivel-2_2
[2024.05.18-23.14.11:543][802]LogWorld: BeginTearingDown for /Game/Niveles/UEDPIE_0_Nivel-2
[2024.05.18-23.14.11:545][802]LogWorld: UWorld::CleanupWorld for Nivel-2, bSessionEnded=true, bCleanupResources=true
[2024.05.18-23.14.11:552][802]LogSlate: InvalidateAllWidgets triggered.  All widgets were invalidated
[2024.05.18-23.14.11:619][802]LogAudio: Display: Audio Device unregistered from world 'None'.
[2024.05.18-23.14.11:627][802]LogUObjectHash: Compacting FUObjectHashTables data took   2.50ms
[2024.05.18-23.14.11:664][802]LogAudio: Display: Audio Device (ID: 14) registered with world 'Nivel-2_2'.
[2024.05.18-23.14.11:664][802]LogAIModule: Creating AISystem for world Nivel-2_2
[2024.05.18-23.14.11:665][802]LogLoad: Game class is 'SideScrollerGameMode_C'
[2024.05.18-23.14.11:667][802]LogWorld: Bringing World /Game/Niveles/UEDPIE_0_Nivel-2_2.Nivel-2_2 up for play (max tick rate 60) at 2024.05.18-17.14.11
[2024.05.18-23.14.11:668][802]LogWorld: Bringing up level for play took: 0.002759
[2024.05.18-23.14.11:670][802]LogLoad: Took 0.126157 seconds to LoadMap(/Game/Niveles/Nivel-2_2)
[2024.05.18-23.14.27:288][739]LogNet: Browse: /Game/Niveles/Nivel-3
[2024.05.18-23.14.27:288][739]LogLoad: LoadMap: /Game/Niveles/Nivel-3
[2024.05.18-23.14.27:288][739]LogWorld: BeginTearingDown for /Game/Niveles/UEDPIE_0_Nivel-2_2
[2024.05.18-23.14.27:288][739]LogWorld: UWorld::CleanupWorld for Nivel-2_2, bSessionEnded=true, bCleanupResources=true
[2024.05.18-23.14.27:288][739]LogSlate: InvalidateAllWidgets triggered.  All widgets were invalidated
[2024.05.18-23.14.27:335][739]LogAudio: Display: Audio Device unregistered from world 'None'.
[2024.05.18-23.14.27:339][739]LogUObjectHash: Compacting FUObjectHashTables data took   2.22ms
[2024.05.18-23.14.27:524][739]LogAudio: Display: Audio Device (ID: 14) registered with world 'Nivel-3'.
[2024.05.18-23.14.27:525][739]LogAIModule: Creating AISystem for world Nivel-3
[2024.05.18-23.14.27:526][739]LogLoad: Game class is 'SideScrollerGameMode_C'
[2024.05.18-23.14.27:552][739]LogWorld: Bringing World /Game/Niveles/UEDPIE_0_Nivel-3.Nivel-3 up for play (max tick rate 60) at 2024.05.18-17.14.27
[2024.05.18-23.14.27:552][739]LogWorld: Bringing up level for play took: 0.025767
[2024.05.18-23.14.27:555][739]LogLoad: Took 0.266314 seconds to LoadMap(/Game/Niveles/Nivel-3)
[2024.05.18-23.14.30:622][919]LogSlate: Updating window title bar state: overlay mode, drag disabled, window buttons hidden, title bar hidden
[2024.05.18-23.14.30:622][919]LogWorld: BeginTearingDown for /Game/Niveles/UEDPIE_0_Nivel-3
[2024.05.18-23.14.30:623][919]LogWorld: UWorld::CleanupWorld for Nivel-3, bSessionEnded=true, bCleanupResources=true
[2024.05.18-23.14.30:625][919]LogSlate: InvalidateAllWidgets triggered.  All widgets were invalidated
[2024.05.18-23.14.30:636][919]LogPlayLevel: Display: Shutting down PIE online subsystems
[2024.05.18-23.14.30:641][919]LogSlate: InvalidateAllWidgets triggered.  All widgets were invalidated
[2024.05.18-23.14.30:663][919]LogSlate: Updating window title bar state: overlay mode, drag disabled, window buttons hidden, title bar hidden
[2024.05.18-23.14.30:665][919]LogAudioMixer: FMixerPlatformXAudio2::StopAudioStream() called
[2024.05.18-23.14.30:667][919]LogAudioMixer: FMixerPlatformXAudio2::StopAudioStream() called
[2024.05.18-23.14.30:676][919]LogUObjectHash: Compacting FUObjectHashTables data took   2.27ms
[2024.05.18-23.14.30:696][920]LogPlayLevel: Display: Destroying online subsystem :Context_31
[2024.05.18-23.14.32:565][ 30]LogUObjectHash: Compacting FUObjectHashTables data took   2.08ms
[2024.05.18-23.14.32:656][ 30]LogAssetEditorSubsystem: Opening Asset editor for World /Game/Niveles/Nivel-3.Nivel-3
[2024.05.18-23.14.32:656][ 30]Cmd: MAP LOAD FILE="../../../../../../Users/alber/OneDrive/Documentos/Unreal Projects/MarioAnahuacOrdinario/MarioAnahuacOrdinario/Content/Niveles/Nivel-3.umap" TEMPLATE=0 SHOWPROGRESS=1 FEATURELEVEL=3
[2024.05.18-23.14.32:656][ 30]LightingResults: New page: Lighting Build
[2024.05.18-23.14.32:656][ 30]LoadErrors: New page: Loading map: Nivel-3.umap
[2024.05.18-23.14.32:657][ 30]LogWorld: UWorld::CleanupWorld for Nivel-2_1, bSessionEnded=true, bCleanupResources=true
[2024.05.18-23.14.32:658][ 30]LogSlate: InvalidateAllWidgets triggered.  All widgets were invalidated
[2024.05.18-23.14.32:658][ 30]MapCheck: New page: Map Check
[2024.05.18-23.14.32:658][ 30]LightingResults: New page: Lighting Build
[2024.05.18-23.14.32:682][ 30]LogAudio: Display: Audio Device unregistered from world 'None'.
[2024.05.18-23.14.32:687][ 30]LogUObjectHash: Compacting FUObjectHashTables data took   2.66ms
[2024.05.18-23.14.32:713][ 30]LogUObjectHash: Compacting FUObjectHashTables data took   1.88ms
[2024.05.18-23.14.32:739][ 30]LogUObjectHash: Compacting FUObjectHashTables data took   0.50ms
[2024.05.18-23.14.32:740][ 30]LogAudio: Display: Audio Device (ID: 1) registered with world 'Nivel-3'.
[2024.05.18-23.14.32:781][ 30]LogEditorServer: Finished looking for orphan Actors (0.000 secs)
[2024.05.18-23.14.32:781][ 30]LogAIModule: Creating AISystem for world Nivel-3
[2024.05.18-23.14.32:812][ 30]LogUObjectHash: Compacting FUObjectHashTables data took   1.95ms
[2024.05.18-23.14.32:817][ 30]Cmd: MAP CHECKDEP NOCLEARLOG
[2024.05.18-23.14.32:817][ 30]MapCheck: Map check complete: 0 Error(s), 0 Warning(s), took 0.181ms to complete.
[2024.05.18-23.14.32:817][ 30]LogFileHelpers: Loading map 'Nivel-3' took 0.161
[2024.05.18-23.14.35:556][188]LogAssetEditorSubsystem: Opening Asset editor for LevelScriptBlueprint /Game/Niveles/Nivel-3.Nivel-3:PersistentLevel.Nivel-3
[2024.05.18-23.15.49:063][995]LogUObjectHash: Compacting FUObjectHashTables data took   1.87ms
[2024.05.18-23.15.49:288][995]LogAssetEditorSubsystem: Opening Asset editor for World /Game/Niveles/Nivel-2.Nivel-2
[2024.05.18-23.15.49:288][995]Cmd: MAP LOAD FILE="../../../../../../Users/alber/OneDrive/Documentos/Unreal Projects/MarioAnahuacOrdinario/MarioAnahuacOrdinario/Content/Niveles/Nivel-2.umap" TEMPLATE=0 SHOWPROGRESS=1 FEATURELEVEL=3
[2024.05.18-23.15.49:288][995]LightingResults: New page: Lighting Build
[2024.05.18-23.15.49:288][995]LoadErrors: New page: Loading map: Nivel-2.umap
[2024.05.18-23.15.49:298][995]LogWorld: UWorld::CleanupWorld for World_20, bSessionEnded=true, bCleanupResources=true
[2024.05.18-23.15.49:298][995]LogSlate: InvalidateAllWidgets triggered.  All widgets were invalidated
[2024.05.18-23.15.49:336][995]LogWorld: UWorld::CleanupWorld for Nivel-3, bSessionEnded=true, bCleanupResources=true
[2024.05.18-23.15.49:336][995]LogSlate: InvalidateAllWidgets triggered.  All widgets were invalidated
[2024.05.18-23.15.49:336][995]MapCheck: New page: Map Check
[2024.05.18-23.15.49:336][995]LightingResults: New page: Lighting Build
[2024.05.18-23.15.49:375][995]LogAudio: Display: Audio Device unregistered from world 'None'.
[2024.05.18-23.15.49:389][995]LogUObjectHash: Compacting FUObjectHashTables data took   2.93ms
[2024.05.18-23.15.49:419][995]LogUObjectHash: Compacting FUObjectHashTables data took   1.96ms
[2024.05.18-23.15.49:445][995]LogUObjectHash: Compacting FUObjectHashTables data took   0.51ms
[2024.05.18-23.15.49:445][995]LogAudio: Display: Audio Device (ID: 1) registered with world 'Nivel-2'.
[2024.05.18-23.15.49:623][995]LogEditorServer: Finished looking for orphan Actors (0.000 secs)
[2024.05.18-23.15.49:623][995]LogAIModule: Creating AISystem for world Nivel-2
[2024.05.18-23.15.49:667][995]LogUObjectHash: Compacting FUObjectHashTables data took   2.17ms
[2024.05.18-23.15.49:670][995]Cmd: MAP CHECKDEP NOCLEARLOG
[2024.05.18-23.15.49:671][995]MapCheck: Map check complete: 0 Error(s), 0 Warning(s), took 0.247ms to complete.
[2024.05.18-23.15.49:671][995]LogFileHelpers: Loading map 'Nivel-2' took 0.383
[2024.05.18-23.17.46:422][879]LogEditorViewport: Clicking on Actor (LMB): ActivadorDeGoomba_C (ActivadorDeGoomba9)
[2024.05.18-23.17.48:117][978]LogAssetEditorSubsystem: Opening Asset editor for Blueprint /Game/Blueprint/ActivadorDeGoomba.ActivadorDeGoomba
[2024.05.18-23.18.55:296][711]LogEditorViewport: Clicking on Actor (LMB): BP_daño_C (BP_daño2)
[2024.05.18-23.18.57:593][848]LogEditorViewport: Clicking on Actor (LMB): ActivadorDeGoomba_C (ActivadorDeGoomba10)
[2024.05.18-23.18.58:826][921]Cmd: EDIT COPY
[2024.05.18-23.20.20:423][529]LogEditorViewport: Clicking on Actor (LMB): StaticMeshActor (Bloque_azul36)
[2024.05.18-23.20.59:800][889]LogEditorViewport: Clicking on Actor (LMB): Plataforma_C (Plataforma)
[2024.05.18-23.21.00:167][910]Cmd: EDIT COPY
[2024.05.18-23.22.07:487][237]LogAssetEditorSubsystem: Opening Asset editor for Blueprint /Game/Blueprint/Plataforma.Plataforma
[2024.05.18-23.31.20:220][488]LogAssetEditorSubsystem: Opening Asset editor for LevelScriptBlueprint /Game/Niveles/Nivel-2.Nivel-2:PersistentLevel.Nivel-2
[2024.05.18-23.32.17:642][  1]LogUObjectHash: Compacting FUObjectHashTables data took   3.00ms
[2024.05.18-23.32.17:961][  1]LogSavePackage: Moving '../../../../../../Users/alber/OneDrive/Documentos/Unreal Projects/MarioAnahuacOrdinario/MarioAnahuacOrdinario/Saved/Nivel-2_Auto3ECE4336C4D88B20A774440A3902C6441.tmp' to '../../../../../../Users/alber/OneDrive/Documentos/Unreal Projects/MarioAnahuacOrdinario/MarioAnahuacOrdinario/Saved/Autosaves/Game/Niveles/Nivel-2_Auto3.umap'
[2024.05.18-23.32.17:965][  1]LogFileHelpers: Editor autosave (incl. external actors) for '/Game/Niveles/Nivel-2' took 0.366
[2024.05.18-23.32.17:965][  1]LogFileHelpers: Editor autosave (incl. sublevels & external actors) for all levels took 0.366
[2024.05.18-23.42.18:179][946]LogUObjectHash: Compacting FUObjectHashTables data took   6.74ms
[2024.05.18-23.42.18:483][946]LogSavePackage: Moving '../../../../../../Users/alber/OneDrive/Documentos/Unreal Projects/MarioAnahuacOrdinario/MarioAnahuacOrdinario/Saved/Nivel-2_Auto43997B2D9455ADCA97241429FD28B3017.tmp' to '../../../../../../Users/alber/OneDrive/Documentos/Unreal Projects/MarioAnahuacOrdinario/MarioAnahuacOrdinario/Saved/Autosaves/Game/Niveles/Nivel-2_Auto4.umap'
[2024.05.18-23.42.18:485][946]LogFileHelpers: Editor autosave (incl. external actors) for '/Game/Niveles/Nivel-2' took 0.356
[2024.05.18-23.42.18:485][946]LogFileHelpers: Editor autosave (incl. sublevels & external actors) for all levels took 0.356
[2024.05.18-23.52.10:362][595]BlueprintLog: New page: Pre-Play auto-recompile
[2024.05.18-23.52.10:363][595]LogPlayLevel: [PlayLevel] Compiling Nivel-2 before play...
[2024.05.18-23.52.10:489][595]LogUObjectHash: Compacting FUObjectHashTables data took   3.09ms
[2024.05.18-23.52.10:500][595]LogPlayLevel: PlayLevel: Blueprint regeneration took 138 ms (1 blueprints)
[2024.05.18-23.52.10:502][595]PIE: New page: SIE session: Nivel-2 (18 may. 2024 12:52:10)
[2024.05.18-23.52.10:503][595]LogPlayLevel: Creating play world package: /Game/Niveles/UEDPIE_0_Nivel-2
[2024.05.18-23.52.10:596][595]LogPlayLevel: PIE: StaticDuplicateObject took: (0.092042s)
[2024.05.18-23.52.10:600][595]LogAIModule: Creating AISystem for world Nivel-2
[2024.05.18-23.52.10:601][595]LogPlayLevel: PIE: World Init took: (0.005310s)
[2024.05.18-23.52.10:601][595]LogPlayLevel: PIE: Created PIE world by copying editor world from /Game/Niveles/Nivel-2.Nivel-2 to /Game/Niveles/UEDPIE_0_Nivel-2.Nivel-2 (0.098859s)
[2024.05.18-23.52.10:637][595]LogUObjectHash: Compacting FUObjectHashTables data took   2.25ms
[2024.05.18-23.52.10:638][595]LogAudio: Display: Creating Audio Device:                 Id: 15, Scope: Unique, Realtime: True
[2024.05.18-23.52.10:639][595]LogAudioMixer: Display: Audio Mixer Platform Settings:
[2024.05.18-23.52.10:639][595]LogAudioMixer: Display: 	Sample Rate:						  48000
[2024.05.18-23.52.10:639][595]LogAudioMixer: Display: 	Callback Buffer Frame Size Requested: 1024
[2024.05.18-23.52.10:639][595]LogAudioMixer: Display: 	Callback Buffer Frame Size To Use:	  1024
[2024.05.18-23.52.10:639][595]LogAudioMixer: Display: 	Number of buffers to queue:			  2
[2024.05.18-23.52.10:639][595]LogAudioMixer: Display: 	Max Channels (voices):				  32
[2024.05.18-23.52.10:639][595]LogAudioMixer: Display: 	Number of Async Source Workers:		  0
[2024.05.18-23.52.10:639][595]LogAudio: Display: AudioDevice MaxSources: 32
[2024.05.18-23.52.10:641][595]LogAudio: Display: Audio Spatialization Plugin: None (built-in).
[2024.05.18-23.52.10:641][595]LogAudio: Display: Audio Reverb Plugin: None (built-in).
[2024.05.18-23.52.10:641][595]LogAudio: Display: Audio Occlusion Plugin: None (built-in).
[2024.05.18-23.52.10:641][595]LogAudioMixer: Display: Initializing audio mixer.
[2024.05.18-23.52.10:647][595]LogAudioMixer: Display: 0: FrontLeft
[2024.05.18-23.52.10:648][595]LogAudioMixer: Display: 1: FrontRight
[2024.05.18-23.52.10:688][595]LogAudioMixer: Display: Using Audio Device Altavoces (Realtek(R) Audio)
[2024.05.18-23.52.10:690][595]LogAudioMixer: Display: Initializing Sound Submixes...
[2024.05.18-23.52.10:690][595]LogAudioMixer: Display: Creating Master Submix 'MasterSubmixDefault'
[2024.05.18-23.52.10:690][595]LogAudioMixer: Display: Creating Master Submix 'MasterReverbSubmixDefault'
[2024.05.18-23.52.10:690][595]LogAudioMixer: Display: Creating Master Submix 'MasterEQSubmixDefault'
[2024.05.18-23.52.10:690][595]LogAudioMixer: FMixerPlatformXAudio2::StartAudioStream() called
[2024.05.18-23.52.10:690][595]LogAudioMixer: Display: Output buffers initialized: Frames=1024, Channels=2, Samples=2048
[2024.05.18-23.52.10:695][595]LogAudioMixer: Display: Starting AudioMixerPlatformInterface::RunInternal()
[2024.05.18-23.52.10:695][595]LogAudioMixer: Display: FMixerPlatformXAudio2::SubmitBuffer() called for the first time
[2024.05.18-23.52.10:695][595]LogInit: FAudioDevice initialized.
[2024.05.18-23.52.10:695][595]LogAudio: Display: Audio Device (ID: 15) registered with world 'Nivel-2'.
[2024.05.18-23.52.10:747][595]LogLoad: Game class is 'SideScrollerGameMode_C'
[2024.05.18-23.52.10:808][595]LogWorld: Bringing World /Game/Niveles/UEDPIE_0_Nivel-2.Nivel-2 up for play (max tick rate 60) at 2024.05.18-17.52.10
[2024.05.18-23.52.10:813][595]LogWorld: Bringing up level for play took: 0.064484
[2024.05.18-23.52.10:814][595]LogOnline: OSS: Creating online subsystem instance for: :Context_38
[2024.05.18-23.52.10:826][595]PIE: Server logged in
[2024.05.18-23.52.10:827][595]PIE: Play in editor total start time 0.467 seconds.
[2024.05.18-23.52.11:393][622]LogEditorViewport: Clicking Background
[2024.05.18-23.52.11:647][637]LogEditorViewport: Clicking Background
[2024.05.18-23.52.40:314][345]LogSlate: Updating window title bar state: overlay mode, drag disabled, window buttons hidden, title bar hidden
[2024.05.18-23.52.40:314][345]LogWorld: BeginTearingDown for /Game/Niveles/UEDPIE_0_Nivel-2
[2024.05.18-23.52.40:316][345]LogWorld: UWorld::CleanupWorld for Nivel-2, bSessionEnded=true, bCleanupResources=true
[2024.05.18-23.52.40:324][345]LogSlate: InvalidateAllWidgets triggered.  All widgets were invalidated
[2024.05.18-23.52.40:369][345]LogPlayLevel: Display: Shutting down PIE online subsystems
[2024.05.18-23.52.40:380][345]LogSlate: InvalidateAllWidgets triggered.  All widgets were invalidated
[2024.05.18-23.52.40:411][345]LogAudio: Display: Audio Device unregistered from world 'None'.
[2024.05.18-23.52.40:413][345]LogAudioMixer: FMixerPlatformXAudio2::StopAudioStream() called
[2024.05.18-23.52.40:414][345]LogAudioMixer: FMixerPlatformXAudio2::StopAudioStream() called
[2024.05.18-23.52.40:419][345]LogSlate: Updating window title bar state: overlay mode, drag disabled, window buttons hidden, title bar hidden
[2024.05.18-23.52.40:430][345]LogUObjectHash: Compacting FUObjectHashTables data took   1.93ms
[2024.05.18-23.52.40:477][346]LogPlayLevel: Display: Destroying online subsystem :Context_38
[2024.05.18-23.52.47:107][456]LogEditorViewport: Clicking on Actor (LMB): Plataforma_C (Plataforma2)
[2024.05.18-23.53.13:879][666]LogUObjectHash: Compacting FUObjectHashTables data took   2.07ms
[2024.05.18-23.53.14:175][666]LogSavePackage: Moving '../../../../../../Users/alber/OneDrive/Documentos/Unreal Projects/MarioAnahuacOrdinario/MarioAnahuacOrdinario/Saved/Nivel-2_Auto5BA24C6C4496D818679CB4696903AFFB1.tmp' to '../../../../../../Users/alber/OneDrive/Documentos/Unreal Projects/MarioAnahuacOrdinario/MarioAnahuacOrdinario/Saved/Autosaves/Game/Niveles/Nivel-2_Auto5.umap'
[2024.05.18-23.53.14:177][666]LogFileHelpers: Editor autosave (incl. external actors) for '/Game/Niveles/Nivel-2' took 0.327
[2024.05.18-23.53.14:177][666]LogFileHelpers: Editor autosave (incl. sublevels & external actors) for all levels took 0.327
[2024.05.18-23.59.53:035][299]LogEditorViewport: Clicking on Actor (LMB): StaticMeshActor (BrickBlockBlue269)
[2024.05.19-00.00.49:235][596]LogEditorViewport: Clicking on Actor (LMB): StaticMeshActor (BrickBlockBlue256)
[2024.05.19-00.00.49:893][634]LogEditorViewport: Clicking on Actor (LMB): StaticMeshActor (BrickBlockBlue240)
[2024.05.19-00.00.50:165][649]LogEditorViewport: Clicking on Actor (LMB): StaticMeshActor (BrickBlockBlue256)
[2024.05.19-00.00.50:709][680]LogEditorViewport: Clicking on Actor (LMB): StaticMeshActor (BrickBlockBlue272)
[2024.05.19-00.01.04:072][830]LogEditorViewport: Clicking on Actor (LMB): BlockingVolume (BlockingVolume)
[2024.05.19-00.01.04:565][857]LogEditorViewport: Clicking on Actor (LMB): StaticMeshActor (BrickBlockBlue312)
[2024.05.19-00.02.25:606][229]LogEditorViewport: Clicking on Actor (LMB): Pipe_viaje_C (Pipe_viaje)
[2024.05.19-00.02.26:857][301]LogAssetEditorSubsystem: Opening Asset editor for Blueprint /Game/Blueprint/Pipe_viaje.Pipe_viaje
[2024.05.19-00.02.35:739][746]LogEditorViewport: Clicking on Actor (LMB): Cambiar_nivel_2_C (Cambiar_nivel_2)
[2024.05.19-00.02.37:333][839]LogAssetEditorSubsystem: Opening Asset editor for Blueprint /Game/Blueprint/Cambiar_nivel_2.Cambiar_nivel_2
[2024.05.19-00.03.14:666][865]LogUObjectHash: Compacting FUObjectHashTables data took   4.86ms
[2024.05.19-00.03.14:980][865]LogSavePackage: Moving '../../../../../../Users/alber/OneDrive/Documentos/Unreal Projects/MarioAnahuacOrdinario/MarioAnahuacOrdinario/Saved/Nivel-2_Auto67465BF93447B744158BDEBA333CE0C8A.tmp' to '../../../../../../Users/alber/OneDrive/Documentos/Unreal Projects/MarioAnahuacOrdinario/MarioAnahuacOrdinario/Saved/Autosaves/Game/Niveles/Nivel-2_Auto6.umap'
[2024.05.19-00.03.14:985][865]LogFileHelpers: Editor autosave (incl. external actors) for '/Game/Niveles/Nivel-2' took 0.367
[2024.05.19-00.03.14:985][865]LogFileHelpers: Editor autosave (incl. sublevels & external actors) for all levels took 0.367
[2024.05.19-00.03.14:986][865]OBJ SavePackage: Generating thumbnails for [0] asset(s) in package [/Game/Blueprint/Cambiar_nivel_2] ([2] browsable assets)...
[2024.05.19-00.03.14:986][865]OBJ SavePackage: Finished generating thumbnails for package [/Game/Blueprint/Cambiar_nivel_2]
[2024.05.19-00.03.15:006][865]LogSavePackage: Moving '../../../../../../Users/alber/OneDrive/Documentos/Unreal Projects/MarioAnahuacOrdinario/MarioAnahuacOrdinario/Saved/Cambiar_nivel_2_Auto6E6B241374CA3A86211EA0A9F4E0CDAC4.tmp' to '../../../../../../Users/alber/OneDrive/Documentos/Unreal Projects/MarioAnahuacOrdinario/MarioAnahuacOrdinario/Saved/Autosaves/Game/Blueprint/Cambiar_nivel_2_Auto6.uasset'
[2024.05.19-00.03.15:007][865]LogFileHelpers: Auto-saving content packages took 0.022
[2024.05.19-00.03.54:100][218]LogEditorViewport: Clicking on Actor (LMB): Pipe_viaje_C (Pipe_viaje)
[2024.05.19-00.12.04:445][ 26]LogEditorViewport: Clicking Background
[2024.05.19-00.13.15:486][634]LogUObjectHash: Compacting FUObjectHashTables data took   2.38ms
[2024.05.19-00.13.15:810][634]LogSavePackage: Moving '../../../../../../Users/alber/OneDrive/Documentos/Unreal Projects/MarioAnahuacOrdinario/MarioAnahuacOrdinario/Saved/Nivel-2_Auto73739B7C34502E6F34C9A54B04B40B0DA.tmp' to '../../../../../../Users/alber/OneDrive/Documentos/Unreal Projects/MarioAnahuacOrdinario/MarioAnahuacOrdinario/Saved/Autosaves/Game/Niveles/Nivel-2_Auto7.umap'
[2024.05.19-00.13.15:814][634]LogFileHelpers: Editor autosave (incl. external actors) for '/Game/Niveles/Nivel-2' took 0.380
[2024.05.19-00.13.15:814][634]LogFileHelpers: Editor autosave (incl. sublevels & external actors) for all levels took 0.380
[2024.05.19-00.38.49:278][ 16]LogUObjectHash: Compacting FUObjectHashTables data took  15.62ms
[2024.05.19-00.38.50:515][ 16]LogSlate: Window 'Save Content' being destroyed
[2024.05.19-00.38.50:656][ 16]LogSavePackage: Moving '../../../../../../Users/alber/OneDrive/Documentos/Unreal Projects/MarioAnahuacOrdinario/MarioAnahuacOrdinario/Saved/Cambiar_nivel_2B2B7E09C4596CE0BEA9B6483F0529C54.tmp' to '../../../../../../Users/alber/OneDrive/Documentos/Unreal Projects/MarioAnahuacOrdinario/MarioAnahuacOrdinario/Content/Blueprint/Cambiar_nivel_2.uasset'
[2024.05.19-00.38.50:706][ 16]LogUObjectHash: Compacting FUObjectHashTables data took   0.57ms
[2024.05.19-00.38.51:019][ 16]LogSavePackage: Moving '../../../../../../Users/alber/OneDrive/Documentos/Unreal Projects/MarioAnahuacOrdinario/MarioAnahuacOrdinario/Saved/Nivel-2EF7CF902483C345A20F031AFC20202B2.tmp' to '../../../../../../Users/alber/OneDrive/Documentos/Unreal Projects/MarioAnahuacOrdinario/MarioAnahuacOrdinario/Content/Niveles/Nivel-2.umap'
[2024.05.19-00.38.51:059][ 16]LogFileHelpers: Saving map 'Nivel-2' took 0.397
[2024.05.19-00.38.51:198][ 16]LogAssetEditorSubsystem: Opening Asset editor for World /Game/Niveles/Nivel-2_1.Nivel-2_1
[2024.05.19-00.38.51:198][ 16]Cmd: MAP LOAD FILE="../../../../../../Users/alber/OneDrive/Documentos/Unreal Projects/MarioAnahuacOrdinario/MarioAnahuacOrdinario/Content/Niveles/Nivel-2_1.umap" TEMPLATE=0 SHOWPROGRESS=1 FEATURELEVEL=3
[2024.05.19-00.38.51:199][ 16]LightingResults: New page: Lighting Build
[2024.05.19-00.38.51:199][ 16]LoadErrors: New page: Loading map: Nivel-2_1.umap
[2024.05.19-00.38.51:395][ 16]LogWorld: UWorld::CleanupWorld for World_23, bSessionEnded=true, bCleanupResources=true
[2024.05.19-00.38.51:396][ 16]LogSlate: InvalidateAllWidgets triggered.  All widgets were invalidated
[2024.05.19-00.38.51:637][ 16]LogWorld: UWorld::CleanupWorld for Nivel-2, bSessionEnded=true, bCleanupResources=true
[2024.05.19-00.38.51:639][ 16]LogSlate: InvalidateAllWidgets triggered.  All widgets were invalidated
[2024.05.19-00.38.51:640][ 16]MapCheck: New page: Map Check
[2024.05.19-00.38.51:640][ 16]LightingResults: New page: Lighting Build
[2024.05.19-00.38.51:686][ 16]LogAudio: Display: Audio Device unregistered from world 'None'.
[2024.05.19-00.38.51:819][ 16]LogUObjectHash: Compacting FUObjectHashTables data took   7.04ms
[2024.05.19-00.38.51:921][ 16]LogUObjectHash: Compacting FUObjectHashTables data took   1.85ms
[2024.05.19-00.38.51:964][ 16]LogUObjectHash: Compacting FUObjectHashTables data took   0.55ms
[2024.05.19-00.38.51:964][ 16]LogAudio: Display: Audio Device (ID: 1) registered with world 'Nivel-2_1'.
[2024.05.19-00.38.51:973][ 16]LogEditorServer: Finished looking for orphan Actors (0.001 secs)
[2024.05.19-00.38.51:973][ 16]LogAIModule: Creating AISystem for world Nivel-2_1
[2024.05.19-00.38.52:013][ 16]LogUObjectHash: Compacting FUObjectHashTables data took   1.91ms
[2024.05.19-00.38.52:018][ 16]Cmd: MAP CHECKDEP NOCLEARLOG
[2024.05.19-00.38.52:018][ 16]MapCheck: Map check complete: 0 Error(s), 0 Warning(s), took 0.176ms to complete.
[2024.05.19-00.38.52:018][ 16]LogFileHelpers: Loading map 'Nivel-2_1' took 0.820
[2024.05.19-00.38.52:068][ 16]AssetCheck: New page: Asset Save: multiple assets
[2024.05.19-00.38.52:068][ 16]LogContentValidation: Display: Validating Blueprint /Game/Blueprint/Cambiar_nivel_2.Cambiar_nivel_2
[2024.05.19-00.38.52:069][ 16]LogContentValidation: Display: Validating World /Game/Niveles/Nivel-2.Nivel-2
[2024.05.19-00.38.53:381][ 76]BlueprintLog: New page: Pre-Play auto-recompile
[2024.05.19-00.38.53:382][ 76]LogPlayLevel: [PlayLevel] Compiling Cambiar_nivel_2 before play...
[2024.05.19-00.38.53:522][ 76]LogUObjectHash: Compacting FUObjectHashTables data took   5.56ms
[2024.05.19-00.38.53:526][ 76]LogPlayLevel: PlayLevel: Blueprint regeneration took 146 ms (1 blueprints)
[2024.05.19-00.38.53:526][ 76]PIE: New page: PIE session: Nivel-2_1 (18 may. 2024 13:38:53)
[2024.05.19-00.38.53:527][ 76]LogPlayLevel: Creating play world package: /Game/Niveles/UEDPIE_0_Nivel-2_1
[2024.05.19-00.38.53:531][ 76]LogPlayLevel: PIE: StaticDuplicateObject took: (0.004037s)
[2024.05.19-00.38.53:532][ 76]LogAIModule: Creating AISystem for world Nivel-2_1
[2024.05.19-00.38.53:532][ 76]LogPlayLevel: PIE: World Init took: (0.001735s)
[2024.05.19-00.38.53:532][ 76]LogPlayLevel: PIE: Created PIE world by copying editor world from /Game/Niveles/Nivel-2_1.Nivel-2_1 to /Game/Niveles/UEDPIE_0_Nivel-2_1.Nivel-2_1 (0.006536s)
[2024.05.19-00.38.53:566][ 76]LogUObjectHash: Compacting FUObjectHashTables data took   2.20ms
[2024.05.19-00.38.53:567][ 76]LogAudio: Display: Creating Audio Device:                 Id: 16, Scope: Unique, Realtime: True
[2024.05.19-00.38.53:568][ 76]LogAudioMixer: Display: Audio Mixer Platform Settings:
[2024.05.19-00.38.53:568][ 76]LogAudioMixer: Display: 	Sample Rate:						  48000
[2024.05.19-00.38.53:568][ 76]LogAudioMixer: Display: 	Callback Buffer Frame Size Requested: 1024
[2024.05.19-00.38.53:568][ 76]LogAudioMixer: Display: 	Callback Buffer Frame Size To Use:	  1024
[2024.05.19-00.38.53:568][ 76]LogAudioMixer: Display: 	Number of buffers to queue:			  2
[2024.05.19-00.38.53:568][ 76]LogAudioMixer: Display: 	Max Channels (voices):				  32
[2024.05.19-00.38.53:568][ 76]LogAudioMixer: Display: 	Number of Async Source Workers:		  0
[2024.05.19-00.38.53:568][ 76]LogAudio: Display: AudioDevice MaxSources: 32
[2024.05.19-00.38.53:570][ 76]LogAudio: Display: Audio Spatialization Plugin: None (built-in).
[2024.05.19-00.38.53:570][ 76]LogAudio: Display: Audio Reverb Plugin: None (built-in).
[2024.05.19-00.38.53:570][ 76]LogAudio: Display: Audio Occlusion Plugin: None (built-in).
[2024.05.19-00.38.53:570][ 76]LogAudioMixer: Display: Initializing audio mixer.
[2024.05.19-00.38.53:574][ 76]LogAudioMixer: Display: 0: FrontLeft
[2024.05.19-00.38.53:574][ 76]LogAudioMixer: Display: 1: FrontRight
[2024.05.19-00.38.53:615][ 76]LogAudioMixer: Display: Using Audio Device Altavoces (Realtek(R) Audio)
[2024.05.19-00.38.53:615][ 76]LogAudioMixer: Display: Initializing Sound Submixes...
[2024.05.19-00.38.53:615][ 76]LogAudioMixer: Display: Creating Master Submix 'MasterSubmixDefault'
[2024.05.19-00.38.53:615][ 76]LogAudioMixer: Display: Creating Master Submix 'MasterReverbSubmixDefault'
[2024.05.19-00.38.53:619][ 76]LogAudioMixer: Display: Creating Master Submix 'MasterEQSubmixDefault'
[2024.05.19-00.38.53:619][ 76]LogAudioMixer: FMixerPlatformXAudio2::StartAudioStream() called
[2024.05.19-00.38.53:619][ 76]LogAudioMixer: Display: Output buffers initialized: Frames=1024, Channels=2, Samples=2048
[2024.05.19-00.38.53:624][ 76]LogAudioMixer: Display: Starting AudioMixerPlatformInterface::RunInternal()
[2024.05.19-00.38.53:624][ 76]LogAudioMixer: Display: FMixerPlatformXAudio2::SubmitBuffer() called for the first time
[2024.05.19-00.38.53:624][ 76]LogInit: FAudioDevice initialized.
[2024.05.19-00.38.53:624][ 76]LogAudio: Display: Audio Device (ID: 16) registered with world 'Nivel-2_1'.
[2024.05.19-00.38.53:666][ 76]LogLoad: Game class is 'SideScrollerGameMode_C'
[2024.05.19-00.38.53:669][ 76]LogWorld: Bringing World /Game/Niveles/UEDPIE_0_Nivel-2_1.Nivel-2_1 up for play (max tick rate 60) at 2024.05.18-18.38.53
[2024.05.19-00.38.53:670][ 76]LogWorld: Bringing up level for play took: 0.002069
[2024.05.19-00.38.53:671][ 76]LogOnline: OSS: Creating online subsystem instance for: :Context_41
[2024.05.19-00.38.53:688][ 76]PIE: Server logged in
[2024.05.19-00.38.53:690][ 76]PIE: Play in editor total start time 0.311 seconds.
[2024.05.19-00.38.55:477][179]LogSlate: Updating window title bar state: overlay mode, drag disabled, window buttons hidden, title bar hidden
[2024.05.19-00.38.55:477][179]LogWorld: BeginTearingDown for /Game/Niveles/UEDPIE_0_Nivel-2_1
[2024.05.19-00.38.55:477][179]LogWorld: UWorld::CleanupWorld for Nivel-2_1, bSessionEnded=true, bCleanupResources=true
[2024.05.19-00.38.55:477][179]LogSlate: InvalidateAllWidgets triggered.  All widgets were invalidated
[2024.05.19-00.38.55:533][179]LogPlayLevel: Display: Shutting down PIE online subsystems
[2024.05.19-00.38.55:537][179]LogSlate: InvalidateAllWidgets triggered.  All widgets were invalidated
[2024.05.19-00.38.55:568][179]LogSlate: Updating window title bar state: overlay mode, drag disabled, window buttons hidden, title bar hidden
[2024.05.19-00.38.55:569][179]LogAudioMixer: FMixerPlatformXAudio2::StopAudioStream() called
[2024.05.19-00.38.55:570][179]LogAudioMixer: FMixerPlatformXAudio2::StopAudioStream() called
[2024.05.19-00.38.55:578][179]LogUObjectHash: Compacting FUObjectHashTables data took   1.97ms
[2024.05.19-00.38.55:604][180]LogPlayLevel: Display: Destroying online subsystem :Context_41
[2024.05.19-00.38.57:758][271]LogEditorViewport: Clicking on Actor (LMB): StaticMeshActor (Pipe_Dokan1__m_Dokan1)
[2024.05.19-00.38.59:475][369]LogEditorViewport: Clicking on Actor (LMB): StaticMeshActor (Pipe_Dokan1__m_Dokan2)
[2024.05.19-00.39.00:474][428]LogEditorViewport: Clicking on Actor (LMB): BlockingVolume (BlockingVolume2)
[2024.05.19-00.39.02:384][540]LogEditorViewport: Clicking on Actor (LMB): Cambiar_nivel_C (Cambiar_nivel)
[2024.05.19-00.39.03:599][610]LogAssetEditorSubsystem: Opening Asset editor for Blueprint /Game/Blueprint/Cambiar_nivel.Cambiar_nivel
[2024.05.19-00.48.50:984][689]LogUObjectHash: Compacting FUObjectHashTables data took   2.79ms
[2024.05.19-00.48.50:986][689]LogFileHelpers: Editor autosave (incl. external actors) for '/Game/Niveles/Nivel-2_1' took 0.046
[2024.05.19-00.53.47:997][778]LogUObjectHash: Compacting FUObjectHashTables data took   1.00ms
[2024.05.19-00.53.48:829][778]LogSlate: Window 'Save Content' being destroyed
[2024.05.19-00.53.49:226][778]LogUObjectHash: Compacting FUObjectHashTables data took   2.12ms
[2024.05.19-00.53.49:606][778]LogSavePackage: Moving '../../../../../../Users/alber/OneDrive/Documentos/Unreal Projects/MarioAnahuacOrdinario/MarioAnahuacOrdinario/Saved/Nivel-2C43978AB4304C04FDFC6458DDFD45152.tmp' to '../../../../../../Users/alber/OneDrive/Documentos/Unreal Projects/MarioAnahuacOrdinario/MarioAnahuacOrdinario/Content/Niveles/Nivel-2.umap'
[2024.05.19-00.53.49:741][778]LogFileHelpers: Saving map 'Nivel-2' took 0.870
[2024.05.19-00.53.49:843][778]LogAssetEditorSubsystem: Opening Asset editor for World /Game/Niveles/Nivel-2_2.Nivel-2_2
[2024.05.19-00.53.49:843][778]Cmd: MAP LOAD FILE="../../../../../../Users/alber/OneDrive/Documentos/Unreal Projects/MarioAnahuacOrdinario/MarioAnahuacOrdinario/Content/Niveles/Nivel-2_2.umap" TEMPLATE=0 SHOWPROGRESS=1 FEATURELEVEL=3
[2024.05.19-00.53.49:844][778]LightingResults: New page: Lighting Build
[2024.05.19-00.53.49:845][778]LoadErrors: New page: Loading map: Nivel-2_2.umap
[2024.05.19-00.53.49:858][778]LogWorld: UWorld::CleanupWorld for Nivel-2_1, bSessionEnded=true, bCleanupResources=true
[2024.05.19-00.53.49:859][778]LogSlate: InvalidateAllWidgets triggered.  All widgets were invalidated
[2024.05.19-00.53.49:860][778]MapCheck: New page: Map Check
[2024.05.19-00.53.49:860][778]LightingResults: New page: Lighting Build
[2024.05.19-00.53.49:900][778]LogAudio: Display: Audio Device unregistered from world 'None'.
[2024.05.19-00.53.49:923][778]LogUObjectHash: Compacting FUObjectHashTables data took   5.64ms
[2024.05.19-00.53.49:967][778]LogUObjectHash: Compacting FUObjectHashTables data took   1.94ms
[2024.05.19-00.53.50:025][778]LogUObjectHash: Compacting FUObjectHashTables data took   2.67ms
[2024.05.19-00.53.50:071][778]LogUObjectHash: Compacting FUObjectHashTables data took   1.94ms
[2024.05.19-00.53.50:074][778]LogAudio: Display: Audio Device (ID: 1) registered with world 'Nivel-2_2'.
[2024.05.19-00.53.50:085][778]LogEditorServer: Finished looking for orphan Actors (0.001 secs)
[2024.05.19-00.53.50:085][778]LogAIModule: Creating AISystem for world Nivel-2_2
[2024.05.19-00.53.50:140][778]LogUObjectHash: Compacting FUObjectHashTables data took   1.94ms
[2024.05.19-00.53.50:156][778]Cmd: MAP CHECKDEP NOCLEARLOG
[2024.05.19-00.53.50:157][778]MapCheck: Map check complete: 0 Error(s), 0 Warning(s), took 0.15ms to complete.
[2024.05.19-00.53.50:157][778]LogFileHelpers: Loading map 'Nivel-2_2' took 0.313
[2024.05.19-00.53.50:176][778]AssetCheck: New page: Asset Save: Nivel-2
[2024.05.19-00.53.50:177][778]LogContentValidation: Display: Validating World /Game/Niveles/Nivel-2.Nivel-2
[2024.05.19-00.53.50:808][803]LogTemp: Repeating last play command: Selected Viewport
[2024.05.19-00.53.50:814][803]LogPlayLevel: PlayLevel: No blueprints needed recompiling
[2024.05.19-00.53.50:814][803]PIE: New page: PIE session: Nivel-2_2 (18 may. 2024 13:53:50)
[2024.05.19-00.53.50:816][803]LogPlayLevel: Creating play world package: /Game/Niveles/UEDPIE_0_Nivel-2_2
[2024.05.19-00.53.50:822][803]LogPlayLevel: PIE: StaticDuplicateObject took: (0.005519s)
[2024.05.19-00.53.50:823][803]LogAIModule: Creating AISystem for world Nivel-2_2
[2024.05.19-00.53.50:824][803]LogPlayLevel: PIE: World Init took: (0.003312s)
[2024.05.19-00.53.50:824][803]LogPlayLevel: PIE: Created PIE world by copying editor world from /Game/Niveles/Nivel-2_2.Nivel-2_2 to /Game/Niveles/UEDPIE_0_Nivel-2_2.Nivel-2_2 (0.009411s)
[2024.05.19-00.53.50:877][803]LogUObjectHash: Compacting FUObjectHashTables data took   2.52ms
[2024.05.19-00.53.50:880][803]LogAudio: Display: Creating Audio Device:                 Id: 17, Scope: Unique, Realtime: True
[2024.05.19-00.53.50:880][803]LogAudioMixer: Display: Audio Mixer Platform Settings:
[2024.05.19-00.53.50:880][803]LogAudioMixer: Display: 	Sample Rate:						  48000
[2024.05.19-00.53.50:880][803]LogAudioMixer: Display: 	Callback Buffer Frame Size Requested: 1024
[2024.05.19-00.53.50:880][803]LogAudioMixer: Display: 	Callback Buffer Frame Size To Use:	  1024
[2024.05.19-00.53.50:880][803]LogAudioMixer: Display: 	Number of buffers to queue:			  2
[2024.05.19-00.53.50:880][803]LogAudioMixer: Display: 	Max Channels (voices):				  32
[2024.05.19-00.53.50:880][803]LogAudioMixer: Display: 	Number of Async Source Workers:		  0
[2024.05.19-00.53.50:880][803]LogAudio: Display: AudioDevice MaxSources: 32
[2024.05.19-00.53.50:881][803]LogAudio: Display: Audio Spatialization Plugin: None (built-in).
[2024.05.19-00.53.50:881][803]LogAudio: Display: Audio Reverb Plugin: None (built-in).
[2024.05.19-00.53.50:881][803]LogAudio: Display: Audio Occlusion Plugin: None (built-in).
[2024.05.19-00.53.50:881][803]LogAudioMixer: Display: Initializing audio mixer.
[2024.05.19-00.53.50:886][803]LogAudioMixer: Display: 0: FrontLeft
[2024.05.19-00.53.50:886][803]LogAudioMixer: Display: 1: FrontRight
[2024.05.19-00.53.50:923][803]LogAudioMixer: Display: Using Audio Device Altavoces (Realtek(R) Audio)
[2024.05.19-00.53.50:923][803]LogAudioMixer: Display: Initializing Sound Submixes...
[2024.05.19-00.53.50:923][803]LogAudioMixer: Display: Creating Master Submix 'MasterSubmixDefault'
[2024.05.19-00.53.50:923][803]LogAudioMixer: Display: Creating Master Submix 'MasterReverbSubmixDefault'
[2024.05.19-00.53.50:926][803]LogAudioMixer: Display: Creating Master Submix 'MasterEQSubmixDefault'
[2024.05.19-00.53.50:926][803]LogAudioMixer: FMixerPlatformXAudio2::StartAudioStream() called
[2024.05.19-00.53.50:926][803]LogAudioMixer: Display: Output buffers initialized: Frames=1024, Channels=2, Samples=2048
[2024.05.19-00.53.50:930][803]LogAudioMixer: Display: Starting AudioMixerPlatformInterface::RunInternal()
[2024.05.19-00.53.50:930][803]LogAudioMixer: Display: FMixerPlatformXAudio2::SubmitBuffer() called for the first time
[2024.05.19-00.53.50:930][803]LogInit: FAudioDevice initialized.
[2024.05.19-00.53.50:930][803]LogAudio: Display: Audio Device (ID: 17) registered with world 'Nivel-2_2'.
[2024.05.19-00.53.50:971][803]LogLoad: Game class is 'SideScrollerGameMode_C'
[2024.05.19-00.53.50:975][803]LogWorld: Bringing World /Game/Niveles/UEDPIE_0_Nivel-2_2.Nivel-2_2 up for play (max tick rate 60) at 2024.05.18-18.53.50
[2024.05.19-00.53.50:975][803]LogWorld: Bringing up level for play took: 0.002176
[2024.05.19-00.53.50:976][803]LogOnline: OSS: Creating online subsystem instance for: :Context_43
[2024.05.19-00.53.50:987][803]PIE: Server logged in
[2024.05.19-00.53.50:988][803]PIE: Play in editor total start time 0.175 seconds.
[2024.05.19-00.53.55:647][ 78]LogSlate: Updating window title bar state: overlay mode, drag disabled, window buttons hidden, title bar hidden
[2024.05.19-00.53.55:647][ 78]LogWorld: BeginTearingDown for /Game/Niveles/UEDPIE_0_Nivel-2_2
[2024.05.19-00.53.55:647][ 78]LogWorld: UWorld::CleanupWorld for Nivel-2_2, bSessionEnded=true, bCleanupResources=true
[2024.05.19-00.53.55:648][ 78]LogSlate: InvalidateAllWidgets triggered.  All widgets were invalidated
[2024.05.19-00.53.55:676][ 78]LogPlayLevel: Display: Shutting down PIE online subsystems
[2024.05.19-00.53.55:680][ 78]LogSlate: InvalidateAllWidgets triggered.  All widgets were invalidated
[2024.05.19-00.53.55:716][ 78]LogAudio: Display: Audio Device unregistered from world 'None'.
[2024.05.19-00.53.55:718][ 78]LogAudioMixer: FMixerPlatformXAudio2::StopAudioStream() called
[2024.05.19-00.53.55:718][ 78]LogAudioMixer: FMixerPlatformXAudio2::StopAudioStream() called
[2024.05.19-00.53.55:723][ 78]LogSlate: Updating window title bar state: overlay mode, drag disabled, window buttons hidden, title bar hidden
[2024.05.19-00.53.55:727][ 78]LogUObjectHash: Compacting FUObjectHashTables data took   2.22ms
[2024.05.19-00.53.55:746][ 79]LogPlayLevel: Display: Destroying online subsystem :Context_43
[2024.05.19-01.01.18:636][581]LogUObjectHash: Compacting FUObjectHashTables data took   2.63ms
[2024.05.19-01.01.19:234][581]LogAssetEditorSubsystem: Opening Asset editor for World /Game/Niveles/Nivel4.Nivel4
[2024.05.19-01.01.19:234][581]Cmd: MAP LOAD FILE="../../../../../../Users/alber/OneDrive/Documentos/Unreal Projects/MarioAnahuacOrdinario/MarioAnahuacOrdinario/Content/Niveles/Nivel4.umap" TEMPLATE=0 SHOWPROGRESS=1 FEATURELEVEL=3
[2024.05.19-01.01.19:234][581]LightingResults: New page: Lighting Build
[2024.05.19-01.01.19:234][581]LoadErrors: New page: Loading map: Nivel4.umap
[2024.05.19-01.01.19:247][581]LogWorld: UWorld::CleanupWorld for Nivel-2_2, bSessionEnded=true, bCleanupResources=true
[2024.05.19-01.01.19:247][581]LogSlate: InvalidateAllWidgets triggered.  All widgets were invalidated
[2024.05.19-01.01.19:247][581]MapCheck: New page: Map Check
[2024.05.19-01.01.19:247][581]LightingResults: New page: Lighting Build
[2024.05.19-01.01.19:301][581]LogAudio: Display: Audio Device unregistered from world 'None'.
[2024.05.19-01.01.19:311][581]LogUObjectHash: Compacting FUObjectHashTables data took   4.49ms
[2024.05.19-01.01.19:349][581]LogUObjectHash: Compacting FUObjectHashTables data took   2.14ms
[2024.05.19-01.01.19:400][581]LogUObjectHash: Compacting FUObjectHashTables data took   2.53ms
[2024.05.19-01.01.19:434][581]LogUObjectHash: Compacting FUObjectHashTables data took   2.21ms
[2024.05.19-01.01.19:437][581]LogAudio: Display: Audio Device (ID: 1) registered with world 'Nivel4'.
[2024.05.19-01.01.19:542][581]LogEditorServer: Finished looking for orphan Actors (0.000 secs)
[2024.05.19-01.01.19:542][581]LogAIModule: Creating AISystem for world Nivel4
[2024.05.19-01.01.19:610][581]LogUObjectHash: Compacting FUObjectHashTables data took   2.03ms
[2024.05.19-01.01.19:623][581]Cmd: MAP CHECKDEP NOCLEARLOG
[2024.05.19-01.01.19:624][581]MapCheck: Map check complete: 0 Error(s), 0 Warning(s), took 0.312ms to complete.
[2024.05.19-01.01.19:624][581]LogFileHelpers: Loading map 'Nivel4' took 0.389
[2024.05.19-01.01.27:858][983]Cmd: EDIT COPY
[2024.05.19-01.03.33:486][786]Cmd: EDIT COPY
[2024.05.19-01.07.18:551][578]LogTemp: Repeating last play command: Selected Viewport
[2024.05.19-01.07.18:557][578]LogPlayLevel: PlayLevel: No blueprints needed recompiling
[2024.05.19-01.07.18:557][578]PIE: New page: PIE session: Nivel4 (18 may. 2024 14:07:18)
[2024.05.19-01.07.18:557][578]LogPlayLevel: Creating play world package: /Game/Niveles/UEDPIE_0_Nivel4
[2024.05.19-01.07.18:687][578]LogPlayLevel: PIE: StaticDuplicateObject took: (0.129856s)
[2024.05.19-01.07.18:688][578]LogAIModule: Creating AISystem for world Nivel4
[2024.05.19-01.07.18:688][578]LogPlayLevel: PIE: World Init took: (0.002139s)
[2024.05.19-01.07.18:692][578]LogPlayLevel: PIE: Created PIE world by copying editor world from /Game/Niveles/Nivel4.Nivel4 to /Game/Niveles/UEDPIE_0_Nivel4.Nivel4 (0.134161s)
[2024.05.19-01.07.18:737][578]LogUObjectHash: Compacting FUObjectHashTables data took   2.52ms
[2024.05.19-01.07.18:745][578]LogAudio: Display: Creating Audio Device:                 Id: 18, Scope: Unique, Realtime: True
[2024.05.19-01.07.18:745][578]LogAudioMixer: Display: Audio Mixer Platform Settings:
[2024.05.19-01.07.18:745][578]LogAudioMixer: Display: 	Sample Rate:						  48000
[2024.05.19-01.07.18:745][578]LogAudioMixer: Display: 	Callback Buffer Frame Size Requested: 1024
[2024.05.19-01.07.18:745][578]LogAudioMixer: Display: 	Callback Buffer Frame Size To Use:	  1024
[2024.05.19-01.07.18:745][578]LogAudioMixer: Display: 	Number of buffers to queue:			  2
[2024.05.19-01.07.18:745][578]LogAudioMixer: Display: 	Max Channels (voices):				  32
[2024.05.19-01.07.18:745][578]LogAudioMixer: Display: 	Number of Async Source Workers:		  0
[2024.05.19-01.07.18:745][578]LogAudio: Display: AudioDevice MaxSources: 32
[2024.05.19-01.07.18:746][578]LogAudio: Display: Audio Spatialization Plugin: None (built-in).
[2024.05.19-01.07.18:746][578]LogAudio: Display: Audio Reverb Plugin: None (built-in).
[2024.05.19-01.07.18:746][578]LogAudio: Display: Audio Occlusion Plugin: None (built-in).
[2024.05.19-01.07.18:746][578]LogAudioMixer: Display: Initializing audio mixer.
[2024.05.19-01.07.18:748][578]LogAudioMixer: Display: 0: FrontLeft
[2024.05.19-01.07.18:748][578]LogAudioMixer: Display: 1: FrontRight
[2024.05.19-01.07.18:786][578]LogAudioMixer: Display: Using Audio Device Altavoces (Realtek(R) Audio)
[2024.05.19-01.07.18:786][578]LogAudioMixer: Display: Initializing Sound Submixes...
[2024.05.19-01.07.18:786][578]LogAudioMixer: Display: Creating Master Submix 'MasterSubmixDefault'
[2024.05.19-01.07.18:786][578]LogAudioMixer: Display: Creating Master Submix 'MasterReverbSubmixDefault'
[2024.05.19-01.07.18:787][578]LogAudioMixer: Display: Creating Master Submix 'MasterEQSubmixDefault'
[2024.05.19-01.07.18:787][578]LogAudioMixer: FMixerPlatformXAudio2::StartAudioStream() called
[2024.05.19-01.07.18:787][578]LogAudioMixer: Display: Output buffers initialized: Frames=1024, Channels=2, Samples=2048
[2024.05.19-01.07.18:788][578]LogAudioMixer: Display: Starting AudioMixerPlatformInterface::RunInternal()
[2024.05.19-01.07.18:788][578]LogAudioMixer: Display: FMixerPlatformXAudio2::SubmitBuffer() called for the first time
[2024.05.19-01.07.18:788][578]LogInit: FAudioDevice initialized.
[2024.05.19-01.07.18:788][578]LogAudio: Display: Audio Device (ID: 18) registered with world 'Nivel4'.
[2024.05.19-01.07.18:805][578]LogLoad: Game class is 'SideScrollerGameMode_C'
[2024.05.19-01.07.18:870][578]LogWorld: Bringing World /Game/Niveles/UEDPIE_0_Nivel4.Nivel4 up for play (max tick rate 60) at 2024.05.18-19.07.18
[2024.05.19-01.07.18:879][578]LogWorld: Bringing up level for play took: 0.072674
[2024.05.19-01.07.18:880][578]LogOnline: OSS: Creating online subsystem instance for: :Context_44
[2024.05.19-01.07.18:888][578]PIE: Server logged in
[2024.05.19-01.07.18:889][578]PIE: Play in editor total start time 0.332 seconds.
[2024.05.19-01.07.22:693][726]LogSlate: Updating window title bar state: overlay mode, drag disabled, window buttons hidden, title bar hidden
[2024.05.19-01.07.22:693][726]LogWorld: BeginTearingDown for /Game/Niveles/UEDPIE_0_Nivel4
[2024.05.19-01.07.22:697][726]LogWorld: UWorld::CleanupWorld for Nivel4, bSessionEnded=true, bCleanupResources=true
[2024.05.19-01.07.22:709][726]LogSlate: InvalidateAllWidgets triggered.  All widgets were invalidated
[2024.05.19-01.07.22:732][726]LogPlayLevel: Display: Shutting down PIE online subsystems
[2024.05.19-01.07.22:754][726]LogSlate: InvalidateAllWidgets triggered.  All widgets were invalidated
[2024.05.19-01.07.22:790][726]LogAudio: Display: Audio Device unregistered from world 'None'.
[2024.05.19-01.07.22:798][726]LogAudioMixer: FMixerPlatformXAudio2::StopAudioStream() called
[2024.05.19-01.07.22:811][726]LogAudioMixer: FMixerPlatformXAudio2::StopAudioStream() called
[2024.05.19-01.07.22:816][726]LogSlate: Updating window title bar state: overlay mode, drag disabled, window buttons hidden, title bar hidden
[2024.05.19-01.07.22:828][726]LogUObjectHash: Compacting FUObjectHashTables data took   2.12ms
[2024.05.19-01.07.23:014][727]LogPlayLevel: Display: Destroying online subsystem :Context_44
[2024.05.19-01.13.13:423][833]LogEditorViewport: Clicking Background
[2024.05.19-01.29.49:036][437]LogTemp: Repeating last play command: Selected Viewport
[2024.05.19-01.29.49:088][437]LogPlayLevel: PlayLevel: No blueprints needed recompiling
[2024.05.19-01.29.49:091][437]PIE: New page: PIE session: Nivel4 (18 may. 2024 14:29:49)
[2024.05.19-01.29.49:102][437]LogPlayLevel: Creating play world package: /Game/Niveles/UEDPIE_0_Nivel4
[2024.05.19-01.29.49:477][437]LogPlayLevel: PIE: StaticDuplicateObject took: (0.372705s)
[2024.05.19-01.29.49:492][437]LogAIModule: Creating AISystem for world Nivel4
[2024.05.19-01.29.49:499][437]LogPlayLevel: PIE: World Init took: (0.020745s)
[2024.05.19-01.29.49:500][437]LogPlayLevel: PIE: Created PIE world by copying editor world from /Game/Niveles/Nivel4.Nivel4 to /Game/Niveles/UEDPIE_0_Nivel4.Nivel4 (0.397103s)
[2024.05.19-01.29.50:066][437]LogUObjectHash: Compacting FUObjectHashTables data took  17.51ms
[2024.05.19-01.29.50:454][437]LogAudio: Display: Creating Audio Device:                 Id: 19, Scope: Unique, Realtime: True
[2024.05.19-01.29.50:456][437]LogAudioMixer: Display: Audio Mixer Platform Settings:
[2024.05.19-01.29.50:456][437]LogAudioMixer: Display: 	Sample Rate:						  48000
[2024.05.19-01.29.50:456][437]LogAudioMixer: Display: 	Callback Buffer Frame Size Requested: 1024
[2024.05.19-01.29.50:456][437]LogAudioMixer: Display: 	Callback Buffer Frame Size To Use:	  1024
[2024.05.19-01.29.50:456][437]LogAudioMixer: Display: 	Number of buffers to queue:			  2
[2024.05.19-01.29.50:456][437]LogAudioMixer: Display: 	Max Channels (voices):				  32
[2024.05.19-01.29.50:456][437]LogAudioMixer: Display: 	Number of Async Source Workers:		  0
[2024.05.19-01.29.50:456][437]LogAudio: Display: AudioDevice MaxSources: 32
[2024.05.19-01.29.50:460][437]LogAudio: Display: Audio Spatialization Plugin: None (built-in).
[2024.05.19-01.29.50:460][437]LogAudio: Display: Audio Reverb Plugin: None (built-in).
[2024.05.19-01.29.50:460][437]LogAudio: Display: Audio Occlusion Plugin: None (built-in).
[2024.05.19-01.29.50:460][437]LogAudioMixer: Display: Initializing audio mixer.
[2024.05.19-01.29.50:471][437]LogAudioMixer: Display: 0: FrontLeft
[2024.05.19-01.29.50:471][437]LogAudioMixer: Display: 1: FrontRight
[2024.05.19-01.29.50:516][437]LogAudioMixer: Display: Using Audio Device Altavoces (Realtek(R) Audio)
[2024.05.19-01.29.50:520][437]LogAudioMixer: Display: Initializing Sound Submixes...
[2024.05.19-01.29.50:520][437]LogAudioMixer: Display: Creating Master Submix 'MasterSubmixDefault'
[2024.05.19-01.29.50:522][437]LogAudioMixer: Display: Creating Master Submix 'MasterReverbSubmixDefault'
[2024.05.19-01.29.50:529][437]LogAudioMixer: Display: Creating Master Submix 'MasterEQSubmixDefault'
[2024.05.19-01.29.50:529][437]LogAudioMixer: FMixerPlatformXAudio2::StartAudioStream() called
[2024.05.19-01.29.50:529][437]LogAudioMixer: Display: Output buffers initialized: Frames=1024, Channels=2, Samples=2048
[2024.05.19-01.29.50:538][437]LogAudioMixer: Display: Starting AudioMixerPlatformInterface::RunInternal()
[2024.05.19-01.29.50:538][437]LogAudioMixer: Display: FMixerPlatformXAudio2::SubmitBuffer() called for the first time
[2024.05.19-01.29.50:538][437]LogInit: FAudioDevice initialized.
[2024.05.19-01.29.50:538][437]LogAudio: Display: Audio Device (ID: 19) registered with world 'Nivel4'.
[2024.05.19-01.29.50:634][437]LogLoad: Game class is 'SideScrollerGameMode_C'
[2024.05.19-01.29.50:795][437]LogWorld: Bringing World /Game/Niveles/UEDPIE_0_Nivel4.Nivel4 up for play (max tick rate 60) at 2024.05.18-19.29.50
[2024.05.19-01.29.50:807][437]LogWorld: Bringing up level for play took: 0.167553
[2024.05.19-01.29.50:807][437]LogOnline: OSS: Creating online subsystem instance for: :Context_45
[2024.05.19-01.29.50:828][437]PIE: Server logged in
[2024.05.19-01.29.50:830][437]PIE: Play in editor total start time 1.757 seconds.
[2024.05.19-01.29.53:339][567]LogSlate: Updating window title bar state: overlay mode, drag disabled, window buttons hidden, title bar hidden
[2024.05.19-01.29.53:339][567]LogWorld: BeginTearingDown for /Game/Niveles/UEDPIE_0_Nivel4
[2024.05.19-01.29.53:344][567]LogWorld: UWorld::CleanupWorld for Nivel4, bSessionEnded=true, bCleanupResources=true
[2024.05.19-01.29.53:358][567]LogSlate: InvalidateAllWidgets triggered.  All widgets were invalidated
[2024.05.19-01.29.53:397][567]LogPlayLevel: Display: Shutting down PIE online subsystems
[2024.05.19-01.29.53:408][567]LogSlate: InvalidateAllWidgets triggered.  All widgets were invalidated
[2024.05.19-01.29.53:451][567]LogSlate: Updating window title bar state: overlay mode, drag disabled, window buttons hidden, title bar hidden
[2024.05.19-01.29.53:461][567]LogAudioMixer: FMixerPlatformXAudio2::StopAudioStream() called
[2024.05.19-01.29.53:470][567]LogAudioMixer: FMixerPlatformXAudio2::StopAudioStream() called
[2024.05.19-01.29.53:503][567]LogUObjectHash: Compacting FUObjectHashTables data took   2.77ms
[2024.05.19-01.29.53:545][568]LogPlayLevel: Display: Destroying online subsystem :Context_45
[2024.05.19-01.29.56:008][700]LogAssetEditorSubsystem: Opening Asset editor for LevelScriptBlueprint /Game/Niveles/Nivel4.Nivel4:PersistentLevel.Nivel4
[2024.05.19-01.37.16:853][291]LogPlayLevel: PlayLevel: No blueprints needed recompiling
[2024.05.19-01.37.16:855][291]PIE: New page: SIE session: Nivel4 (18 may. 2024 14:37:16)
[2024.05.19-01.37.16:855][291]LogPlayLevel: Creating play world package: /Game/Niveles/UEDPIE_0_Nivel4
[2024.05.19-01.37.17:021][291]LogPlayLevel: PIE: StaticDuplicateObject took: (0.165958s)
[2024.05.19-01.37.17:026][291]LogAIModule: Creating AISystem for world Nivel4
[2024.05.19-01.37.17:027][291]LogPlayLevel: PIE: World Init took: (0.005391s)
[2024.05.19-01.37.17:027][291]LogPlayLevel: PIE: Created PIE world by copying editor world from /Game/Niveles/Nivel4.Nivel4 to /Game/Niveles/UEDPIE_0_Nivel4.Nivel4 (0.172108s)
[2024.05.19-01.37.17:182][291]LogUObjectHash: Compacting FUObjectHashTables data took   3.76ms
[2024.05.19-01.37.17:194][291]LogAudio: Display: Creating Audio Device:                 Id: 20, Scope: Unique, Realtime: True
[2024.05.19-01.37.17:194][291]LogAudioMixer: Display: Audio Mixer Platform Settings:
[2024.05.19-01.37.17:194][291]LogAudioMixer: Display: 	Sample Rate:						  48000
[2024.05.19-01.37.17:194][291]LogAudioMixer: Display: 	Callback Buffer Frame Size Requested: 1024
[2024.05.19-01.37.17:194][291]LogAudioMixer: Display: 	Callback Buffer Frame Size To Use:	  1024
[2024.05.19-01.37.17:194][291]LogAudioMixer: Display: 	Number of buffers to queue:			  2
[2024.05.19-01.37.17:194][291]LogAudioMixer: Display: 	Max Channels (voices):				  32
[2024.05.19-01.37.17:194][291]LogAudioMixer: Display: 	Number of Async Source Workers:		  0
[2024.05.19-01.37.17:194][291]LogAudio: Display: AudioDevice MaxSources: 32
[2024.05.19-01.37.17:196][291]LogAudio: Display: Audio Spatialization Plugin: None (built-in).
[2024.05.19-01.37.17:196][291]LogAudio: Display: Audio Reverb Plugin: None (built-in).
[2024.05.19-01.37.17:196][291]LogAudio: Display: Audio Occlusion Plugin: None (built-in).
[2024.05.19-01.37.17:196][291]LogAudioMixer: Display: Initializing audio mixer.
[2024.05.19-01.37.17:200][291]LogAudioMixer: Display: 0: FrontLeft
[2024.05.19-01.37.17:200][291]LogAudioMixer: Display: 1: FrontRight
[2024.05.19-01.37.17:240][291]LogAudioMixer: Display: Using Audio Device Altavoces (Realtek(R) Audio)
[2024.05.19-01.37.17:241][291]LogAudioMixer: Display: Initializing Sound Submixes...
[2024.05.19-01.37.17:242][291]LogAudioMixer: Display: Creating Master Submix 'MasterSubmixDefault'
[2024.05.19-01.37.17:242][291]LogAudioMixer: Display: Creating Master Submix 'MasterReverbSubmixDefault'
[2024.05.19-01.37.17:244][291]LogAudioMixer: Display: Creating Master Submix 'MasterEQSubmixDefault'
[2024.05.19-01.37.17:244][291]LogAudioMixer: FMixerPlatformXAudio2::StartAudioStream() called
[2024.05.19-01.37.17:244][291]LogAudioMixer: Display: Output buffers initialized: Frames=1024, Channels=2, Samples=2048
[2024.05.19-01.37.17:246][291]LogAudioMixer: Display: Starting AudioMixerPlatformInterface::RunInternal()
[2024.05.19-01.37.17:246][291]LogAudioMixer: Display: FMixerPlatformXAudio2::SubmitBuffer() called for the first time
[2024.05.19-01.37.17:246][291]LogInit: FAudioDevice initialized.
[2024.05.19-01.37.17:246][291]LogAudio: Display: Audio Device (ID: 20) registered with world 'Nivel4'.
[2024.05.19-01.37.17:270][291]LogLoad: Game class is 'SideScrollerGameMode_C'
[2024.05.19-01.37.17:336][291]LogWorld: Bringing World /Game/Niveles/UEDPIE_0_Nivel4.Nivel4 up for play (max tick rate 60) at 2024.05.18-19.37.17
[2024.05.19-01.37.17:339][291]LogWorld: Bringing up level for play took: 0.068112
[2024.05.19-01.37.17:339][291]LogOnline: OSS: Creating online subsystem instance for: :Context_51
[2024.05.19-01.37.17:346][291]PIE: Server logged in
[2024.05.19-01.37.17:348][291]PIE: Play in editor total start time 0.497 seconds.
[2024.05.19-01.37.19:059][387]LogEditorViewport: Clicking on Actor (LMB): BastonDeFuego_C (BastonDeFuego4)
[2024.05.19-01.37.20:594][470]LogSlate: Updating window title bar state: overlay mode, drag disabled, window buttons hidden, title bar hidden
[2024.05.19-01.37.20:594][470]LogWorld: BeginTearingDown for /Game/Niveles/UEDPIE_0_Nivel4
[2024.05.19-01.37.20:597][470]LogWorld: UWorld::CleanupWorld for Nivel4, bSessionEnded=true, bCleanupResources=true
[2024.05.19-01.37.20:611][470]LogSlate: InvalidateAllWidgets triggered.  All widgets were invalidated
[2024.05.19-01.37.20:654][470]LogPlayLevel: Display: Shutting down PIE online subsystems
[2024.05.19-01.37.20:668][470]LogSlate: InvalidateAllWidgets triggered.  All widgets were invalidated
[2024.05.19-01.37.20:719][470]LogAudio: Display: Audio Device unregistered from world 'None'.
[2024.05.19-01.37.20:719][470]LogAudioMixer: FMixerPlatformXAudio2::StopAudioStream() called
[2024.05.19-01.37.20:724][470]LogAudioMixer: FMixerPlatformXAudio2::StopAudioStream() called
[2024.05.19-01.37.20:729][470]LogSlate: Updating window title bar state: overlay mode, drag disabled, window buttons hidden, title bar hidden
[2024.05.19-01.37.20:742][470]LogUObjectHash: Compacting FUObjectHashTables data took   2.75ms
[2024.05.19-01.37.20:793][471]LogPlayLevel: Display: Destroying online subsystem :Context_51
[2024.05.19-01.37.21:965][539]LogAssetEditorSubsystem: Opening Asset editor for Blueprint /Game/Blueprint/BastonDeFuego.BastonDeFuego
[2024.05.19-01.37.28:326][893]LogPlayLevel: PlayLevel: No blueprints needed recompiling
[2024.05.19-01.37.28:326][893]PIE: New page: SIE session: Nivel4 (18 may. 2024 14:37:28)
[2024.05.19-01.37.28:326][893]LogPlayLevel: Creating play world package: /Game/Niveles/UEDPIE_0_Nivel4
[2024.05.19-01.37.28:460][893]LogPlayLevel: PIE: StaticDuplicateObject took: (0.133935s)
[2024.05.19-01.37.28:461][893]LogAIModule: Creating AISystem for world Nivel4
[2024.05.19-01.37.28:462][893]LogPlayLevel: PIE: World Init took: (0.002149s)
[2024.05.19-01.37.28:462][893]LogPlayLevel: PIE: Created PIE world by copying editor world from /Game/Niveles/Nivel4.Nivel4 to /Game/Niveles/UEDPIE_0_Nivel4.Nivel4 (0.136566s)
[2024.05.19-01.37.28:501][893]LogUObjectHash: Compacting FUObjectHashTables data took   2.32ms
[2024.05.19-01.37.28:505][893]LogAudio: Display: Creating Audio Device:                 Id: 21, Scope: Unique, Realtime: True
[2024.05.19-01.37.28:505][893]LogAudioMixer: Display: Audio Mixer Platform Settings:
[2024.05.19-01.37.28:505][893]LogAudioMixer: Display: 	Sample Rate:						  48000
[2024.05.19-01.37.28:505][893]LogAudioMixer: Display: 	Callback Buffer Frame Size Requested: 1024
[2024.05.19-01.37.28:505][893]LogAudioMixer: Display: 	Callback Buffer Frame Size To Use:	  1024
[2024.05.19-01.37.28:505][893]LogAudioMixer: Display: 	Number of buffers to queue:			  2
[2024.05.19-01.37.28:505][893]LogAudioMixer: Display: 	Max Channels (voices):				  32
[2024.05.19-01.37.28:505][893]LogAudioMixer: Display: 	Number of Async Source Workers:		  0
[2024.05.19-01.37.28:505][893]LogAudio: Display: AudioDevice MaxSources: 32
[2024.05.19-01.37.28:505][893]LogAudio: Display: Audio Spatialization Plugin: None (built-in).
[2024.05.19-01.37.28:505][893]LogAudio: Display: Audio Reverb Plugin: None (built-in).
[2024.05.19-01.37.28:505][893]LogAudio: Display: Audio Occlusion Plugin: None (built-in).
[2024.05.19-01.37.28:505][893]LogAudioMixer: Display: Initializing audio mixer.
[2024.05.19-01.37.28:507][893]LogAudioMixer: Display: 0: FrontLeft
[2024.05.19-01.37.28:507][893]LogAudioMixer: Display: 1: FrontRight
[2024.05.19-01.37.28:545][893]LogAudioMixer: Display: Using Audio Device Altavoces (Realtek(R) Audio)
[2024.05.19-01.37.28:545][893]LogAudioMixer: Display: Initializing Sound Submixes...
[2024.05.19-01.37.28:545][893]LogAudioMixer: Display: Creating Master Submix 'MasterSubmixDefault'
[2024.05.19-01.37.28:545][893]LogAudioMixer: Display: Creating Master Submix 'MasterReverbSubmixDefault'
[2024.05.19-01.37.28:546][893]LogAudioMixer: Display: Creating Master Submix 'MasterEQSubmixDefault'
[2024.05.19-01.37.28:546][893]LogAudioMixer: FMixerPlatformXAudio2::StartAudioStream() called
[2024.05.19-01.37.28:546][893]LogAudioMixer: Display: Output buffers initialized: Frames=1024, Channels=2, Samples=2048
[2024.05.19-01.37.28:548][893]LogAudioMixer: Display: Starting AudioMixerPlatformInterface::RunInternal()
[2024.05.19-01.37.28:548][893]LogAudioMixer: Display: FMixerPlatformXAudio2::SubmitBuffer() called for the first time
[2024.05.19-01.37.28:548][893]LogInit: FAudioDevice initialized.
[2024.05.19-01.37.28:548][893]LogAudio: Display: Audio Device (ID: 21) registered with world 'Nivel4'.
[2024.05.19-01.37.28:556][893]LogLoad: Game class is 'SideScrollerGameMode_C'
[2024.05.19-01.37.28:610][893]LogWorld: Bringing World /Game/Niveles/UEDPIE_0_Nivel4.Nivel4 up for play (max tick rate 60) at 2024.05.18-19.37.28
[2024.05.19-01.37.28:613][893]LogWorld: Bringing up level for play took: 0.056868
[2024.05.19-01.37.28:613][893]LogOnline: OSS: Creating online subsystem instance for: :Context_53
[2024.05.19-01.37.28:628][893]PIE: Server logged in
[2024.05.19-01.37.28:629][893]PIE: Play in editor total start time 0.304 seconds.
[2024.05.19-01.37.31:814][ 77]LogSlate: Updating window title bar state: overlay mode, drag disabled, window buttons hidden, title bar hidden
[2024.05.19-01.37.31:814][ 77]LogWorld: BeginTearingDown for /Game/Niveles/UEDPIE_0_Nivel4
[2024.05.19-01.37.31:818][ 77]LogWorld: UWorld::CleanupWorld for Nivel4, bSessionEnded=true, bCleanupResources=true
[2024.05.19-01.37.31:834][ 77]LogSlate: InvalidateAllWidgets triggered.  All widgets were invalidated
[2024.05.19-01.37.31:882][ 77]LogPlayLevel: Display: Shutting down PIE online subsystems
[2024.05.19-01.37.31:893][ 77]LogSlate: InvalidateAllWidgets triggered.  All widgets were invalidated
[2024.05.19-01.37.31:938][ 77]LogAudio: Display: Audio Device unregistered from world 'None'.
[2024.05.19-01.37.31:938][ 77]LogAudioMixer: FMixerPlatformXAudio2::StopAudioStream() called
[2024.05.19-01.37.31:939][ 77]LogAudioMixer: FMixerPlatformXAudio2::StopAudioStream() called
[2024.05.19-01.37.31:944][ 77]LogSlate: Updating window title bar state: overlay mode, drag disabled, window buttons hidden, title bar hidden
[2024.05.19-01.37.31:956][ 77]LogUObjectHash: Compacting FUObjectHashTables data took   2.63ms
[2024.05.19-01.37.31:983][ 78]LogPlayLevel: Display: Destroying online subsystem :Context_53
[2024.05.19-01.37.41:941][668]LogEditorTransaction: Undo Modify Component(s)
[2024.05.19-01.38.06:754][754]LogUObjectHash: Compacting FUObjectHashTables data took   2.44ms
[2024.05.19-01.38.07:341][754]LogSavePackage: Moving '../../../../../../Users/alber/OneDrive/Documentos/Unreal Projects/MarioAnahuacOrdinario/MarioAnahuacOrdinario/Saved/Nivel4_Auto880DD53D34E4A53B6AEB846B5BD38F3AD.tmp' to '../../../../../../Users/alber/OneDrive/Documentos/Unreal Projects/MarioAnahuacOrdinario/MarioAnahuacOrdinario/Saved/Autosaves/Game/Niveles/Nivel4_Auto8.umap'
[2024.05.19-01.38.07:350][754]LogFileHelpers: Editor autosave (incl. external actors) for '/Game/Niveles/Nivel4' took 0.640
[2024.05.19-01.38.07:350][754]LogFileHelpers: Editor autosave (incl. sublevels & external actors) for all levels took 0.640
[2024.05.19-01.39.27:159][180]BlueprintLog: New page: Pre-Play auto-recompile
[2024.05.19-01.39.27:163][180]LogPlayLevel: [PlayLevel] Compiling BastonDeFuego before play...
[2024.05.19-01.39.27:336][180]LogUObjectHash: Compacting FUObjectHashTables data took   9.58ms
[2024.05.19-01.39.27:339][180]LogPlayLevel: PlayLevel: Blueprint regeneration took 180 ms (1 blueprints)
[2024.05.19-01.39.27:339][180]PIE: New page: SIE session: Nivel4 (18 may. 2024 14:39:27)
[2024.05.19-01.39.27:340][180]LogPlayLevel: Creating play world package: /Game/Niveles/UEDPIE_0_Nivel4
[2024.05.19-01.39.27:451][180]LogPlayLevel: PIE: StaticDuplicateObject took: (0.111640s)
[2024.05.19-01.39.27:452][180]LogAIModule: Creating AISystem for world Nivel4
[2024.05.19-01.39.27:452][180]LogPlayLevel: PIE: World Init took: (0.001202s)
[2024.05.19-01.39.27:452][180]LogPlayLevel: PIE: Created PIE world by copying editor world from /Game/Niveles/Nivel4.Nivel4 to /Game/Niveles/UEDPIE_0_Nivel4.Nivel4 (0.113185s)
[2024.05.19-01.39.27:492][180]LogUObjectHash: Compacting FUObjectHashTables data took   2.38ms
[2024.05.19-01.39.27:495][180]LogAudio: Display: Creating Audio Device:                 Id: 22, Scope: Unique, Realtime: True
[2024.05.19-01.39.27:495][180]LogAudioMixer: Display: Audio Mixer Platform Settings:
[2024.05.19-01.39.27:495][180]LogAudioMixer: Display: 	Sample Rate:						  48000
[2024.05.19-01.39.27:495][180]LogAudioMixer: Display: 	Callback Buffer Frame Size Requested: 1024
[2024.05.19-01.39.27:495][180]LogAudioMixer: Display: 	Callback Buffer Frame Size To Use:	  1024
[2024.05.19-01.39.27:495][180]LogAudioMixer: Display: 	Number of buffers to queue:			  2
[2024.05.19-01.39.27:495][180]LogAudioMixer: Display: 	Max Channels (voices):				  32
[2024.05.19-01.39.27:495][180]LogAudioMixer: Display: 	Number of Async Source Workers:		  0
[2024.05.19-01.39.27:495][180]LogAudio: Display: AudioDevice MaxSources: 32
[2024.05.19-01.39.27:496][180]LogAudio: Display: Audio Spatialization Plugin: None (built-in).
[2024.05.19-01.39.27:496][180]LogAudio: Display: Audio Reverb Plugin: None (built-in).
[2024.05.19-01.39.27:496][180]LogAudio: Display: Audio Occlusion Plugin: None (built-in).
[2024.05.19-01.39.27:496][180]LogAudioMixer: Display: Initializing audio mixer.
[2024.05.19-01.39.27:499][180]LogAudioMixer: Display: 0: FrontLeft
[2024.05.19-01.39.27:499][180]LogAudioMixer: Display: 1: FrontRight
[2024.05.19-01.39.27:535][180]LogAudioMixer: Display: Using Audio Device Altavoces (Realtek(R) Audio)
[2024.05.19-01.39.27:535][180]LogAudioMixer: Display: Initializing Sound Submixes...
[2024.05.19-01.39.27:535][180]LogAudioMixer: Display: Creating Master Submix 'MasterSubmixDefault'
[2024.05.19-01.39.27:535][180]LogAudioMixer: Display: Creating Master Submix 'MasterReverbSubmixDefault'
[2024.05.19-01.39.27:536][180]LogAudioMixer: Display: Creating Master Submix 'MasterEQSubmixDefault'
[2024.05.19-01.39.27:536][180]LogAudioMixer: FMixerPlatformXAudio2::StartAudioStream() called
[2024.05.19-01.39.27:536][180]LogAudioMixer: Display: Output buffers initialized: Frames=1024, Channels=2, Samples=2048
[2024.05.19-01.39.27:537][180]LogAudioMixer: Display: Starting AudioMixerPlatformInterface::RunInternal()
[2024.05.19-01.39.27:537][180]LogAudioMixer: Display: FMixerPlatformXAudio2::SubmitBuffer() called for the first time
[2024.05.19-01.39.27:537][180]LogInit: FAudioDevice initialized.
[2024.05.19-01.39.27:537][180]LogAudio: Display: Audio Device (ID: 22) registered with world 'Nivel4'.
[2024.05.19-01.39.27:553][180]LogLoad: Game class is 'SideScrollerGameMode_C'
[2024.05.19-01.39.27:602][180]LogWorld: Bringing World /Game/Niveles/UEDPIE_0_Nivel4.Nivel4 up for play (max tick rate 60) at 2024.05.18-19.39.27
[2024.05.19-01.39.27:604][180]LogWorld: Bringing up level for play took: 0.051366
[2024.05.19-01.39.27:604][180]LogOnline: OSS: Creating online subsystem instance for: :Context_54
[2024.05.19-01.39.27:610][180]PIE: Server logged in
[2024.05.19-01.39.27:611][180]PIE: Play in editor total start time 0.453 seconds.
[2024.05.19-01.39.30:522][344]LogSlate: Updating window title bar state: overlay mode, drag disabled, window buttons hidden, title bar hidden
[2024.05.19-01.39.30:522][344]LogWorld: BeginTearingDown for /Game/Niveles/UEDPIE_0_Nivel4
[2024.05.19-01.39.30:524][344]LogWorld: UWorld::CleanupWorld for Nivel4, bSessionEnded=true, bCleanupResources=true
[2024.05.19-01.39.30:540][344]LogSlate: InvalidateAllWidgets triggered.  All widgets were invalidated
[2024.05.19-01.39.30:557][344]LogPlayLevel: Display: Shutting down PIE online subsystems
[2024.05.19-01.39.30:567][344]LogSlate: InvalidateAllWidgets triggered.  All widgets were invalidated
[2024.05.19-01.39.30:605][344]LogSlate: Updating window title bar state: overlay mode, drag disabled, window buttons hidden, title bar hidden
[2024.05.19-01.39.30:613][344]LogAudioMixer: FMixerPlatformXAudio2::StopAudioStream() called
[2024.05.19-01.39.30:614][344]LogAudioMixer: FMixerPlatformXAudio2::StopAudioStream() called
[2024.05.19-01.39.30:631][344]LogUObjectHash: Compacting FUObjectHashTables data took   2.76ms
[2024.05.19-01.39.30:663][345]LogPlayLevel: Display: Destroying online subsystem :Context_54
[2024.05.19-01.41.37:370][704]LogUObjectHash: Compacting FUObjectHashTables data took   2.63ms
[2024.05.19-01.41.38:427][704]LogSlate: Window 'Save Content' being destroyed
[2024.05.19-01.41.38:433][704]LogPlayLevel: Warning: PIE failed because map save was canceled
[2024.05.19-01.41.38:433][704]PIE: Warning: PIE failed because map save was canceled
[2024.05.19-01.41.38:481][704]LogSlate: Took 0.001917 seconds to synchronously load lazily loaded font '../../../Engine/Content/Slate/Fonts/DroidSansMono.ttf' (77K)
[2024.05.19-01.41.40:123][803]LogSlate: Window 'Message Log' being destroyed
[2024.05.19-01.41.40:129][803]LogSlate: Window 'Message Log' being destroyed
[2024.05.19-01.41.41:781][900]LogPlayLevel: PlayLevel: No blueprints needed recompiling
[2024.05.19-01.41.41:781][900]PIE: New page: SIE session: Nivel4 (18 may. 2024 14:41:41)
[2024.05.19-01.41.41:784][900]LogPlayLevel: Creating play world package: /Game/Niveles/UEDPIE_0_Nivel4
[2024.05.19-01.41.41:905][900]LogPlayLevel: PIE: StaticDuplicateObject took: (0.120602s)
[2024.05.19-01.41.41:906][900]LogAIModule: Creating AISystem for world Nivel4
[2024.05.19-01.41.41:906][900]LogPlayLevel: PIE: World Init took: (0.001374s)
[2024.05.19-01.41.41:907][900]LogPlayLevel: PIE: Created PIE world by copying editor world from /Game/Niveles/Nivel4.Nivel4 to /Game/Niveles/UEDPIE_0_Nivel4.Nivel4 (0.122671s)
[2024.05.19-01.41.41:945][900]LogUObjectHash: Compacting FUObjectHashTables data took   2.15ms
[2024.05.19-01.41.41:946][900]LogAudio: Display: Creating Audio Device:                 Id: 23, Scope: Unique, Realtime: True
[2024.05.19-01.41.41:946][900]LogAudioMixer: Display: Audio Mixer Platform Settings:
[2024.05.19-01.41.41:946][900]LogAudioMixer: Display: 	Sample Rate:						  48000
[2024.05.19-01.41.41:946][900]LogAudioMixer: Display: 	Callback Buffer Frame Size Requested: 1024
[2024.05.19-01.41.41:946][900]LogAudioMixer: Display: 	Callback Buffer Frame Size To Use:	  1024
[2024.05.19-01.41.41:946][900]LogAudioMixer: Display: 	Number of buffers to queue:			  2
[2024.05.19-01.41.41:946][900]LogAudioMixer: Display: 	Max Channels (voices):				  32
[2024.05.19-01.41.41:946][900]LogAudioMixer: Display: 	Number of Async Source Workers:		  0
[2024.05.19-01.41.41:946][900]LogAudio: Display: AudioDevice MaxSources: 32
[2024.05.19-01.41.41:946][900]LogAudio: Display: Audio Spatialization Plugin: None (built-in).
[2024.05.19-01.41.41:946][900]LogAudio: Display: Audio Reverb Plugin: None (built-in).
[2024.05.19-01.41.41:946][900]LogAudio: Display: Audio Occlusion Plugin: None (built-in).
[2024.05.19-01.41.41:946][900]LogAudioMixer: Display: Initializing audio mixer.
[2024.05.19-01.41.41:948][900]LogAudioMixer: Display: 0: FrontLeft
[2024.05.19-01.41.41:948][900]LogAudioMixer: Display: 1: FrontRight
[2024.05.19-01.41.41:986][900]LogAudioMixer: Display: Using Audio Device Altavoces (Realtek(R) Audio)
[2024.05.19-01.41.41:986][900]LogAudioMixer: Display: Initializing Sound Submixes...
[2024.05.19-01.41.41:986][900]LogAudioMixer: Display: Creating Master Submix 'MasterSubmixDefault'
[2024.05.19-01.41.41:986][900]LogAudioMixer: Display: Creating Master Submix 'MasterReverbSubmixDefault'
[2024.05.19-01.41.41:986][900]LogAudioMixer: Display: Creating Master Submix 'MasterEQSubmixDefault'
[2024.05.19-01.41.41:986][900]LogAudioMixer: FMixerPlatformXAudio2::StartAudioStream() called
[2024.05.19-01.41.41:986][900]LogAudioMixer: Display: Output buffers initialized: Frames=1024, Channels=2, Samples=2048
[2024.05.19-01.41.41:987][900]LogAudioMixer: Display: Starting AudioMixerPlatformInterface::RunInternal()
[2024.05.19-01.41.41:987][900]LogAudioMixer: Display: FMixerPlatformXAudio2::SubmitBuffer() called for the first time
[2024.05.19-01.41.41:987][900]LogInit: FAudioDevice initialized.
[2024.05.19-01.41.41:988][900]LogAudio: Display: Audio Device (ID: 23) registered with world 'Nivel4'.
[2024.05.19-01.41.42:000][900]LogLoad: Game class is 'SideScrollerGameMode_C'
[2024.05.19-01.41.42:049][900]LogWorld: Bringing World /Game/Niveles/UEDPIE_0_Nivel4.Nivel4 up for play (max tick rate 60) at 2024.05.18-19.41.42
[2024.05.19-01.41.42:051][900]LogWorld: Bringing up level for play took: 0.051304
[2024.05.19-01.41.42:051][900]LogOnline: OSS: Creating online subsystem instance for: :Context_55
[2024.05.19-01.41.42:057][900]PIE: Server logged in
[2024.05.19-01.41.42:058][900]PIE: Play in editor total start time 0.277 seconds.
[2024.05.19-01.41.45:048][ 72]LogSlate: Updating window title bar state: overlay mode, drag disabled, window buttons hidden, title bar hidden
[2024.05.19-01.41.45:048][ 72]LogWorld: BeginTearingDown for /Game/Niveles/UEDPIE_0_Nivel4
[2024.05.19-01.41.45:050][ 72]LogWorld: UWorld::CleanupWorld for Nivel4, bSessionEnded=true, bCleanupResources=true
[2024.05.19-01.41.45:064][ 72]LogSlate: InvalidateAllWidgets triggered.  All widgets were invalidated
[2024.05.19-01.41.45:079][ 72]LogPlayLevel: Display: Shutting down PIE online subsystems
[2024.05.19-01.41.45:090][ 72]LogSlate: InvalidateAllWidgets triggered.  All widgets were invalidated
[2024.05.19-01.41.45:129][ 72]LogAudio: Display: Audio Device unregistered from world 'None'.
[2024.05.19-01.41.45:136][ 72]LogAudioMixer: FMixerPlatformXAudio2::StopAudioStream() called
[2024.05.19-01.41.45:137][ 72]LogAudioMixer: FMixerPlatformXAudio2::StopAudioStream() called
[2024.05.19-01.41.45:142][ 72]LogSlate: Updating window title bar state: overlay mode, drag disabled, window buttons hidden, title bar hidden
[2024.05.19-01.41.45:153][ 72]LogUObjectHash: Compacting FUObjectHashTables data took   2.00ms
[2024.05.19-01.41.45:188][ 73]LogPlayLevel: Display: Destroying online subsystem :Context_55
[2024.05.19-01.47.39:268][335]LogEditorViewport: Clicking Background
[2024.05.19-01.48.14:079][492]LogUObjectHash: Compacting FUObjectHashTables data took   2.72ms
[2024.05.19-01.48.14:623][492]LogSavePackage: Moving '../../../../../../Users/alber/OneDrive/Documentos/Unreal Projects/MarioAnahuacOrdinario/MarioAnahuacOrdinario/Saved/Nivel4_Auto9A0CE5EBF4812A9F74A398C87C9AC04DD.tmp' to '../../../../../../Users/alber/OneDrive/Documentos/Unreal Projects/MarioAnahuacOrdinario/MarioAnahuacOrdinario/Saved/Autosaves/Game/Niveles/Nivel4_Auto9.umap'
[2024.05.19-01.48.14:628][492]LogFileHelpers: Editor autosave (incl. external actors) for '/Game/Niveles/Nivel4' took 0.599
[2024.05.19-01.48.14:628][492]LogFileHelpers: Editor autosave (incl. sublevels & external actors) for all levels took 0.599
[2024.05.19-01.58.14:823][ 82]LogUObjectHash: Compacting FUObjectHashTables data took   1.21ms
[2024.05.19-01.58.14:829][ 82]LogFileHelpers: Editor autosave (incl. external actors) for '/Game/Niveles/Nivel4' took 0.056
[2024.05.19-02.00.32:078][663]LogEditorViewport: Clicking on Actor (LMB): StaticMeshActor (BrickBlockBlue3429)
[2024.05.19-02.08.15:483][ 64]LogUObjectHash: Compacting FUObjectHashTables data took   0.94ms
[2024.05.19-02.08.15:489][ 64]LogFileHelpers: Editor autosave (incl. external actors) for '/Game/Niveles/Nivel4' took 0.056
[2024.05.19-02.09.09:527][459]LogEditorViewport: Clicking on Actor (LMB): Interruptor_C (Interruptor)
[2024.05.19-02.09.10:522][514]LogAssetEditorSubsystem: Opening Asset editor for Blueprint /Game/Blueprint/Interruptor.Interruptor
[2024.05.19-02.18.16:103][795]LogUObjectHash: Compacting FUObjectHashTables data took   6.03ms
[2024.05.19-02.18.16:108][795]LogFileHelpers: Editor autosave (incl. external actors) for '/Game/Niveles/Nivel4' took 0.070
[2024.05.19-02.19.26:944][  7]LogAudioMixer: Warning: Changing default audio render device to new device: {0.0.0.00000000}.{d3e0fdf7-5278-4ed1-b11c-ebca42cdbd64}.
[2024.05.19-02.19.26:944][  7]LogAudioMixer: Resetting audio stream to device id 
[2024.05.19-02.19.27:008][  7]LogAudioMixer: Display: 0: FrontLeft
[2024.05.19-02.19.27:008][  7]LogAudioMixer: Display: 1: FrontRight
[2024.05.19-02.28.16:813][741]LogUObjectHash: Compacting FUObjectHashTables data took   1.28ms
[2024.05.19-02.28.16:818][741]LogFileHelpers: Editor autosave (incl. external actors) for '/Game/Niveles/Nivel4' took 0.076
[2024.05.19-02.38.17:272][761]LogUObjectHash: Compacting FUObjectHashTables data took   0.96ms
[2024.05.19-02.38.17:866][761]LogSavePackage: Moving '../../../../../../Users/alber/OneDrive/Documentos/Unreal Projects/MarioAnahuacOrdinario/MarioAnahuacOrdinario/Saved/Nivel4_Auto02A0C3A61498FE83CA6CADAADF2B71F5F.tmp' to '../../../../../../Users/alber/OneDrive/Documentos/Unreal Projects/MarioAnahuacOrdinario/MarioAnahuacOrdinario/Saved/Autosaves/Game/Niveles/Nivel4_Auto0.umap'
[2024.05.19-02.38.17:872][761]LogFileHelpers: Editor autosave (incl. external actors) for '/Game/Niveles/Nivel4' took 0.663
[2024.05.19-02.38.17:872][761]LogFileHelpers: Editor autosave (incl. sublevels & external actors) for all levels took 0.663
[2024.05.19-02.48.30:009][728]LogUObjectHash: Compacting FUObjectHashTables data took   1.17ms
[2024.05.19-02.48.30:014][728]LogFileHelpers: Editor autosave (incl. external actors) for '/Game/Niveles/Nivel4' took 0.061
[2024.05.19-02.53.56:042][831]LogEditorViewport: Clicking on Actor (LMB): Bowser_C (Bowser)
[2024.05.19-02.53.57:145][884]LogAssetEditorSubsystem: Opening Asset editor for Blueprint /Game/Blueprint/Bowser.Bowser
[2024.05.19-02.54.12:443][753]LogWorld: UWorld::CleanupWorld for World_13, bSessionEnded=true, bCleanupResources=true
[2024.05.19-02.54.12:443][753]LogSlate: InvalidateAllWidgets triggered.  All widgets were invalidated
[2024.05.19-02.54.13:765][804]LogActorComponent: UnregisterComponent: (/Engine/Transient.EditorFloorComp) Not registered. Aborting.
[2024.05.19-02.54.13:765][804]LogWorld: UWorld::CleanupWorld for World_14, bSessionEnded=true, bCleanupResources=true
[2024.05.19-02.54.13:765][804]LogSlate: InvalidateAllWidgets triggered.  All widgets were invalidated
[2024.05.19-02.54.14:734][847]LogActorComponent: UnregisterComponent: (/Engine/Transient.EditorFloorComp) Not registered. Aborting.
[2024.05.19-02.54.14:734][847]LogWorld: UWorld::CleanupWorld for World_17, bSessionEnded=true, bCleanupResources=true
[2024.05.19-02.54.14:734][847]LogSlate: InvalidateAllWidgets triggered.  All widgets were invalidated
[2024.05.19-02.54.16:628][934]LogActorComponent: UnregisterComponent: (/Engine/Transient.EditorFloorComp) Not registered. Aborting.
[2024.05.19-02.54.16:628][934]LogWorld: UWorld::CleanupWorld for World_21, bSessionEnded=true, bCleanupResources=true
[2024.05.19-02.54.16:628][934]LogSlate: InvalidateAllWidgets triggered.  All widgets were invalidated
[2024.05.19-02.54.17:714][975]LogActorComponent: UnregisterComponent: (/Engine/Transient.EditorFloorComp) Not registered. Aborting.
[2024.05.19-02.54.17:714][975]LogWorld: UWorld::CleanupWorld for World_22, bSessionEnded=true, bCleanupResources=true
[2024.05.19-02.54.17:714][975]LogSlate: InvalidateAllWidgets triggered.  All widgets were invalidated
[2024.05.19-02.54.19:124][ 32]LogActorComponent: UnregisterComponent: (/Engine/Transient.EditorFloorComp) Not registered. Aborting.
[2024.05.19-02.54.19:124][ 32]LogWorld: UWorld::CleanupWorld for World_24, bSessionEnded=true, bCleanupResources=true
[2024.05.19-02.54.19:124][ 32]LogSlate: InvalidateAllWidgets triggered.  All widgets were invalidated
[2024.05.19-02.54.20:698][107]LogActorComponent: UnregisterComponent: (/Engine/Transient.EditorFloorComp) Not registered. Aborting.
[2024.05.19-02.54.20:698][107]LogWorld: UWorld::CleanupWorld for World_25, bSessionEnded=true, bCleanupResources=true
[2024.05.19-02.54.20:698][107]LogSlate: InvalidateAllWidgets triggered.  All widgets were invalidated
[2024.05.19-02.54.21:872][165]LogActorComponent: UnregisterComponent: (/Engine/Transient.EditorFloorComp) Not registered. Aborting.
[2024.05.19-02.54.21:872][165]LogWorld: UWorld::CleanupWorld for World_26, bSessionEnded=true, bCleanupResources=true
[2024.05.19-02.54.21:872][165]LogSlate: InvalidateAllWidgets triggered.  All widgets were invalidated
[2024.05.19-02.54.22:854][208]LogWorld: UWorld::CleanupWorld for World_31, bSessionEnded=true, bCleanupResources=true
[2024.05.19-02.54.22:854][208]LogSlate: InvalidateAllWidgets triggered.  All widgets were invalidated
[2024.05.19-02.54.23:857][256]LogActorComponent: UnregisterComponent: (/Engine/Transient.EditorFloorComp) Not registered. Aborting.
[2024.05.19-02.54.23:857][256]LogWorld: UWorld::CleanupWorld for World_32, bSessionEnded=true, bCleanupResources=true
[2024.05.19-02.54.23:857][256]LogSlate: InvalidateAllWidgets triggered.  All widgets were invalidated
[2024.05.19-02.54.24:964][304]LogActorComponent: UnregisterComponent: (/Engine/Transient.EditorFloorComp) Not registered. Aborting.
[2024.05.19-02.54.24:964][304]LogWorld: UWorld::CleanupWorld for World_33, bSessionEnded=true, bCleanupResources=true
[2024.05.19-02.54.24:964][304]LogSlate: InvalidateAllWidgets triggered.  All widgets were invalidated
[2024.05.19-02.54.30:044][585]LogAssetEditorSubsystem: Opening Asset editor for Blueprint /Game/Blueprint/Goomba.Goomba
[2024.05.19-02.58.30:833][ 76]LogUObjectHash: Compacting FUObjectHashTables data took   6.47ms
[2024.05.19-02.58.30:928][ 76]LogFileHelpers: Editor autosave (incl. external actors) for '/Game/Niveles/Nivel4' took 0.367
[2024.05.19-03.07.17:960][767]LogUObjectHash: Compacting FUObjectHashTables data took   8.12ms
[2024.05.19-03.07.18:849][767]LogSlate: Window 'Save Content' being destroyed
[2024.05.19-03.07.18:919][767]LogUObjectHash: Compacting FUObjectHashTables data took   0.57ms
[2024.05.19-03.07.19:544][767]LogSavePackage: Moving '../../../../../../Users/alber/OneDrive/Documentos/Unreal Projects/MarioAnahuacOrdinario/MarioAnahuacOrdinario/Saved/Nivel4AD37ED38432A464AE87412AD481944DE.tmp' to '../../../../../../Users/alber/OneDrive/Documentos/Unreal Projects/MarioAnahuacOrdinario/MarioAnahuacOrdinario/Content/Niveles/Nivel4.umap'
[2024.05.19-03.07.19:559][767]LogFileHelpers: Saving map 'Nivel4' took 0.670
[2024.05.19-03.07.19:629][767]LogWorld: UWorld::CleanupWorld for World_40, bSessionEnded=true, bCleanupResources=true
[2024.05.19-03.07.19:629][767]LogSlate: InvalidateAllWidgets triggered.  All widgets were invalidated
[2024.05.19-03.07.19:805][767]LogActorComponent: UnregisterComponent: (/Engine/Transient.EditorFloorComp) Not registered. Aborting.
[2024.05.19-03.07.19:806][767]LogWorld: UWorld::CleanupWorld for World_34, bSessionEnded=true, bCleanupResources=true
[2024.05.19-03.07.19:806][767]LogSlate: InvalidateAllWidgets triggered.  All widgets were invalidated
[2024.05.19-03.07.19:903][767]LogSlate: Window 'MarioAnahuac - Unreal Editor' being destroyed
[2024.05.19-03.07.20:446][767]AssetCheck: New page: Asset Save: Nivel4
[2024.05.19-03.07.20:448][767]LogContentValidation: Display: Validating World /Game/Niveles/Nivel4.Nivel4
[2024.05.19-03.07.20:482][768]Cmd: QUIT_EDITOR
[2024.05.19-03.07.20:484][768]LogCore: Engine exit requested (reason: UUnrealEdEngine::CloseEditor())
[2024.05.19-03.07.20:498][768]LogCore: Engine exit requested (reason: EngineExit() was called; note: exit was already requested)
[2024.05.19-03.07.21:044][768]LogAudio: Display: Beginning Audio Device Manager Shutdown (Module: AudioMixerXAudio2)...
[2024.05.19-03.07.21:044][768]LogAudio: Display: Destroying 1 Remaining Audio Device(s)...
[2024.05.19-03.07.21:044][768]LogAudio: Display: Audio Device unregistered from world 'Nivel4'.
[2024.05.19-03.07.21:045][768]LogAudioMixer: FMixerPlatformXAudio2::StopAudioStream() called
[2024.05.19-03.07.21:064][768]LogAudioMixer: FMixerPlatformXAudio2::StopAudioStream() called
[2024.05.19-03.07.21:112][768]LogAudio: Display: Audio Device Manager Shutdown
[2024.05.19-03.07.21:113][768]LogWindowsTextInputMethodSystem: Display: IME system deactivated.
[2024.05.19-03.07.21:148][768]LogExit: Preparing to exit.
[2024.05.19-03.07.22:003][768]LogUObjectHash: Compacting FUObjectHashTables data took   4.41ms
[2024.05.19-03.07.23:188][768]LogActorComponent: UnregisterComponent: (None.None) Not registered. Aborting.
[2024.05.19-03.07.23:188][768]LogActorComponent: UnregisterComponent: (None.None) Not registered. Aborting.
[2024.05.19-03.07.23:188][768]LogActorComponent: UnregisterComponent: (None.None) Not registered. Aborting.
[2024.05.19-03.07.23:188][768]LogActorComponent: UnregisterComponent: (None.None) Not registered. Aborting.
[2024.05.19-03.07.23:188][768]LogActorComponent: UnregisterComponent: (None.None) Not registered. Aborting.
[2024.05.19-03.07.23:188][768]LogActorComponent: UnregisterComponent: (None.None) Not registered. Aborting.
[2024.05.19-03.07.23:188][768]LogActorComponent: UnregisterComponent: (None.None) Not registered. Aborting.
[2024.05.19-03.07.23:188][768]LogWorld: UWorld::CleanupWorld for None, bSessionEnded=true, bCleanupResources=true
[2024.05.19-03.07.23:189][768]LogActorComponent: UnregisterComponent: (None.None) Not registered. Aborting.
[2024.05.19-03.07.23:189][768]LogActorComponent: UnregisterComponent: (None.None) Not registered. Aborting.
[2024.05.19-03.07.23:189][768]LogActorComponent: UnregisterComponent: (None.None) Not registered. Aborting.
[2024.05.19-03.07.23:189][768]LogActorComponent: UnregisterComponent: (None.None) Not registered. Aborting.
[2024.05.19-03.07.23:189][768]LogActorComponent: UnregisterComponent: (None.None) Not registered. Aborting.
[2024.05.19-03.07.23:189][768]LogActorComponent: UnregisterComponent: (None.None) Not registered. Aborting.
[2024.05.19-03.07.23:189][768]LogActorComponent: UnregisterComponent: (None.None) Not registered. Aborting.
[2024.05.19-03.07.23:189][768]LogWorld: UWorld::CleanupWorld for None, bSessionEnded=true, bCleanupResources=true
[2024.05.19-03.07.23:192][768]LogActorComponent: UnregisterComponent: (None.None) Not registered. Aborting.
[2024.05.19-03.07.23:192][768]LogActorComponent: UnregisterComponent: (None.None) Not registered. Aborting.
[2024.05.19-03.07.23:192][768]LogActorComponent: UnregisterComponent: (None.None) Not registered. Aborting.
[2024.05.19-03.07.23:192][768]LogActorComponent: UnregisterComponent: (None.None) Not registered. Aborting.
[2024.05.19-03.07.23:192][768]LogActorComponent: UnregisterComponent: (None.None) Not registered. Aborting.
[2024.05.19-03.07.23:192][768]LogActorComponent: UnregisterComponent: (None.None) Not registered. Aborting.
[2024.05.19-03.07.23:192][768]LogActorComponent: UnregisterComponent: (None.None) Not registered. Aborting.
[2024.05.19-03.07.23:192][768]LogWorld: UWorld::CleanupWorld for None, bSessionEnded=true, bCleanupResources=true
[2024.05.19-03.07.23:193][768]LogActorComponent: UnregisterComponent: (None.None) Not registered. Aborting.
[2024.05.19-03.07.23:193][768]LogActorComponent: UnregisterComponent: (None.None) Not registered. Aborting.
[2024.05.19-03.07.23:193][768]LogActorComponent: UnregisterComponent: (None.None) Not registered. Aborting.
[2024.05.19-03.07.23:193][768]LogActorComponent: UnregisterComponent: (None.None) Not registered. Aborting.
[2024.05.19-03.07.23:193][768]LogActorComponent: UnregisterComponent: (None.None) Not registered. Aborting.
[2024.05.19-03.07.23:193][768]LogActorComponent: UnregisterComponent: (None.None) Not registered. Aborting.
[2024.05.19-03.07.23:193][768]LogActorComponent: UnregisterComponent: (None.None) Not registered. Aborting.
[2024.05.19-03.07.23:193][768]LogWorld: UWorld::CleanupWorld for None, bSessionEnded=true, bCleanupResources=true
[2024.05.19-03.07.23:194][768]LogActorComponent: UnregisterComponent: (None.None) Not registered. Aborting.
[2024.05.19-03.07.23:195][768]LogActorComponent: UnregisterComponent: (None.None) Not registered. Aborting.
[2024.05.19-03.07.23:195][768]LogActorComponent: UnregisterComponent: (None.None) Not registered. Aborting.
[2024.05.19-03.07.23:195][768]LogActorComponent: UnregisterComponent: (None.None) Not registered. Aborting.
[2024.05.19-03.07.23:195][768]LogActorComponent: UnregisterComponent: (None.None) Not registered. Aborting.
[2024.05.19-03.07.23:195][768]LogActorComponent: UnregisterComponent: (None.None) Not registered. Aborting.
[2024.05.19-03.07.23:195][768]LogActorComponent: UnregisterComponent: (None.None) Not registered. Aborting.
[2024.05.19-03.07.23:195][768]LogWorld: UWorld::CleanupWorld for None, bSessionEnded=true, bCleanupResources=true
[2024.05.19-03.07.23:197][768]LogActorComponent: UnregisterComponent: (None.None) Not registered. Aborting.
[2024.05.19-03.07.23:197][768]LogActorComponent: UnregisterComponent: (None.None) Not registered. Aborting.
[2024.05.19-03.07.23:197][768]LogActorComponent: UnregisterComponent: (None.None) Not registered. Aborting.
[2024.05.19-03.07.23:197][768]LogActorComponent: UnregisterComponent: (None.None) Not registered. Aborting.
[2024.05.19-03.07.23:197][768]LogActorComponent: UnregisterComponent: (None.None) Not registered. Aborting.
[2024.05.19-03.07.23:197][768]LogActorComponent: UnregisterComponent: (None.None) Not registered. Aborting.
[2024.05.19-03.07.23:197][768]LogActorComponent: UnregisterComponent: (None.None) Not registered. Aborting.
[2024.05.19-03.07.23:197][768]LogWorld: UWorld::CleanupWorld for None, bSessionEnded=true, bCleanupResources=true
[2024.05.19-03.07.23:199][768]LogActorComponent: UnregisterComponent: (None.None) Not registered. Aborting.
[2024.05.19-03.07.23:199][768]LogActorComponent: UnregisterComponent: (None.None) Not registered. Aborting.
[2024.05.19-03.07.23:199][768]LogActorComponent: UnregisterComponent: (None.None) Not registered. Aborting.
[2024.05.19-03.07.23:199][768]LogActorComponent: UnregisterComponent: (None.None) Not registered. Aborting.
[2024.05.19-03.07.23:199][768]LogActorComponent: UnregisterComponent: (None.None) Not registered. Aborting.
[2024.05.19-03.07.23:199][768]LogActorComponent: UnregisterComponent: (None.None) Not registered. Aborting.
[2024.05.19-03.07.23:199][768]LogActorComponent: UnregisterComponent: (None.None) Not registered. Aborting.
[2024.05.19-03.07.23:199][768]LogWorld: UWorld::CleanupWorld for None, bSessionEnded=true, bCleanupResources=true
[2024.05.19-03.07.23:201][768]LogWorld: UWorld::CleanupWorld for World_8, bSessionEnded=true, bCleanupResources=true
[2024.05.19-03.07.23:202][768]LogWorld: UWorld::CleanupWorld for World_9, bSessionEnded=true, bCleanupResources=true
[2024.05.19-03.07.23:204][768]LogWorld: UWorld::CleanupWorld for World_10, bSessionEnded=true, bCleanupResources=true
[2024.05.19-03.07.23:206][768]LogWorld: UWorld::CleanupWorld for World_11, bSessionEnded=true, bCleanupResources=true
[2024.05.19-03.07.23:209][768]LogActorComponent: UnregisterComponent: (None.None) Not registered. Aborting.
[2024.05.19-03.07.23:209][768]LogActorComponent: UnregisterComponent: (None.None) Not registered. Aborting.
[2024.05.19-03.07.23:209][768]LogActorComponent: UnregisterComponent: (None.None) Not registered. Aborting.
[2024.05.19-03.07.23:209][768]LogActorComponent: UnregisterComponent: (None.None) Not registered. Aborting.
[2024.05.19-03.07.23:209][768]LogActorComponent: UnregisterComponent: (None.None) Not registered. Aborting.
[2024.05.19-03.07.23:209][768]LogActorComponent: UnregisterComponent: (None.None) Not registered. Aborting.
[2024.05.19-03.07.23:209][768]LogActorComponent: UnregisterComponent: (None.None) Not registered. Aborting.
[2024.05.19-03.07.23:209][768]LogWorld: UWorld::CleanupWorld for World_18, bSessionEnded=true, bCleanupResources=true
[2024.05.19-03.07.23:210][768]LogActorComponent: UnregisterComponent: (None.None) Not registered. Aborting.
[2024.05.19-03.07.23:210][768]LogActorComponent: UnregisterComponent: (None.None) Not registered. Aborting.
[2024.05.19-03.07.23:210][768]LogActorComponent: UnregisterComponent: (None.None) Not registered. Aborting.
[2024.05.19-03.07.23:210][768]LogActorComponent: UnregisterComponent: (None.None) Not registered. Aborting.
[2024.05.19-03.07.23:210][768]LogActorComponent: UnregisterComponent: (None.None) Not registered. Aborting.
[2024.05.19-03.07.23:210][768]LogActorComponent: UnregisterComponent: (None.None) Not registered. Aborting.
[2024.05.19-03.07.23:210][768]LogActorComponent: UnregisterComponent: (None.None) Not registered. Aborting.
[2024.05.19-03.07.23:210][768]LogWorld: UWorld::CleanupWorld for None, bSessionEnded=true, bCleanupResources=true
[2024.05.19-03.07.23:212][768]LogWorld: UWorld::CleanupWorld for World_27, bSessionEnded=true, bCleanupResources=true
[2024.05.19-03.07.23:214][768]LogWorld: UWorld::CleanupWorld for World_28, bSessionEnded=true, bCleanupResources=true
[2024.05.19-03.07.23:215][768]LogWorld: UWorld::CleanupWorld for World_29, bSessionEnded=true, bCleanupResources=true
[2024.05.19-03.07.23:216][768]LogWorld: UWorld::CleanupWorld for World_30, bSessionEnded=true, bCleanupResources=true
[2024.05.19-03.07.23:219][768]LogWorld: UWorld::CleanupWorld for World_35, bSessionEnded=true, bCleanupResources=true
[2024.05.19-03.07.23:220][768]LogWorld: UWorld::CleanupWorld for World_36, bSessionEnded=true, bCleanupResources=true
[2024.05.19-03.07.23:222][768]LogWorld: UWorld::CleanupWorld for World_37, bSessionEnded=true, bCleanupResources=true
[2024.05.19-03.07.23:228][768]LogWorld: UWorld::CleanupWorld for World_38, bSessionEnded=true, bCleanupResources=true
[2024.05.19-03.07.23:229][768]LogWorld: UWorld::CleanupWorld for World_39, bSessionEnded=true, bCleanupResources=true
[2024.05.19-03.07.23:232][768]LogWorld: UWorld::CleanupWorld for World_12, bSessionEnded=true, bCleanupResources=true
[2024.05.19-03.07.23:234][768]LogActorComponent: UnregisterComponent: (None.None) Not registered. Aborting.
[2024.05.19-03.07.23:234][768]LogActorComponent: UnregisterComponent: (None.None) Not registered. Aborting.
[2024.05.19-03.07.23:234][768]LogActorComponent: UnregisterComponent: (None.None) Not registered. Aborting.
[2024.05.19-03.07.23:234][768]LogActorComponent: UnregisterComponent: (None.None) Not registered. Aborting.
[2024.05.19-03.07.23:234][768]LogActorComponent: UnregisterComponent: (None.None) Not registered. Aborting.
[2024.05.19-03.07.23:234][768]LogActorComponent: UnregisterComponent: (None.None) Not registered. Aborting.
[2024.05.19-03.07.23:234][768]LogActorComponent: UnregisterComponent: (None.None) Not registered. Aborting.
[2024.05.19-03.07.23:234][768]LogWorld: UWorld::CleanupWorld for None, bSessionEnded=true, bCleanupResources=true
[2024.05.19-03.07.23:235][768]LogActorComponent: UnregisterComponent: (None.None) Not registered. Aborting.
[2024.05.19-03.07.23:236][768]LogActorComponent: UnregisterComponent: (None.None) Not registered. Aborting.
[2024.05.19-03.07.23:236][768]LogActorComponent: UnregisterComponent: (None.None) Not registered. Aborting.
[2024.05.19-03.07.23:236][768]LogActorComponent: UnregisterComponent: (None.None) Not registered. Aborting.
[2024.05.19-03.07.23:236][768]LogActorComponent: UnregisterComponent: (None.None) Not registered. Aborting.
[2024.05.19-03.07.23:236][768]LogActorComponent: UnregisterComponent: (None.None) Not registered. Aborting.
[2024.05.19-03.07.23:236][768]LogActorComponent: UnregisterComponent: (None.None) Not registered. Aborting.
[2024.05.19-03.07.23:236][768]LogWorld: UWorld::CleanupWorld for World_16, bSessionEnded=true, bCleanupResources=true
[2024.05.19-03.07.23:488][768]LogDemo: Cleaned up 0 splitscreen connections with owner deletion
[2024.05.19-03.07.23:776][768]LogExit: Editor shut down
[2024.05.19-03.07.23:784][768]LogExit: Transaction tracking system shut down
[2024.05.19-03.07.25:317][768]LogExit: Object subsystem successfully closed.
[2024.05.19-03.07.25:391][768]LogShaderCompilers: Display: === FShaderJobCache stats ===
[2024.05.19-03.07.25:391][768]LogShaderCompilers: Display: Total job queries 0, among them cache hits 0 (0.00%)
[2024.05.19-03.07.25:391][768]LogShaderCompilers: Display: Tracking 0 distinct input hashes that result in 0 distinct outputs (0.00%)
[2024.05.19-03.07.25:391][768]LogShaderCompilers: Display: RAM used: 0.00 MB (0.00 GB) of 819.20 MB (0.80 GB) budget. Usage: 0.00%
[2024.05.19-03.07.25:391][768]LogShaderCompilers: Display: ================================================
[2024.05.19-03.07.25:523][768]LogShaderCompilers: Display: Shaders left to compile 0
[2024.05.19-03.07.25:980][768]LogModuleManager: Shutting down and abandoning module MovieSceneCapture (876)
[2024.05.19-03.07.25:980][768]LogModuleManager: Shutting down and abandoning module Voice (874)
[2024.05.19-03.07.25:980][768]LogModuleManager: Shutting down and abandoning module BlueprintGraph (872)
[2024.05.19-03.07.25:982][768]LogModuleManager: Shutting down and abandoning module HierarchicalLODOutliner (870)
[2024.05.19-03.07.25:982][768]LogModuleManager: Shutting down and abandoning module SceneOutliner (868)
[2024.05.19-03.07.25:982][768]LogModuleManager: Shutting down and abandoning module AddContentDialog (866)
[2024.05.19-03.07.26:010][768]LogModuleManager: Shutting down and abandoning module WidgetCarousel (865)
[2024.05.19-03.07.26:010][768]LogModuleManager: Shutting down and abandoning module EditorWidgets (862)
[2024.05.19-03.07.26:010][768]LogModuleManager: Shutting down and abandoning module StatsViewer (860)
[2024.05.19-03.07.26:011][768]LogModuleManager: Shutting down and abandoning module PIEPreviewDeviceProfileSelector (858)
[2024.05.19-03.07.26:012][768]LogModuleManager: Shutting down and abandoning module SequenceRecorderSections (856)
[2024.05.19-03.07.26:012][768]LogModuleManager: Shutting down and abandoning module AutomationWorker (854)
[2024.05.19-03.07.26:014][768]LogModuleManager: Shutting down and abandoning module SteamVREditor (852)
[2024.05.19-03.07.26:014][768]LogModuleManager: Shutting down and abandoning module OculusMR (850)
[2024.05.19-03.07.26:014][768]LogModuleManager: Shutting down and abandoning module TakeRecorderSources (848)
[2024.05.19-03.07.26:017][768]LogModuleManager: Shutting down and abandoning module TakeRecorder (847)
[2024.05.19-03.07.26:022][768]LogModuleManager: Shutting down and abandoning module TakeTrackRecorders (844)
[2024.05.19-03.07.26:023][768]LogModuleManager: Shutting down and abandoning module TakesCore (842)
[2024.05.19-03.07.26:024][768]LogModuleManager: Shutting down and abandoning module OpenXRInput (840)
[2024.05.19-03.07.26:024][768]LogModuleManager: Shutting down and abandoning module GooglePADEditor (838)
[2024.05.19-03.07.26:024][768]LogModuleManager: Shutting down and abandoning module AudioCaptureEditor (836)
[2024.05.19-03.07.26:026][768]LogModuleManager: Shutting down and abandoning module TemplateSequenceEditor (834)
[2024.05.19-03.07.26:030][768]LogModuleManager: Shutting down and abandoning module MatineeToLevelSequence (832)
[2024.05.19-03.07.26:030][768]LogModuleManager: Shutting down and abandoning module LevelSequenceEditor (830)
[2024.05.19-03.07.26:034][768]LogModuleManager: Shutting down and abandoning module ActorSequenceEditor (828)
[2024.05.19-03.07.26:036][768]LogModuleManager: Shutting down and abandoning module WmfMediaFactory (826)
[2024.05.19-03.07.26:036][768]LogModuleManager: Shutting down and abandoning module WmfMediaEditor (824)
[2024.05.19-03.07.26:036][768]LogModuleManager: Shutting down and abandoning module WebMMediaFactory (822)
[2024.05.19-03.07.26:036][768]LogModuleManager: Shutting down and abandoning module WebMMediaEditor (820)
[2024.05.19-03.07.26:036][768]LogModuleManager: Shutting down and abandoning module WebMMedia (818)
[2024.05.19-03.07.26:037][768]LogModuleManager: Shutting down and abandoning module MediaPlayerEditor (816)
[2024.05.19-03.07.26:039][768]LogModuleManager: Shutting down and abandoning module MediaCompositingEditor (814)
[2024.05.19-03.07.26:041][768]LogModuleManager: Shutting down and abandoning module SequenceRecorder (813)
[2024.05.19-03.07.26:041][768]LogModuleManager: Shutting down and abandoning module OpenExrWrapper (810)
[2024.05.19-03.07.26:041][768]LogModuleManager: Shutting down and abandoning module ImgMediaFactory (808)
[2024.05.19-03.07.26:041][768]LogModuleManager: Shutting down and abandoning module ImgMediaEditor (806)
[2024.05.19-03.07.26:041][768]LogModuleManager: Shutting down and abandoning module AvfMediaFactory (804)
[2024.05.19-03.07.26:041][768]LogModuleManager: Shutting down and abandoning module AvfMediaEditor (802)
[2024.05.19-03.07.26:041][768]LogModuleManager: Shutting down and abandoning module AndroidMediaFactory (800)
[2024.05.19-03.07.26:041][768]LogModuleManager: Shutting down and abandoning module AndroidMediaEditor (798)
[2024.05.19-03.07.26:041][768]LogModuleManager: Shutting down and abandoning module MagicLeapMediaCodecFactory (796)
[2024.05.19-03.07.26:042][768]LogModuleManager: Shutting down and abandoning module MagicLeapMediaFactory (794)
[2024.05.19-03.07.26:042][768]LogModuleManager: Shutting down and abandoning module MagicLeapMediaEditor (792)
[2024.05.19-03.07.26:042][768]LogModuleManager: Shutting down and abandoning module PlanarCut (790)
[2024.05.19-03.07.26:042][768]LogModuleManager: Shutting down and abandoning module TextureAlignMode (788)
[2024.05.19-03.07.26:042][768]LogModuleManager: Shutting down and abandoning module BspMode (786)
[2024.05.19-03.07.26:043][768]LogModuleManager: Shutting down and abandoning module GeometryMode (784)
[2024.05.19-03.07.26:043][768]LogModuleManager: Shutting down and abandoning module CharacterAI (782)
[2024.05.19-03.07.26:043][768]LogModuleManager: Shutting down and abandoning module CameraShakePreviewer (780)
[2024.05.19-03.07.26:044][768]LogModuleManager: Shutting down and abandoning module SmartSnapping (778)
[2024.05.19-03.07.26:045][768]LogModuleManager: Shutting down and abandoning module SessionServices (776)
[2024.05.19-03.07.26:045][768]LogModuleManager: Shutting down and abandoning module MeshPaint (774)
[2024.05.19-03.07.26:045][768]LogModuleManager: Shutting down and abandoning module VirtualTexturingEditor (772)
[2024.05.19-03.07.26:046][768]LogModuleManager: Shutting down and abandoning module FoliageEdit (770)
[2024.05.19-03.07.26:047][768]LogModuleManager: Shutting down and abandoning module LandscapeEditor (768)
[2024.05.19-03.07.26:051][768]LogModuleManager: Shutting down and abandoning module MeshPaintMode (766)
[2024.05.19-03.07.26:051][768]LogModuleManager: Shutting down and abandoning module SceneDepthPickerMode (764)
[2024.05.19-03.07.26:051][768]LogModuleManager: Shutting down and abandoning module ActorPickerMode (762)
[2024.05.19-03.07.26:051][768]LogModuleManager: Shutting down and abandoning module PlacementMode (760)
[2024.05.19-03.07.26:052][768]LogModuleManager: Shutting down and abandoning module ViewportSnapping (758)
[2024.05.19-03.07.26:052][768]LogModuleManager: Shutting down and abandoning module ViewportInteraction (756)
[2024.05.19-03.07.26:052][768]LogModuleManager: Shutting down and abandoning module ClothPainter (754)
[2024.05.19-03.07.26:054][768]LogModuleManager: Shutting down and abandoning module SkeletalMeshEditor (753)
[2024.05.19-03.07.26:055][768]LogModuleManager: Shutting down and abandoning module LogVisualizer (750)
[2024.05.19-03.07.26:058][768]LogModuleManager: Shutting down and abandoning module IntroTutorials (748)
[2024.05.19-03.07.26:060][768]LogModuleManager: Shutting down and abandoning module GameProjectGeneration (747)
[2024.05.19-03.07.26:060][768]LogModuleManager: Shutting down and abandoning module LuminPlatformEditor (744)
[2024.05.19-03.07.26:061][768]LogModuleManager: Shutting down and abandoning module IOSPlatformEditor (742)
[2024.05.19-03.07.26:061][768]LogModuleManager: Shutting down and abandoning module AndroidPlatformEditor (740)
[2024.05.19-03.07.26:061][768]LogModuleManager: Shutting down and abandoning module AndroidDeviceDetection (739)
[2024.05.19-03.07.27:128][768]LogModuleManager: Shutting down and abandoning module WindowsPlatformEditor (736)
[2024.05.19-03.07.27:128][768]LogModuleManager: Shutting down and abandoning module LuminRuntimeSettings (734)
[2024.05.19-03.07.27:128][768]LogModuleManager: Shutting down and abandoning module IOSRuntimeSettings (732)
[2024.05.19-03.07.27:128][768]LogModuleManager: Shutting down and abandoning module AndroidRuntimeSettings (730)
[2024.05.19-03.07.27:128][768]LogModuleManager: Shutting down and abandoning module TraceInsights (728)
[2024.05.19-03.07.27:133][768]MemoryProfiler: Shutdown
[2024.05.19-03.07.27:133][768]NetworkingProfiler: Shutdown
[2024.05.19-03.07.27:133][768]LoadingProfiler: Shutdown
[2024.05.19-03.07.27:134][768]TimingProfiler: Shutdown
[2024.05.19-03.07.27:136][768]LogModuleManager: Shutting down and abandoning module TraceServices (727)
[2024.05.19-03.07.27:137][768]LogModuleManager: Shutting down and abandoning module EditorInteractiveToolsFramework (724)
[2024.05.19-03.07.27:137][768]LogModuleManager: Shutting down and abandoning module TimeManagementEditor (722)
[2024.05.19-03.07.27:138][768]LogModuleManager: Shutting down and abandoning module InputBindingEditor (720)
[2024.05.19-03.07.27:138][768]LogModuleManager: Shutting down and abandoning module MergeActors (718)
[2024.05.19-03.07.27:139][768]LogModuleManager: Shutting down and abandoning module LocalizationDashboard (716)
[2024.05.19-03.07.27:140][768]LogModuleManager: Shutting down and abandoning module LocalizationService (715)
[2024.05.19-03.07.27:140][768]LogModuleManager: Shutting down and abandoning module HardwareTargeting (712)
[2024.05.19-03.07.27:140][768]LogModuleManager: Shutting down and abandoning module DeviceProfileEditor (710)
[2024.05.19-03.07.27:142][768]LogModuleManager: Shutting down and abandoning module UndoHistory (708)
[2024.05.19-03.07.27:142][768]LogModuleManager: Shutting down and abandoning module XmlParser (706)
[2024.05.19-03.07.27:143][768]LogModuleManager: Shutting down and abandoning module Blutility (704)
[2024.05.19-03.07.27:143][768]LogModuleManager: Shutting down and abandoning module ProjectSettingsViewer (702)
[2024.05.19-03.07.27:144][768]LogModuleManager: Shutting down and abandoning module ProjectTargetPlatformEditor (701)
[2024.05.19-03.07.27:145][768]LogModuleManager: Shutting down and abandoning module EditorSettingsViewer (698)
[2024.05.19-03.07.27:146][768]LogModuleManager: Shutting down and abandoning module InternationalizationSettings (697)
[2024.05.19-03.07.27:146][768]LogModuleManager: Shutting down and abandoning module SettingsEditor (694)
[2024.05.19-03.07.27:147][768]LogModuleManager: Shutting down and abandoning module ProjectLauncher (692)
[2024.05.19-03.07.27:147][768]LogModuleManager: Shutting down and abandoning module SessionFrontend (690)
[2024.05.19-03.07.27:148][768]LogModuleManager: Shutting down and abandoning module ProfilerClient (688)
[2024.05.19-03.07.27:149][768]LogModuleManager: Shutting down and abandoning module DeviceManager (686)
[2024.05.19-03.07.27:150][768]LogModuleManager: Shutting down and abandoning module TargetDeviceServices (685)
[2024.05.19-03.07.27:186][768]LogModuleManager: Shutting down and abandoning module AutomationController (682)
[2024.05.19-03.07.27:186][768]LogModuleManager: Shutting down and abandoning module AutomationWindow (680)
[2024.05.19-03.07.27:188][768]LogModuleManager: Shutting down and abandoning module Layers (678)
[2024.05.19-03.07.27:189][768]LogModuleManager: Shutting down and abandoning module ComponentVisualizers (676)
[2024.05.19-03.07.27:189][768]LogModuleManager: Shutting down and abandoning module DetailCustomizations (674)
[2024.05.19-03.07.27:189][768]LogModuleManager: Shutting down and abandoning module PackagesDialog (672)
[2024.05.19-03.07.27:190][768]LogModuleManager: Shutting down and abandoning module AnimationBlueprintEditor (670)
[2024.05.19-03.07.27:191][768]LogModuleManager: Shutting down and abandoning module Persona (668)
[2024.05.19-03.07.27:193][768]LogModuleManager: Shutting down and abandoning module AdvancedPreviewScene (667)
[2024.05.19-03.07.27:193][768]LogModuleManager: Shutting down and abandoning module AnimGraph (665)
[2024.05.19-03.07.27:193][768]LogModuleManager: Shutting down and abandoning module Kismet (662)
[2024.05.19-03.07.27:222][768]LogModuleManager: Shutting down and abandoning module KismetWidgets (661)
[2024.05.19-03.07.27:222][768]LogModuleManager: Shutting down and abandoning module GraphEditor (658)
[2024.05.19-03.07.27:223][768]LogModuleManager: Shutting down and abandoning module StructViewer (656)
[2024.05.19-03.07.27:225][768]LogModuleManager: Shutting down and abandoning module ClassViewer (654)
[2024.05.19-03.07.27:225][768]LogModuleManager: Shutting down and abandoning module Toolbox (652)
[2024.05.19-03.07.27:225][768]LogModuleManager: Shutting down and abandoning module ModuleUI (650)
[2024.05.19-03.07.27:226][768]LogModuleManager: Shutting down and abandoning module OutputLog (648)
[2024.05.19-03.07.27:245][768]LogModuleManager: Shutting down and abandoning module GammaUI (646)
[2024.05.19-03.07.27:245][768]LogModuleManager: Shutting down and abandoning module Documentation (644)
[2024.05.19-03.07.27:247][768]LogModuleManager: Shutting down and abandoning module LiveCoding (642)
[2024.05.19-03.07.27:249][768]LogModuleManager: Shutting down and abandoning module LevelSequence (640)
[2024.05.19-03.07.27:249][768]LogModuleManager: Shutting down and abandoning module MovieSceneTracks (638)
[2024.05.19-03.07.27:249][768]LogModuleManager: Shutting down and abandoning module MovieScene (636)
[2024.05.19-03.07.27:249][768]LogModuleManager: Shutting down and abandoning module StreamingPauseRendering (634)
[2024.05.19-03.07.27:251][768]LogModuleManager: Shutting down and abandoning module LauncherPlatform (632)
[2024.05.19-03.07.27:251][768]LogModuleManager: Shutting down and abandoning module AnalyticsET (630)
[2024.05.19-03.07.27:251][768]LogModuleManager: Shutting down and abandoning module PortalServices (628)
[2024.05.19-03.07.27:251][768]LogModuleManager: Shutting down and abandoning module PortalRpc (626)
[2024.05.19-03.07.27:251][768]LogModuleManager: Shutting down and abandoning module MessagingRpc (624)
[2024.05.19-03.07.27:251][768]LogModuleManager: Shutting down and abandoning module AudioMixerXAudio2 (622)
[2024.05.19-03.07.27:251][768]LogModuleManager: Shutting down and abandoning module AudioMixerCore (621)
[2024.05.19-03.07.27:251][768]LogModuleManager: Shutting down and abandoning module AIModule (618)
[2024.05.19-03.07.27:252][768]LogModuleManager: Shutting down and abandoning module GameplayDebugger (617)
[2024.05.19-03.07.27:252][768]LogModuleManager: Shutting down and abandoning module AITestSuite (615)
[2024.05.19-03.07.27:252][768]LogModuleManager: Shutting down and abandoning module NavigationSystem (613)
[2024.05.19-03.07.27:252][768]LogModuleManager: Shutting down and abandoning module ImageWriteQueue (610)
[2024.05.19-03.07.27:265][768]LogModuleManager: Shutting down and abandoning module ProfilerService (608)
[2024.05.19-03.07.27:471][768]LogModuleManager: Shutting down and abandoning module TaskGraph (606)
[2024.05.19-03.07.27:474][768]LogModuleManager: Shutting down and abandoning module AudioSynesthesiaEditor (604)
[2024.05.19-03.07.27:474][768]LogModuleManager: Shutting down and abandoning module OculusEditor (602)
[2024.05.19-03.07.27:483][768]LogModuleManager: Shutting down and abandoning module OculusInput (600)
[2024.05.19-03.07.27:483][768]LogModuleManager: Shutting down and abandoning module ContentBrowserFileDataSource (598)
[2024.05.19-03.07.27:483][768]LogModuleManager: Shutting down and abandoning module ContentBrowserClassDataSource (596)
[2024.05.19-03.07.27:483][768]LogModuleManager: Shutting down and abandoning module ContentBrowserAssetDataSource (594)
[2024.05.19-03.07.27:483][768]LogModuleManager: Shutting down and abandoning module CollectionManager (593)
[2024.05.19-03.07.27:489][768]LogModuleManager: Shutting down and abandoning module TakeSequencer (590)
[2024.05.19-03.07.27:489][768]LogModuleManager: Shutting down and abandoning module TakeMovieScene (588)
[2024.05.19-03.07.27:489][768]LogModuleManager: Shutting down and abandoning module ScreenshotTools (586)
[2024.05.19-03.07.27:489][768]LogModuleManager: Shutting down and abandoning module SynthesisEditor (584)
[2024.05.19-03.07.27:489][768]LogModuleManager: Shutting down and abandoning module Synthesis (582)
[2024.05.19-03.07.27:491][768]LogModuleManager: Shutting down and abandoning module ProceduralMeshComponentEditor (580)
[2024.05.19-03.07.27:491][768]LogModuleManager: Shutting down and abandoning module ProceduralMeshComponent (578)
[2024.05.19-03.07.27:491][768]LogModuleManager: Shutting down and abandoning module OpenXREditor (576)
[2024.05.19-03.07.27:494][768]LogModuleManager: Shutting down and abandoning module MobilePatchingUtils (574)
[2024.05.19-03.07.27:495][768]LogModuleManager: Shutting down and abandoning module GooglePAD (572)
[2024.05.19-03.07.27:495][768]LogModuleManager: Shutting down and abandoning module EditableMesh (570)
[2024.05.19-03.07.27:495][768]LogModuleManager: Shutting down and abandoning module CustomMeshComponent (568)
[2024.05.19-03.07.27:495][768]LogModuleManager: Shutting down and abandoning module CableComponent (566)
[2024.05.19-03.07.27:496][768]LogModuleManager: Shutting down and abandoning module AudioCapture (564)
[2024.05.19-03.07.27:496][768]LogModuleManager: Shutting down and abandoning module AudioCaptureRtAudio (563)
[2024.05.19-03.07.27:496][768]LogModuleManager: Shutting down and abandoning module AssetTags (560)
[2024.05.19-03.07.27:496][768]LogModuleManager: Shutting down and abandoning module ArchVisCharacter (558)
[2024.05.19-03.07.27:496][768]LogModuleManager: Shutting down and abandoning module AppleImageUtilsBlueprintSupport (556)
[2024.05.19-03.07.27:496][768]LogModuleManager: Shutting down and abandoning module AppleImageUtils (554)
[2024.05.19-03.07.27:496][768]LogModuleManager: Shutting down and abandoning module AndroidPermission (552)
[2024.05.19-03.07.27:496][768]LogModuleManager: Shutting down and abandoning module ActorLayerUtilitiesEditor (550)
[2024.05.19-03.07.27:497][768]LogModuleManager: Shutting down and abandoning module ActorLayerUtilities (548)
[2024.05.19-03.07.27:497][768]LogModuleManager: Shutting down and abandoning module TemplateSequence (546)
[2024.05.19-03.07.27:497][768]LogModuleManager: Shutting down and abandoning module MediaCompositing (544)
[2024.05.19-03.07.27:497][768]LogModuleManager: Shutting down and abandoning module ImgMedia (542)
[2024.05.19-03.07.27:497][768]LogModuleManager: Shutting down and abandoning module MagicLeapSharedWorld (540)
[2024.05.19-03.07.27:497][768]LogModuleManager: Shutting down and abandoning module MagicLeapLightEstimation (538)
[2024.05.19-03.07.27:498][768]LogModuleManager: Shutting down and abandoning module MagicLeapHelperVulkan (536)
[2024.05.19-03.07.27:498][768]LogModuleManager: Shutting down and abandoning module MagicLeapHelperOpenGL (534)
[2024.05.19-03.07.27:498][768]LogModuleManager: Shutting down and abandoning module MagicLeapAudio (532)
[2024.05.19-03.07.27:498][768]LogModuleManager: Shutting down and abandoning module NiagaraEditorWidgets (530)
[2024.05.19-03.07.27:501][768]LogModuleManager: Shutting down and abandoning module MotoSynthEditor (528)
[2024.05.19-03.07.27:501][768]LogModuleManager: Shutting down and abandoning module MotoSynth (526)
[2024.05.19-03.07.27:501][768]LogModuleManager: Shutting down and abandoning module OpenImageDenoise (524)
[2024.05.19-03.07.27:503][768]LogOpenImageDenoise: OIDN shutting down
[2024.05.19-03.07.27:503][768]LogModuleManager: Shutting down and abandoning module MeshConversion (522)
[2024.05.19-03.07.27:503][768]LogModuleManager: Shutting down and abandoning module DynamicMesh (520)
[2024.05.19-03.07.27:503][768]LogModuleManager: Shutting down and abandoning module GeometryAlgorithms (518)
[2024.05.19-03.07.27:504][768]LogModuleManager: Shutting down and abandoning module GeometricObjects (516)
[2024.05.19-03.07.27:504][768]LogModuleManager: Shutting down and abandoning module GeometryCollectionTracks (514)
[2024.05.19-03.07.27:504][768]LogModuleManager: Shutting down and abandoning module GeometryCollectionSequencer (513)
[2024.05.19-03.07.27:504][768]LogModuleManager: Shutting down and abandoning module GeometryCollectionEditor (510)
[2024.05.19-03.07.27:504][768]LogModuleManager: Shutting down and abandoning module GeometryCacheTracks (508)
[2024.05.19-03.07.27:504][768]LogModuleManager: Shutting down and abandoning module GeometryCacheStreamer (506)
[2024.05.19-03.07.27:504][768]LogModuleManager: Shutting down and abandoning module GeometryCacheSequencer (504)
[2024.05.19-03.07.27:506][768]LogModuleManager: Shutting down and abandoning module SpeedTreeImporter (502)
[2024.05.19-03.07.27:506][768]LogModuleManager: Shutting down and abandoning module PluginBrowser (500)
[2024.05.19-03.07.27:507][768]LogModuleManager: Shutting down and abandoning module MobileLauncherProfileWizard (498)
[2024.05.19-03.07.27:509][768]LogModuleManager: Shutting down and abandoning module MaterialAnalyzer (496)
[2024.05.19-03.07.27:509][768]LogModuleManager: Shutting down and abandoning module CurveEditorTools (494)
[2024.05.19-03.07.27:511][768]LogModuleManager: Shutting down and abandoning module CryptoKeysOpenSSL (492)
[2024.05.19-03.07.27:511][768]LogModuleManager: Shutting down and abandoning module CryptoKeys (490)
[2024.05.19-03.07.27:511][768]LogModuleManager: Shutting down and abandoning module ChaosSolverEditor (488)
[2024.05.19-03.07.27:511][768]LogModuleManager: Shutting down and abandoning module ChaosNiagara (486)
[2024.05.19-03.07.27:511][768]LogModuleManager: Shutting down and abandoning module FractureEditor (484)
[2024.05.19-03.07.27:512][768]LogModuleManager: Shutting down and abandoning module FieldSystemEngine (483)
[2024.05.19-03.07.27:512][768]LogModuleManager: Shutting down and abandoning module ChaosClothEditor (480)
[2024.05.19-03.07.27:512][768]LogModuleManager: Shutting down and abandoning module BackChannel (478)
[2024.05.19-03.07.27:512][768]LogModuleManager: Shutting down and abandoning module AutomationUtilsEditor (476)
[2024.05.19-03.07.27:512][768]LogModuleManager: Shutting down and abandoning module AutomationUtils (474)
[2024.05.19-03.07.27:512][768]LogModuleManager: Shutting down and abandoning module AlembicImporter (472)
[2024.05.19-03.07.27:512][768]LogModuleManager: Shutting down and abandoning module AlembicLibrary (471)
[2024.05.19-03.07.27:513][768]LogModuleManager: Shutting down and abandoning module GeometryCache (470)
[2024.05.19-03.07.27:513][768]LogModuleManager: Shutting down and abandoning module GeometryCacheEd (469)
[2024.05.19-03.07.27:513][768]LogModuleManager: Shutting down and abandoning module VariantManagerContentEditor (464)
[2024.05.19-03.07.27:513][768]LogModuleManager: Shutting down and abandoning module DatasmithContentEditor (462)
[2024.05.19-03.07.27:514][768]LogModuleManager: Shutting down and abandoning module VisualStudioSourceCodeAccess (460)
[2024.05.19-03.07.27:514][768]LogModuleManager: Shutting down and abandoning module UObjectPlugin (458)
[2024.05.19-03.07.27:514][768]LogModuleManager: Shutting down and abandoning module VisualStudioCodeSourceCodeAccess (456)
[2024.05.19-03.07.27:516][768]LogModuleManager: Shutting down and abandoning module SubversionSourceControl (454)
[2024.05.19-03.07.27:516][768]LogModuleManager: Shutting down and abandoning module RiderSourceCodeAccess (452)
[2024.05.19-03.07.27:517][768]LogModuleManager: Shutting down and abandoning module PluginUtils (450)
[2024.05.19-03.07.27:517][768]LogModuleManager: Shutting down and abandoning module PlasticSourceControl (448)
[2024.05.19-03.07.27:518][768]LogModuleManager: Shutting down and abandoning module PerforceSourceControl (446)
[2024.05.19-03.07.27:521][768]LogModuleManager: Shutting down and abandoning module GitSourceControl (444)
[2024.05.19-03.07.27:521][768]LogModuleManager: Shutting down and abandoning module SourceControl (443)
[2024.05.19-03.07.27:522][768]LogModuleManager: Shutting down and abandoning module CLionSourceCodeAccess (440)
[2024.05.19-03.07.27:524][768]LogModuleManager: Shutting down and abandoning module AnimationSharingEd (438)
[2024.05.19-03.07.27:524][768]LogModuleManager: Shutting down and abandoning module OodleNetworkHandlerComponent (436)
[2024.05.19-03.07.27:524][768]LogModuleManager: Shutting down and abandoning module LightPropagationVolumeEditor (434)
[2024.05.19-03.07.27:524][768]LogModuleManager: Shutting down and abandoning module LiveLinkSequencer (432)
[2024.05.19-03.07.27:524][768]LogModuleManager: Shutting down and abandoning module LiveLinkMovieScene (430)
[2024.05.19-03.07.27:524][768]LogModuleManager: Shutting down and abandoning module LiveLinkGraphNode (428)
[2024.05.19-03.07.27:524][768]LogModuleManager: Shutting down and abandoning module LiveLinkEditor (426)
[2024.05.19-03.07.27:526][768]LogModuleManager: Shutting down and abandoning module LiveLinkComponents (424)
[2024.05.19-03.07.27:526][768]LogModuleManager: Shutting down and abandoning module LiveLink (422)
[2024.05.19-03.07.28:483][768]LogModuleManager: Shutting down and abandoning module PaperTiledImporter (420)
[2024.05.19-03.07.28:484][768]LogModuleManager: Shutting down and abandoning module PaperSpriteSheetImporter (418)
[2024.05.19-03.07.28:484][768]LogModuleManager: Shutting down and abandoning module Paper2DEditor (416)
[2024.05.19-03.07.28:486][768]LogModuleManager: Shutting down and abandoning module MeshPaintingToolset (414)
[2024.05.19-03.07.28:486][768]LogModuleManager: Shutting down and abandoning module MeshPaintEditorMode (412)
[2024.05.19-03.07.28:487][768]LogModuleManager: Shutting down and abandoning module SoundFields (410)
[2024.05.19-03.07.28:488][768]LogModuleManager: Shutting down and abandoning module SignificanceManager (408)
[2024.05.19-03.07.28:488][768]LogModuleManager: Shutting down and abandoning module RuntimePhysXCooking (406)
[2024.05.19-03.07.28:488][768]LogModuleManager: Shutting down and abandoning module PhysXVehiclesEditor (404)
[2024.05.19-03.07.28:488][768]LogModuleManager: Shutting down and abandoning module PropertyAccessEditor (400)
[2024.05.19-03.07.28:490][768]LogModuleManager: Shutting down and abandoning module LocationServicesBPLibrary (398)
[2024.05.19-03.07.28:490][768]LogModuleManager: Shutting down and abandoning module AudioSynesthesia (396)
[2024.05.19-03.07.28:490][768]LogModuleManager: Shutting down and abandoning module AudioSynesthesiaCore (394)
[2024.05.19-03.07.28:490][768]LogModuleManager: Shutting down and abandoning module UdpMessaging (392)
[2024.05.19-03.07.28:591][768]LogModuleManager: Shutting down and abandoning module ActorSequence (390)
[2024.05.19-03.07.28:591][768]LogModuleManager: Shutting down and abandoning module TcpMessaging (388)
[2024.05.19-03.07.28:692][768]LogModuleManager: Shutting down and abandoning module ImgMediaEngine (386)
[2024.05.19-03.07.28:692][768]LogModuleManager: Shutting down and abandoning module MagicLeapARPin (384)
[2024.05.19-03.07.28:692][768]LogModuleManager: Shutting down and abandoning module MagicLeapHandMeshing (382)
[2024.05.19-03.07.28:692][768]LogModuleManager: Shutting down and abandoning module MagicLeapSecureStorage (380)
[2024.05.19-03.07.28:692][768]LogModuleManager: Shutting down and abandoning module MagicLeapPrivileges (378)
[2024.05.19-03.07.28:692][768]LogModuleManager: Shutting down and abandoning module MagicLeapPlanes (376)
[2024.05.19-03.07.28:694][768]LogMagicLeapPlanes: Planes tracker already destroyed.
[2024.05.19-03.07.28:694][768]LogModuleManager: Shutting down and abandoning module MagicLeapImageTracker (374)
[2024.05.19-03.07.28:694][768]LogModuleManager: Shutting down and abandoning module MagicLeapIdentity (372)
[2024.05.19-03.07.28:694][768]LogModuleManager: Shutting down and abandoning module MagicLeapHandTracking (370)
[2024.05.19-03.07.28:696][768]LogModuleManager: Shutting down and abandoning module MagicLeapEyeTracker (368)
[2024.05.19-03.07.28:696][768]LogModuleManager: Shutting down and abandoning module MagicLeapController (366)
[2024.05.19-03.07.28:697][768]LogModuleManager: Shutting down and abandoning module MagicLeapARPinImpl (364)
[2024.05.19-03.07.28:697][768]LogModuleManager: Shutting down and abandoning module MagicLeapAR (362)
[2024.05.19-03.07.28:697][768]LogModuleManager: Shutting down and abandoning module NiagaraAnimNotifies (360)
[2024.05.19-03.07.28:697][768]LogModuleManager: Shutting down and abandoning module Niagara (358)
[2024.05.19-03.07.28:700][768]LogModuleManager: Shutting down and abandoning module SignalProcessing (357)
[2024.05.19-03.07.28:700][768]LogModuleManager: Shutting down and abandoning module NiagaraEditor (355)
[2024.05.19-03.07.28:705][768]LogModuleManager: Shutting down and abandoning module NiagaraCore (352)
[2024.05.19-03.07.28:705][768]LogModuleManager: Shutting down and abandoning module PythonScriptPlugin (350)
[2024.05.19-03.07.28:705][768]LogModuleManager: Shutting down and abandoning module GameplayTagsEditor (348)
[2024.05.19-03.07.28:706][768]LogModuleManager: Shutting down and abandoning module FacialAnimationEditor (346)
[2024.05.19-03.07.28:706][768]LogModuleManager: Shutting down and abandoning module FacialAnimation (344)
[2024.05.19-03.07.28:706][768]LogModuleManager: Shutting down and abandoning module DataValidation (342)
[2024.05.19-03.07.28:706][768]LogModuleManager: Shutting down and abandoning module AssetManagerEditor (340)
[2024.05.19-03.07.28:707][768]LogModuleManager: Shutting down and abandoning module LevelEditor (339)
[2024.05.19-03.07.28:717][768]LogModuleManager: Shutting down and abandoning module PixelInspectorModule (338)
[2024.05.19-03.07.28:718][768]LogModuleManager: Shutting down and abandoning module CommonMenuExtensions (336)
[2024.05.19-03.07.28:720][768]LogModuleManager: Shutting down and abandoning module MainFrame (334)
[2024.05.19-03.07.28:720][768]LogModuleManager: Shutting down and abandoning module HotReload (333)
[2024.05.19-03.07.28:722][768]LogModuleManager: Shutting down and abandoning module ToolMenus (329)
[2024.05.19-03.07.28:722][768]LogModuleManager: Shutting down and abandoning module ContentBrowser (327)
[2024.05.19-03.07.28:722][768]LogModuleManager: Shutting down and abandoning module ContentBrowserData (326)
[2024.05.19-03.07.28:722][768]LogModuleManager: Shutting down and abandoning module TreeMap (323)
[2024.05.19-03.07.28:723][768]LogModuleManager: Shutting down and abandoning module PropertyAccessNode (320)
[2024.05.19-03.07.28:723][768]LogModuleManager: Shutting down and abandoning module AnimationSharing (318)
[2024.05.19-03.07.28:723][768]LogModuleManager: Shutting down and abandoning module GameplayCameras (316)
[2024.05.19-03.07.28:723][768]LogModuleManager: Shutting down and abandoning module LightPropagationVolumeRuntime (314)
[2024.05.19-03.07.28:723][768]LogModuleManager: Shutting down and abandoning module EnvironmentQueryEditor (312)
[2024.05.19-03.07.28:725][768]LogModuleManager: Shutting down and abandoning module Paper2D (310)
[2024.05.19-03.07.28:725][768]LogModuleManager: Shutting down and abandoning module WindowsMoviePlayer (308)
[2024.05.19-03.07.28:759][768]LogModuleManager: Shutting down and abandoning module WebMMoviePlayer (306)
[2024.05.19-03.07.28:759][768]LogModuleManager: Shutting down and abandoning module NetworkReplayStreaming (304)
[2024.05.19-03.07.28:760][768]LogModuleManager: Shutting down and abandoning module PacketHandler (302)
[2024.05.19-03.07.28:760][768]LogModuleManager: Shutting down and abandoning module ClothingSystemEditor (300)
[2024.05.19-03.07.28:760][768]LogModuleManager: Shutting down and abandoning module ClothingSystemRuntimeNv (298)
[2024.05.19-03.07.28:761][768]LogModuleManager: Shutting down and abandoning module MediaAssets (296)
[2024.05.19-03.07.28:761][768]LogModuleManager: Shutting down and abandoning module Overlay (294)
[2024.05.19-03.07.28:761][768]LogModuleManager: Shutting down and abandoning module OverlayEditor (293)
[2024.05.19-03.07.28:761][768]LogModuleManager: Shutting down and abandoning module VREditor (290)
[2024.05.19-03.07.28:762][768]LogModuleManager: Shutting down and abandoning module StringTableEditor (288)
[2024.05.19-03.07.28:763][768]LogModuleManager: Shutting down and abandoning module GameplayTasksEditor (286)
[2024.05.19-03.07.28:763][768]LogModuleManager: Shutting down and abandoning module BehaviorTreeEditor (284)
[2024.05.19-03.07.28:764][768]LogModuleManager: Shutting down and abandoning module FunctionalTesting (282)
[2024.05.19-03.07.28:765][768]LogModuleManager: Shutting down and abandoning module CollisionAnalyzer (280)
[2024.05.19-03.07.28:767][768]LogModuleManager: Shutting down and abandoning module WorkspaceMenuStructure (279)
[2024.05.19-03.07.28:770][768]LogModuleManager: Shutting down and abandoning module UMG (276)
[2024.05.19-03.07.28:771][768]LogModuleManager: Shutting down and abandoning module UMGEditor (275)
[2024.05.19-03.07.28:772][768]LogModuleManager: Shutting down and abandoning module MessageLog (273)
[2024.05.19-03.07.28:772][768]LogModuleManager: Shutting down and abandoning module SlateReflector (268)
[2024.05.19-03.07.28:774][768]LogModuleManager: Shutting down and abandoning module Slate (266)
[2024.05.19-03.07.28:774][768]LogModuleManager: Shutting down and abandoning module SlateCore (264)
[2024.05.19-03.07.28:776][768]LogModuleManager: Shutting down and abandoning module LandscapeEditorUtilities (262)
[2024.05.19-03.07.28:776][768]LogModuleManager: Shutting down and abandoning module UnrealEd (260)
[2024.05.19-03.07.28:776][768]LogModuleManager: Shutting down and abandoning module MRMesh (258)
[2024.05.19-03.07.28:777][768]LogModuleManager: Shutting down and abandoning module SourceCodeAccess (256)
[2024.05.19-03.07.28:777][768]LogModuleManager: Shutting down and abandoning module HeadMountedDisplay (254)
[2024.05.19-03.07.28:777][768]LogModuleManager: Shutting down and abandoning module XAudio2 (252)
[2024.05.19-03.07.28:778][768]LogModuleManager: Shutting down and abandoning module Networking (250)
[2024.05.19-03.07.28:778][768]LogModuleManager: Shutting down and abandoning module Core (248)
[2024.05.19-03.07.28:778][768]LogModuleManager: Shutting down and abandoning module MaterialEditor (246)
[2024.05.19-03.07.28:779][768]LogModuleManager: Shutting down and abandoning module MovieSceneTools (244)
[2024.05.19-03.07.28:782][768]LogModuleManager: Shutting down and abandoning module CurveEditor (243)
[2024.05.19-03.07.28:783][768]LogModuleManager: Shutting down and abandoning module Sequencer (241)
[2024.05.19-03.07.28:786][768]LogModuleManager: Shutting down and abandoning module EditorStyle (240)
[2024.05.19-03.07.28:794][768]LogModuleManager: Shutting down and abandoning module KismetCompiler (236)
[2024.05.19-03.07.28:794][768]LogModuleManager: Shutting down and abandoning module MeshBuilder (234)
[2024.05.19-03.07.28:794][768]LogModuleManager: Shutting down and abandoning module MeshUtilities (232)
[2024.05.19-03.07.28:796][768]LogModuleManager: Shutting down and abandoning module MeshMergeUtilities (231)
[2024.05.19-03.07.28:796][768]LogModuleManager: Shutting down and abandoning module MeshReductionInterface (230)
[2024.05.19-03.07.28:796][768]LogModuleManager: Shutting down and abandoning module MeshBoneReduction (229)
[2024.05.19-03.07.28:797][768]LogModuleManager: Shutting down and abandoning module SkeletalMeshReduction (227)
[2024.05.19-03.07.28:798][768]LogModuleManager: Shutting down and abandoning module ProxyLODMeshReduction (225)
[2024.05.19-03.07.28:800][768]LogModuleManager: Shutting down and abandoning module QuadricMeshReduction (223)
[2024.05.19-03.07.28:801][768]LogModuleManager: Shutting down and abandoning module MaterialBaking (219)
[2024.05.19-03.07.28:802][768]LogModuleManager: Shutting down and abandoning module NullInstallBundleManager (214)
[2024.05.19-03.07.28:802][768]LogModuleManager: Shutting down and abandoning module DerivedDataCache (212)
[2024.05.19-03.07.28:803][768]LogModuleManager: Shutting down and abandoning module TargetPlatform (210)
[2024.05.19-03.07.28:806][768]LogModuleManager: Shutting down and abandoning module VulkanShaderFormat (209)
[2024.05.19-03.07.28:808][768]LogModuleManager: Shutting down and abandoning module ShaderFormatVectorVM (207)
[2024.05.19-03.07.28:810][768]LogModuleManager: Shutting down and abandoning module ShaderFormatOpenGL (205)
[2024.05.19-03.07.28:810][768]LogModuleManager: Shutting down and abandoning module ShaderFormatD3D (203)
[2024.05.19-03.07.28:811][768]LogModuleManager: Shutting down and abandoning module MetalShaderFormat (201)
[2024.05.19-03.07.28:812][768]LogModuleManager: Shutting down and abandoning module TextureFormatOodle (199)
[2024.05.19-03.07.28:812][768]LogModuleManager: Shutting down and abandoning module TextureFormatUncompressed (197)
[2024.05.19-03.07.28:812][768]LogModuleManager: Shutting down and abandoning module TextureFormatPVR (195)
[2024.05.19-03.07.28:814][768]LogModuleManager: Shutting down and abandoning module TextureFormatETC2 (193)
[2024.05.19-03.07.28:814][768]LogModuleManager: Shutting down and abandoning module TextureFormatDXT (191)
[2024.05.19-03.07.28:814][768]LogModuleManager: Shutting down and abandoning module TextureFormatIntelISPCTexComp (189)
[2024.05.19-03.07.28:815][768]LogModuleManager: Shutting down and abandoning module TextureFormatASTC (187)
[2024.05.19-03.07.28:816][768]LogModuleManager: Shutting down and abandoning module ImageWrapper (186)
[2024.05.19-03.07.28:816][768]LogModuleManager: Shutting down and abandoning module AudioFormatOpus (183)
[2024.05.19-03.07.28:816][768]LogModuleManager: Shutting down and abandoning module AudioFormatOgg (181)
[2024.05.19-03.07.28:816][768]LogModuleManager: Shutting down and abandoning module AudioFormatADPCM (179)
[2024.05.19-03.07.28:817][768]LogModuleManager: Shutting down and abandoning module WindowsServerTargetPlatform (177)
[2024.05.19-03.07.28:817][768]LogModuleManager: Shutting down and abandoning module WindowsClientTargetPlatform (175)
[2024.05.19-03.07.28:817][768]LogModuleManager: Shutting down and abandoning module WindowsTargetPlatform (173)
[2024.05.19-03.07.28:817][768]LogModuleManager: Shutting down and abandoning module WindowsNoEditorTargetPlatform (171)
[2024.05.19-03.07.28:818][768]LogModuleManager: Shutting down and abandoning module TVOSTargetPlatform (169)
[2024.05.19-03.07.28:835][768]LogModuleManager: Shutting down and abandoning module MacServerTargetPlatform (167)
[2024.05.19-03.07.28:835][768]LogModuleManager: Shutting down and abandoning module MacClientTargetPlatform (165)
[2024.05.19-03.07.28:835][768]LogModuleManager: Shutting down and abandoning module MacTargetPlatform (163)
[2024.05.19-03.07.28:836][768]LogModuleManager: Shutting down and abandoning module MacNoEditorTargetPlatform (161)
[2024.05.19-03.07.28:836][768]LogModuleManager: Shutting down and abandoning module LuminTargetPlatform (159)
[2024.05.19-03.07.28:868][768]LogModuleManager: Shutting down and abandoning module LinuxAArch64ServerTargetPlatform (157)
[2024.05.19-03.07.28:868][768]LogModuleManager: Shutting down and abandoning module LinuxAArch64ClientTargetPlatform (155)
[2024.05.19-03.07.28:869][768]LogModuleManager: Shutting down and abandoning module LinuxAArch64NoEditorTargetPlatform (153)
[2024.05.19-03.07.28:869][768]LogModuleManager: Shutting down and abandoning module LinuxServerTargetPlatform (151)
[2024.05.19-03.07.28:869][768]LogModuleManager: Shutting down and abandoning module LinuxClientTargetPlatform (149)
[2024.05.19-03.07.28:869][768]LogModuleManager: Shutting down and abandoning module LinuxNoEditorTargetPlatform (147)
[2024.05.19-03.07.28:870][768]LogModuleManager: Shutting down and abandoning module LinuxTargetPlatform (145)
[2024.05.19-03.07.28:870][768]LogModuleManager: Shutting down and abandoning module Messaging (143)
[2024.05.19-03.07.28:870][768]LogModuleManager: Shutting down and abandoning module IOSTargetPlatform (141)
[2024.05.19-03.07.28:881][768]LogModuleManager: Shutting down and abandoning module AndroidTargetPlatform (139)
[2024.05.19-03.07.28:917][768]LogModuleManager: Shutting down and abandoning module AllDesktopTargetPlatform (137)
[2024.05.19-03.07.28:917][768]LogModuleManager: Shutting down and abandoning module D3D11RHI (134)
[2024.05.19-03.07.28:918][768]LogModuleManager: Shutting down and abandoning module InputCore (132)
[2024.05.19-03.07.28:918][768]LogModuleManager: Shutting down and abandoning module Settings (130)
[2024.05.19-03.07.28:918][768]LogModuleManager: Shutting down and abandoning module DirectoryWatcher (128)
[2024.05.19-03.07.28:922][768]LogModuleManager: Shutting down and abandoning module PhysXCooking (126)
[2024.05.19-03.07.28:922][768]LogModuleManager: Shutting down and abandoning module Chaos (124)
[2024.05.19-03.07.28:923][768]LogModuleManager: Shutting down and abandoning module WindowsPlatformFeatures (122)
[2024.05.19-03.07.28:923][768]LogModuleManager: Shutting down and abandoning module GameplayMediaEncoder (121)
[2024.05.19-03.07.28:924][768]LogModuleManager: Shutting down and abandoning module AVEncoder (120)
[2024.05.19-03.07.28:924][768]LogModuleManager: Shutting down and abandoning module SteamVRInputDevice (116)
[2024.05.19-03.07.28:926][768]LogModuleManager: Shutting down and abandoning module SteamVRInput (114)
[2024.05.19-03.07.28:926][768]LogModuleManager: Shutting down and abandoning module SteamVR (112)
[2024.05.19-03.07.28:926][768]LogHMD: Freeing OpenVRDLLHandle.
[2024.05.19-03.07.28:926][768]LogModuleManager: Shutting down and abandoning module OculusHMD (110)
[2024.05.19-03.07.28:927][768]LogModuleManager: Shutting down and abandoning module OpenXRHandTracking (108)
[2024.05.19-03.07.28:927][768]LogSlate: Slate User Destroyed.  User Index 0, Is Virtual User: 0
[2024.05.19-03.07.28:928][768]LogModuleManager: Shutting down and abandoning module OpenXRAR (106)
[2024.05.19-03.07.28:928][768]LogModuleManager: Shutting down and abandoning module AugmentedReality (105)
[2024.05.19-03.07.28:928][768]LogModuleManager: Shutting down and abandoning module OpenXRHMD (102)
[2024.05.19-03.07.28:938][768]LogModuleManager: Shutting down and abandoning module OpenXREyeTracker (100)
[2024.05.19-03.07.28:938][768]LogModuleManager: Shutting down and abandoning module ExampleDeviceProfileSelector (98)
[2024.05.19-03.07.28:938][768]LogModuleManager: Shutting down and abandoning module ChunkDownloader (96)
[2024.05.19-03.07.28:938][768]LogModuleManager: Shutting down and abandoning module LauncherChunkInstaller (94)
[2024.05.19-03.07.28:938][768]LogModuleManager: Shutting down and abandoning module OnlineBlueprintSupport (92)
[2024.05.19-03.07.28:938][768]LogModuleManager: Shutting down and abandoning module OnlineSubsystem (88)
[2024.05.19-03.07.28:943][768]LogModuleManager: Shutting down and abandoning module XMPP (83)
[2024.05.19-03.07.28:944][768]LogModuleManager: Shutting down and abandoning module WebSockets (82)
[2024.05.19-03.07.28:964][768]LogModuleManager: Shutting down and abandoning module HTTP (79)
[2024.05.19-03.07.28:965][768]LogHttp: Display: Http module shutting down, but needs to wait on 1 outstanding Http requests:
[2024.05.19-03.07.28:967][768]LogHttp: Display: 	verb=[POST] url=[https://datarouter.ol.epicgames.com/datarouter/api/v1/public/data?SessionID=%7B44732035-45C7-79C4-237A-ADBD9AFC025B%7D&AppID=UEEditor.Rocket.Release&AppVersion=4.27.2-18319896%2B%2B%2BUE4%2BRelease-4.27&UserID=55d9737f4a5261b70343b78aadb26d49%7Cb4b4a8cd7bc84972b719eb66160aae10%7Cc8639e95-8bc5-47d3-bcfd-abc500ec7779&AppEnvironment=datacollector-binary&UploadType=eteventstream] refs=[1] status=Processing
[2024.05.19-03.07.28:967][768]LogHttp: Display: cleaning up 1 outstanding Http requests.
[2024.05.19-03.07.28:996][768]LogModuleManager: Shutting down and abandoning module SSL (78)
[2024.05.19-03.07.29:007][768]LogModuleManager: Shutting down and abandoning module WmfMedia (74)
[2024.05.19-03.07.29:010][768]LogModuleManager: Shutting down and abandoning module Media (73)
[2024.05.19-03.07.29:012][768]LogModuleManager: Shutting down and abandoning module MediaInfo (72)
[2024.05.19-03.07.29:012][768]LogModuleManager: Shutting down and abandoning module ExrReaderGpu (68)
[2024.05.19-03.07.29:012][768]LogModuleManager: Shutting down and abandoning module MLSDK (66)
[2024.05.19-03.07.29:012][768]LogModuleManager: Shutting down and abandoning module MagicLeap (64)
[2024.05.19-03.07.29:012][768]LogModuleManager: Shutting down and abandoning module NiagaraVertexFactories (62)
[2024.05.19-03.07.29:013][768]LogModuleManager: Shutting down and abandoning module NiagaraShader (60)
[2024.05.19-03.07.29:014][768]LogModuleManager: Shutting down and abandoning module ChaosCloth (58)
[2024.05.19-03.07.29:014][768]LogModuleManager: Shutting down and abandoning module VariantManagerContent (56)
[2024.05.19-03.07.29:014][768]LogModuleManager: Shutting down and abandoning module DatasmithContent (54)
[2024.05.19-03.07.29:016][768]LogModuleManager: Shutting down and abandoning module PixWinPlugin (52)
[2024.05.19-03.07.29:016][768]LogModuleManager: Shutting down and abandoning module AISupportModule (50)
[2024.05.19-03.07.29:016][768]LogModuleManager: Shutting down and abandoning module DesktopPlatform (48)
[2024.05.19-03.07.29:017][768]LogModuleManager: Shutting down and abandoning module PythonScriptPluginPreload (46)
[2024.05.19-03.07.29:019][768]LogModuleManager: Shutting down and abandoning module PlatformCryptoOpenSSL (44)
[2024.05.19-03.07.29:019][768]LogModuleManager: Shutting down and abandoning module PlatformCryptoTypes (42)
[2024.05.19-03.07.29:019][768]LogModuleManager: Shutting down and abandoning module PlatformCrypto (40)
[2024.05.19-03.07.29:019][768]LogModuleManager: Shutting down and abandoning module OodleDataCompressionFormat (38)
[2024.05.19-03.07.29:020][768]LogModuleManager: Shutting down and abandoning module XGEController (36)
[2024.05.19-03.07.29:020][768]LogModuleManager: Shutting down and abandoning module AnimationModifiers (34)
[2024.05.19-03.07.29:021][768]LogModuleManager: Shutting down and abandoning module AudioEditor (32)
[2024.05.19-03.07.29:028][768]LogModuleManager: Shutting down and abandoning module PropertyEditor (31)
[2024.05.19-03.07.29:033][768]LogModuleManager: Shutting down and abandoning module TextureCompressor (28)
[2024.05.19-03.07.29:034][768]LogModuleManager: Shutting down and abandoning module RenderCore (26)
[2024.05.19-03.07.29:034][768]LogModuleManager: Shutting down and abandoning module Landscape (24)
[2024.05.19-03.07.29:034][768]LogModuleManager: Shutting down and abandoning module SlateRHIRenderer (22)
[2024.05.19-03.07.29:058][768]LogModuleManager: Shutting down and abandoning module AnimGraphRuntime (20)
[2024.05.19-03.07.29:059][768]LogModuleManager: Shutting down and abandoning module Renderer (18)
[2024.05.19-03.07.29:059][768]LogModuleManager: Shutting down and abandoning module Engine (16)
[2024.05.19-03.07.29:060][768]LogModuleManager: Shutting down and abandoning module CoreUObject (14)
[2024.05.19-03.07.29:060][768]LogModuleManager: Shutting down and abandoning module NetworkFile (12)
[2024.05.19-03.07.29:060][768]LogModuleManager: Shutting down and abandoning module CookedIterativeFile (10)
[2024.05.19-03.07.29:060][768]LogModuleManager: Shutting down and abandoning module StreamingFile (8)
[2024.05.19-03.07.29:060][768]LogModuleManager: Shutting down and abandoning module SandboxFile (6)
[2024.05.19-03.07.29:061][768]LogModuleManager: Shutting down and abandoning module PakFile (4)
[2024.05.19-03.07.29:063][768]LogModuleManager: Shutting down and abandoning module RSA (3)
[2024.05.19-03.07.29:063][768]LogContentStreaming: Display: There are 1 unreleased StreamingManagers
[2024.05.19-03.07.29:106][768]LogD3D11RHI: Shutdown
[2024.05.19-03.07.29:106][768]LogD3D11RHI: CleanupD3DDevice
[2024.05.19-03.07.29:291][768]LogExit: Exiting.
[2024.05.19-03.07.29:325][768]Log file closed, 05/18/24 21:07:29
