Log file open, 05/18/24 01:05:52
LogWindows: Failed to load 'aqProf.dll' (GetLastError=126)
LogWindows: File 'aqProf.dll' does not exist
LogWindows: Failed to load 'VtuneApi.dll' (GetLastError=126)
LogWindows: File 'VtuneApi.dll' does not exist
LogWindows: Failed to load 'VtuneApi32e.dll' (GetLastError=126)
LogWindows: File 'VtuneApi32e.dll' does not exist
LogConsoleResponse: Display: Failed to find resolution value strings in scalability ini. Falling back to default.
LogConsoleResponse: Display: Failed to find resolution value strings in scalability ini. Falling back to default.
LogInit: Display: Running engine for game: MarioAnahuac
LogPlatformFile: Not using cached read wrapper
LogTaskGraph: Started task graph with 5 named threads and 47 total threads with 3 sets of task threads.
LogStats: Stats thread started at 0.855045
LogICUInternationalization: ICU TimeZone Detection - Raw Offset: -6:00, Platform Override: ''
LogInit: Display: Loading text-based GConfig....
LogPluginManager: Mounting plugin XGEController
LogPluginManager: Mounting plugin MeshPainting
LogPluginManager: Mounting plugin Paper2D
LogPluginManager: Mounting plugin OodleData
LogPluginManager: Mounting plugin LightPropagationVolume
LogPluginManager: Mounting plugin LiveLink
LogPluginManager: Mounting plugin EnvironmentQueryEditor
LogPluginManager: Mounting plugin AISupport
LogPluginManager: Mounting plugin OodleNetwork
LogPluginManager: Mounting plugin AlembicImporter
LogPluginManager: Mounting plugin AutomationUtils
LogPluginManager: Mounting plugin BackChannel
LogPluginManager: Mounting plugin ChaosClothEditor
LogPluginManager: Mounting plugin ChaosEditor
LogPluginManager: Mounting plugin ChaosCloth
LogPluginManager: Mounting plugin ChaosSolverPlugin
LogPluginManager: Mounting plugin CharacterAI
LogPluginManager: Mounting plugin ChaosNiagara
LogPluginManager: Mounting plugin GeometryCache
LogPluginManager: Mounting plugin Niagara
LogPluginManager: Mounting plugin GeometryProcessing
LogPluginManager: Mounting plugin PlanarCut
LogPluginManager: Mounting plugin MotoSynth
LogPluginManager: Mounting plugin GeometryCollectionPlugin
LogPluginManager: Mounting plugin OpenImageDenoise
LogPluginManager: Mounting plugin PlatformCrypto
LogPluginManager: Mounting plugin PythonScriptPlugin
LogPluginManager: Mounting plugin ProxyLODPlugin
LogPluginManager: Mounting plugin AnimationSharing
LogPluginManager: Mounting plugin SkeletalReduction
LogPluginManager: Mounting plugin CLionSourceCodeAccess
LogPluginManager: Mounting plugin PerforceSourceControl
LogPluginManager: Mounting plugin CodeLiteSourceCodeAccess
LogPluginManager: Mounting plugin GitSourceControl
LogPluginManager: Mounting plugin NullSourceCodeAccess
LogPluginManager: Mounting plugin PluginUtils
LogPluginManager: Mounting plugin PixWinPlugin
LogPluginManager: Mounting plugin PlasticSourceControl
LogPluginManager: Mounting plugin VisualStudioSourceCodeAccess
LogPluginManager: Mounting plugin KDevelopSourceCodeAccess
LogPluginManager: Mounting plugin PropertyAccessNode
LogPluginManager: Mounting plugin VisualStudioCodeSourceCodeAccess
LogPluginManager: Mounting plugin AssetManagerEditor
LogPluginManager: Mounting plugin SubversionSourceControl
LogPluginManager: Mounting plugin UObjectPlugin
LogPluginManager: Mounting plugin XCodeSourceCodeAccess
LogPluginManager: Mounting plugin CurveEditorTools
LogPluginManager: Mounting plugin TextureFormatOodle
LogPluginManager: Mounting plugin RiderSourceCodeAccess
LogPluginManager: Mounting plugin CryptoKeys
LogPluginManager: Mounting plugin DataValidation
LogPluginManager: Mounting plugin FacialAnimation
LogPluginManager: Mounting plugin GameplayTagsEditor
LogPluginManager: Mounting plugin MacGraphicsSwitching
LogPluginManager: Mounting plugin PluginBrowser
LogPluginManager: Mounting plugin GeometryMode
LogPluginManager: Mounting plugin MaterialAnalyzer
LogPluginManager: Mounting plugin MobileLauncherProfileWizard
LogPluginManager: Mounting plugin LuminPlatformFeatures
LogPluginManager: Mounting plugin SpeedTreeImporter
LogPluginManager: Mounting plugin MagicLeap
LogPluginManager: Mounting plugin MagicLeapLightEstimation
LogPluginManager: Mounting plugin MagicLeapMedia
LogPluginManager: Mounting plugin MagicLeapPassableWorld
LogPluginManager: Mounting plugin TcpMessaging
LogPluginManager: Mounting plugin MLSDK
LogPluginManager: Mounting plugin ActorLayerUtilities
LogPluginManager: Mounting plugin UdpMessaging
LogPluginManager: Mounting plugin AppleImageUtils
LogPluginManager: Mounting plugin AndroidDeviceProfileSelector
LogPluginManager: Mounting plugin LauncherChunkInstaller
LogPluginManager: Mounting plugin AudioCapture
LogPluginManager: Mounting plugin AndroidPermission
LogPluginManager: Mounting plugin AndroidMoviePlayer
LogPluginManager: Mounting plugin CableComponent
LogPluginManager: Mounting plugin AudioSynesthesia
LogPluginManager: Mounting plugin ArchVisCharacter
LogPluginManager: Mounting plugin AssetTags
LogPluginManager: Mounting plugin AppleMoviePlayer
LogPluginManager: Mounting plugin ChunkDownloader
LogPluginManager: Mounting plugin CustomMeshComponent
LogPluginManager: Mounting plugin EditableMesh
LogPluginManager: Mounting plugin ExampleDeviceProfileSelector
LogPluginManager: Mounting plugin OnlineSubsystemNull
LogPluginManager: Mounting plugin OnlineSubsystem
LogPluginManager: Mounting plugin GooglePAD
LogPluginManager: Mounting plugin GoogleCloudMessaging
LogPluginManager: Mounting plugin OnlineSubsystemUtils
LogPluginManager: Mounting plugin LocationServicesBPLibrary
LogPluginManager: Mounting plugin LinuxDeviceProfileSelector
LogPluginManager: Mounting plugin MobilePatchingUtils
LogPluginManager: Mounting plugin IOSDeviceProfileSelector
LogPluginManager: Mounting plugin PhysXVehicles
LogPluginManager: Mounting plugin OpenXRHandTracking
LogPluginManager: Mounting plugin OpenXREyeTracker
LogPluginManager: Mounting plugin OpenXR
LogPluginManager: Mounting plugin PostSplashScreen
LogPluginManager: Mounting plugin ProceduralMeshComponent
LogPluginManager: Mounting plugin PropertyAccessEditor
LogPluginManager: Mounting plugin RuntimePhysXCooking
LogPluginManager: Mounting plugin SignificanceManager
LogPluginManager: Mounting plugin SoundFields
LogPluginManager: Mounting plugin Synthesis
LogPluginManager: Mounting plugin WebMMoviePlayer
LogPluginManager: Mounting plugin WindowsMoviePlayer
LogPluginManager: Mounting plugin AndroidMedia
LogPluginManager: Mounting plugin AvfMedia
LogPluginManager: Mounting plugin MediaCompositing
LogPluginManager: Mounting plugin ImgMedia
LogPluginManager: Mounting plugin WmfMedia
LogPluginManager: Mounting plugin MediaPlayerEditor
LogPluginManager: Mounting plugin WebMMedia
LogPluginManager: Mounting plugin ScreenshotTools
LogPluginManager: Mounting plugin Takes
LogPluginManager: Mounting plugin DatasmithContent
LogPluginManager: Mounting plugin ActorSequence
LogPluginManager: Mounting plugin VariantManagerContent
LogPluginManager: Mounting plugin MatineeToLevelSequence
LogPluginManager: Mounting plugin LevelSequenceEditor
LogPluginManager: Mounting plugin TemplateSequence
LogPluginManager: Mounting plugin CameraShakePreviewer
LogPluginManager: Mounting plugin GameplayCameras
LogPluginManager: Mounting plugin ContentBrowserClassDataSource
LogPluginManager: Mounting plugin ContentBrowserAssetDataSource
LogPluginManager: Mounting plugin ContentBrowserFileDataSource
LogPluginManager: Mounting plugin OnlineSubsystemIOS
LogPluginManager: Mounting plugin OnlineSubsystemGooglePlay
LogPluginManager: Mounting plugin OculusVR
LogPluginManager: Mounting plugin SteamVR
PixWinPlugin: PIX capture plugin failed to initialize! Check that the process is launched from PIX.
LogInit: Using libcurl 7.55.1-DEV
LogInit:  - built for x86_64-pc-win32
LogInit:  - supports SSL with OpenSSL/1.1.1
LogInit:  - supports HTTP deflate (compression) using libz 1.2.8
LogInit:  - other features:
LogInit:      CURL_VERSION_SSL
LogInit:      CURL_VERSION_LIBZ
LogInit:      CURL_VERSION_IPV6
LogInit:      CURL_VERSION_ASYNCHDNS
LogInit:      CURL_VERSION_LARGEFILE
LogInit:      CURL_VERSION_IDN
LogInit:  CurlRequestOptions (configurable via config and command line):
LogInit:  - bVerifyPeer = true  - Libcurl will verify peer certificate
LogInit:  - bUseHttpProxy = false  - Libcurl will NOT use HTTP proxy
LogInit:  - bDontReuseConnections = false  - Libcurl will reuse connections
LogInit:  - MaxHostConnections = 16  - Libcurl will limit the number of connections to a host
LogInit:  - LocalHostAddr = Default
LogInit:  - BufferSize = 65536
LogOnline: OSS: Creating online subsystem instance for: NULL
LogInit: WinSock: version 1.1 (2.2), MaxSocks=32767, MaxUdp=65467
LogOnline: OSS: TryLoadSubsystemAndSetDefault: Loaded subsystem for module [NULL]
LogOculusPluginWrapper: OculusPlugin initialized successfully
LogHMD: Failed initializing OVRPlugin 1.59.0
LogInit: Build: ++UE4+Release-4.27-CL-18319896
LogInit: Engine Version: 4.27.2-18319896+++UE4+Release-4.27
LogInit: Compatible Engine Version: 4.27.0-17155196+++UE4+Release-4.27
LogInit: Net CL: 17155196
LogInit: OS: Windows 10 (Release 2009) (), CPU: AMD Ryzen 7 7840HS w/ Radeon 780M Graphics     , GPU: AMD Radeon(TM) 780M
LogInit: Compiled (64-bit): Nov 30 2021 07:12:08
LogInit: Compiled with Visual C++: 19.24.28315.00
LogInit: Build Configuration: Development
LogInit: Branch Name: ++UE4+Release-4.27
LogInit: Command Line: 
LogInit: Base Directory: C:/Program Files/Epic Games/UE_4.27/Engine/Binaries/Win64/
LogInit: Allocator: TBB
LogInit: Installed Engine Build: 1
LogDevObjectVersion: Number of dev versions registered: 29
LogDevObjectVersion:   Dev-Blueprints (B0D832E4-1F89-4F0D-ACCF-7EB736FD4AA2): 10
LogDevObjectVersion:   Dev-Build (E1C64328-A22C-4D53-A36C-8E866417BD8C): 0
LogDevObjectVersion:   Dev-Core (375EC13C-06E4-48FB-B500-84F0262A717E): 4
LogDevObjectVersion:   Dev-Editor (E4B068ED-F494-42E9-A231-DA0B2E46BB41): 40
LogDevObjectVersion:   Dev-Framework (CFFC743F-43B0-4480-9391-14DF171D2073): 37
LogDevObjectVersion:   Dev-Mobile (B02B49B5-BB20-44E9-A304-32B752E40360): 3
LogDevObjectVersion:   Dev-Networking (A4E4105C-59A1-49B5-A7C5-40C4547EDFEE): 0
LogDevObjectVersion:   Dev-Online (39C831C9-5AE6-47DC-9A44-9C173E1C8E7C): 0
LogDevObjectVersion:   Dev-Physics (78F01B33-EBEA-4F98-B9B4-84EACCB95AA2): 14
LogDevObjectVersion:   Dev-Platform (6631380F-2D4D-43E0-8009-CF276956A95A): 0
LogDevObjectVersion:   Dev-Rendering (12F88B9F-8875-4AFC-A67C-D90C383ABD29): 45
LogDevObjectVersion:   Dev-Sequencer (7B5AE74C-D270-4C10-A958-57980B212A5A): 13
LogDevObjectVersion:   Dev-VR (D7296918-1DD6-4BDD-9DE2-64A83CC13884): 3
LogDevObjectVersion:   Dev-LoadTimes (C2A15278-BFE7-4AFE-6C17-90FF531DF755): 1
LogDevObjectVersion:   Private-Geometry (6EACA3D4-40EC-4CC1-B786-8BED09428FC5): 3
LogDevObjectVersion:   Dev-AnimPhys (29E575DD-E0A3-4627-9D10-D276232CDCEA): 17
LogDevObjectVersion:   Dev-Anim (AF43A65D-7FD3-4947-9873-3E8ED9C1BB05): 15
LogDevObjectVersion:   Dev-ReflectionCapture (6B266CEC-1EC7-4B8F-A30B-E4D90942FC07): 1
LogDevObjectVersion:   Dev-Automation (0DF73D61-A23F-47EA-B727-89E90C41499A): 1
LogDevObjectVersion:   FortniteMain (601D1886-AC64-4F84-AA16-D3DE0DEAC7D6): 47
LogDevObjectVersion:   FortniteRelease (E7086368-6B23-4C58-8439-1B7016265E91): 1
LogDevObjectVersion:   Dev-Enterprise (9DFFBCD6-494F-0158-E221-12823C92A888): 10
LogDevObjectVersion:   Dev-Niagara (F2AED0AC-9AFE-416F-8664-AA7FFA26D6FC): 1
LogDevObjectVersion:   Dev-Destruction (174F1F0B-B4C6-45A5-B13F-2EE8D0FB917D): 10
LogDevObjectVersion:   Dev-Physics-Ext (35F94A83-E258-406C-A318-09F59610247C): 41
LogDevObjectVersion:   Dev-PhysicsMaterial-Chaos (B68FC16E-8B1B-42E2-B453-215C058844FE): 1
LogDevObjectVersion:   Dev-CineCamera (B2E18506-4273-CFC2-A54E-F4BB758BBA07): 1
LogDevObjectVersion:   Dev-VirtualProduction (64F58936-FD1B-42BA-BA96-7289D5D0FA4E): 1
LogDevObjectVersion:   Dev-MediaFramework (6F0ED827-A609-4895-9C91-998D90180EA4): 2
LogInit: Presizing for max 25165824 objects, including 0 objects not considered by GC, pre-allocating 0 bytes for permanent pool.
LogConfig: Applying CVar settings from Section [/Script/Engine.StreamingSettings] File [C:/Users/alber/OneDrive/Documentos/Unreal Projects/MarioAnahuacOrdinario/MarioAnahuacOrdinario/Saved/Config/Windows/Engine.ini]
LogConfig: Setting CVar [[s.MinBulkDataSizeForAsyncLoading:131072]]
LogConfig: Setting CVar [[s.AsyncLoadingThreadEnabled:0]]
LogConfig: Setting CVar [[s.EventDrivenLoaderEnabled:1]]
LogConfig: Setting CVar [[s.WarnIfTimeLimitExceeded:0]]
LogConfig: Setting CVar [[s.TimeLimitExceededMultiplier:1.5]]
LogConfig: Setting CVar [[s.TimeLimitExceededMinTime:0.005]]
LogConfig: Setting CVar [[s.UseBackgroundLevelStreaming:1]]
LogConfig: Setting CVar [[s.PriorityAsyncLoadingExtraTime:15.0]]
LogConfig: Setting CVar [[s.LevelStreamingActorsUpdateTimeLimit:5.0]]
LogConfig: Setting CVar [[s.PriorityLevelStreamingActorsUpdateExtraTime:5.0]]
LogConfig: Setting CVar [[s.LevelStreamingComponentsRegistrationGranularity:10]]
LogConfig: Setting CVar [[s.UnregisterComponentsTimeLimit:1.0]]
LogConfig: Setting CVar [[s.LevelStreamingComponentsUnregistrationGranularity:5]]
LogConfig: Setting CVar [[s.FlushStreamingOnExit:1]]
LogInit: Object subsystem initialized
LogConfig: Setting CVar [[con.DebugEarlyDefault:1]]
LogConfig: Setting CVar [[r.setres:1280x720]]
[2024.05.18-07.05.53:873][  0]LogConfig: Setting CVar [[r.VSync:0]]
[2024.05.18-07.05.53:873][  0]LogConfig: Setting CVar [[r.RHICmdBypass:0]]
[2024.05.18-07.05.53:873][  0]LogConfig: Applying CVar settings from Section [/Script/Engine.RendererSettings] File [C:/Users/alber/OneDrive/Documentos/Unreal Projects/MarioAnahuacOrdinario/MarioAnahuacOrdinario/Saved/Config/Windows/Engine.ini]
[2024.05.18-07.05.53:873][  0]LogConfig: Setting CVar [[r.GPUCrashDebugging:0]]
[2024.05.18-07.05.53:873][  0]LogConfig: Applying CVar settings from Section [/Script/Engine.RendererOverrideSettings] File [C:/Users/alber/OneDrive/Documentos/Unreal Projects/MarioAnahuacOrdinario/MarioAnahuacOrdinario/Saved/Config/Windows/Engine.ini]
[2024.05.18-07.05.53:873][  0]LogConfig: Applying CVar settings from Section [/Script/Engine.StreamingSettings] File [C:/Users/alber/OneDrive/Documentos/Unreal Projects/MarioAnahuacOrdinario/MarioAnahuacOrdinario/Saved/Config/Windows/Engine.ini]
[2024.05.18-07.05.53:873][  0]LogConfig: Setting CVar [[s.MinBulkDataSizeForAsyncLoading:131072]]
[2024.05.18-07.05.53:873][  0]LogConfig: Setting CVar [[s.AsyncLoadingThreadEnabled:0]]
[2024.05.18-07.05.53:873][  0]LogConfig: Setting CVar [[s.EventDrivenLoaderEnabled:1]]
[2024.05.18-07.05.53:873][  0]LogConfig: Setting CVar [[s.WarnIfTimeLimitExceeded:0]]
[2024.05.18-07.05.53:873][  0]LogConfig: Setting CVar [[s.TimeLimitExceededMultiplier:1.5]]
[2024.05.18-07.05.53:873][  0]LogConfig: Setting CVar [[s.TimeLimitExceededMinTime:0.005]]
[2024.05.18-07.05.53:873][  0]LogConfig: Setting CVar [[s.UseBackgroundLevelStreaming:1]]
[2024.05.18-07.05.53:873][  0]LogConfig: Setting CVar [[s.PriorityAsyncLoadingExtraTime:15.0]]
[2024.05.18-07.05.53:873][  0]LogConfig: Setting CVar [[s.LevelStreamingActorsUpdateTimeLimit:5.0]]
[2024.05.18-07.05.53:873][  0]LogConfig: Setting CVar [[s.PriorityLevelStreamingActorsUpdateExtraTime:5.0]]
[2024.05.18-07.05.53:873][  0]LogConfig: Setting CVar [[s.LevelStreamingComponentsRegistrationGranularity:10]]
[2024.05.18-07.05.53:873][  0]LogConfig: Setting CVar [[s.UnregisterComponentsTimeLimit:1.0]]
[2024.05.18-07.05.53:873][  0]LogConfig: Setting CVar [[s.LevelStreamingComponentsUnregistrationGranularity:5]]
[2024.05.18-07.05.53:873][  0]LogConfig: Setting CVar [[s.FlushStreamingOnExit:1]]
[2024.05.18-07.05.53:873][  0]LogConfig: Applying CVar settings from Section [/Script/Engine.GarbageCollectionSettings] File [C:/Users/alber/OneDrive/Documentos/Unreal Projects/MarioAnahuacOrdinario/MarioAnahuacOrdinario/Saved/Config/Windows/Engine.ini]
[2024.05.18-07.05.53:873][  0]LogConfig: Setting CVar [[gc.MaxObjectsNotConsideredByGC:1]]
[2024.05.18-07.05.53:873][  0]LogConfig: Setting CVar [[gc.SizeOfPermanentObjectPool:0]]
[2024.05.18-07.05.53:873][  0]LogConfig: Setting CVar [[gc.FlushStreamingOnGC:0]]
[2024.05.18-07.05.53:873][  0]LogConfig: Setting CVar [[gc.NumRetriesBeforeForcingGC:10]]
[2024.05.18-07.05.53:873][  0]LogConfig: Setting CVar [[gc.AllowParallelGC:1]]
[2024.05.18-07.05.53:873][  0]LogConfig: Setting CVar [[gc.TimeBetweenPurgingPendingKillObjects:61.1]]
[2024.05.18-07.05.53:873][  0]LogConfig: Setting CVar [[gc.MaxObjectsInEditor:25165824]]
[2024.05.18-07.05.53:873][  0]LogConfig: Setting CVar [[gc.IncrementalBeginDestroyEnabled:1]]
[2024.05.18-07.05.53:873][  0]LogConfig: Setting CVar [[gc.CreateGCClusters:1]]
[2024.05.18-07.05.53:873][  0]LogConfig: Setting CVar [[gc.MinGCClusterSize:5]]
[2024.05.18-07.05.53:873][  0]LogConfig: Setting CVar [[gc.ActorClusteringEnabled:0]]
[2024.05.18-07.05.53:873][  0]LogConfig: Setting CVar [[gc.BlueprintClusteringEnabled:0]]
[2024.05.18-07.05.53:873][  0]LogConfig: Setting CVar [[gc.UseDisregardForGCOnDedicatedServers:0]]
[2024.05.18-07.05.53:873][  0]LogConfig: Setting CVar [[gc.MultithreadedDestructionEnabled:1]]
[2024.05.18-07.05.53:873][  0]LogConfig: Applying CVar settings from Section [/Script/Engine.NetworkSettings] File [C:/Users/alber/OneDrive/Documentos/Unreal Projects/MarioAnahuacOrdinario/MarioAnahuacOrdinario/Saved/Config/Windows/Engine.ini]
[2024.05.18-07.05.53:873][  0]LogConfig: Applying CVar settings from Section [/Script/UnrealEd.CookerSettings] File [C:/Users/alber/OneDrive/Documentos/Unreal Projects/MarioAnahuacOrdinario/MarioAnahuacOrdinario/Saved/Config/Windows/Engine.ini]
[2024.05.18-07.05.53:898][  0]LogConfig: Applying CVar settings from Section [ViewDistanceQuality@3] File [C:/Users/alber/OneDrive/Documentos/Unreal Projects/MarioAnahuacOrdinario/MarioAnahuacOrdinario/Saved/Config/Windows/Scalability.ini]
[2024.05.18-07.05.53:898][  0]LogConfig: Setting CVar [[r.SkeletalMeshLODBias:0]]
[2024.05.18-07.05.53:898][  0]LogConfig: Setting CVar [[r.ViewDistanceScale:1.0]]
[2024.05.18-07.05.53:898][  0]LogConfig: Applying CVar settings from Section [AntiAliasingQuality@3] File [C:/Users/alber/OneDrive/Documentos/Unreal Projects/MarioAnahuacOrdinario/MarioAnahuacOrdinario/Saved/Config/Windows/Scalability.ini]
[2024.05.18-07.05.53:898][  0]LogConfig: Setting CVar [[r.PostProcessAAQuality:4]]
[2024.05.18-07.05.53:898][  0]LogConfig: Applying CVar settings from Section [ShadowQuality@3] File [C:/Users/alber/OneDrive/Documentos/Unreal Projects/MarioAnahuacOrdinario/MarioAnahuacOrdinario/Saved/Config/Windows/Scalability.ini]
[2024.05.18-07.05.53:898][  0]LogConfig: Setting CVar [[r.LightFunctionQuality:1]]
[2024.05.18-07.05.53:898][  0]LogConfig: Setting CVar [[r.ShadowQuality:5]]
[2024.05.18-07.05.53:898][  0]LogConfig: Setting CVar [[r.Shadow.CSM.MaxCascades:10]]
[2024.05.18-07.05.53:898][  0]LogConfig: Setting CVar [[r.Shadow.MaxResolution:2048]]
[2024.05.18-07.05.53:898][  0]LogConfig: Setting CVar [[r.Shadow.MaxCSMResolution:2048]]
[2024.05.18-07.05.53:898][  0]LogConfig: Setting CVar [[r.Shadow.RadiusThreshold:0.01]]
[2024.05.18-07.05.53:898][  0]LogConfig: Setting CVar [[r.Shadow.DistanceScale:1.0]]
[2024.05.18-07.05.53:898][  0]LogConfig: Setting CVar [[r.Shadow.CSM.TransitionScale:1.0]]
[2024.05.18-07.05.53:898][  0]LogConfig: Setting CVar [[r.Shadow.PreShadowResolutionFactor:1.0]]
[2024.05.18-07.05.53:898][  0]LogConfig: Setting CVar [[r.DistanceFieldShadowing:1]]
[2024.05.18-07.05.53:898][  0]LogConfig: Setting CVar [[r.DistanceFieldAO:1]]
[2024.05.18-07.05.53:898][  0]LogConfig: Setting CVar [[r.AOQuality:2]]
[2024.05.18-07.05.53:898][  0]LogConfig: Setting CVar [[r.VolumetricFog:1]]
[2024.05.18-07.05.53:898][  0]LogConfig: Setting CVar [[r.VolumetricFog.GridPixelSize:8]]
[2024.05.18-07.05.53:898][  0]LogConfig: Setting CVar [[r.VolumetricFog.GridSizeZ:128]]
[2024.05.18-07.05.53:898][  0]LogConfig: Setting CVar [[r.VolumetricFog.HistoryMissSupersampleCount:4]]
[2024.05.18-07.05.53:898][  0]LogConfig: Setting CVar [[r.LightMaxDrawDistanceScale:1]]
[2024.05.18-07.05.53:898][  0]LogConfig: Setting CVar [[r.CapsuleShadows:1]]
[2024.05.18-07.05.53:898][  0]LogConfig: Applying CVar settings from Section [PostProcessQuality@3] File [C:/Users/alber/OneDrive/Documentos/Unreal Projects/MarioAnahuacOrdinario/MarioAnahuacOrdinario/Saved/Config/Windows/Scalability.ini]
[2024.05.18-07.05.53:898][  0]LogConfig: Setting CVar [[r.MotionBlurQuality:4]]
[2024.05.18-07.05.53:898][  0]LogConfig: Setting CVar [[r.AmbientOcclusionMipLevelFactor:0.4]]
[2024.05.18-07.05.53:898][  0]LogConfig: Setting CVar [[r.AmbientOcclusionMaxQuality:100]]
[2024.05.18-07.05.53:898][  0]LogConfig: Setting CVar [[r.AmbientOcclusionLevels:-1]]
[2024.05.18-07.05.53:898][  0]LogConfig: Setting CVar [[r.AmbientOcclusionRadiusScale:1.0]]
[2024.05.18-07.05.53:898][  0]LogConfig: Setting CVar [[r.DepthOfFieldQuality:2]]
[2024.05.18-07.05.53:898][  0]LogConfig: Setting CVar [[r.RenderTargetPoolMin:400]]
[2024.05.18-07.05.53:898][  0]LogConfig: Setting CVar [[r.LensFlareQuality:2]]
[2024.05.18-07.05.53:898][  0]LogConfig: Setting CVar [[r.SceneColorFringeQuality:1]]
[2024.05.18-07.05.53:898][  0]LogConfig: Setting CVar [[r.EyeAdaptationQuality:2]]
[2024.05.18-07.05.53:898][  0]LogConfig: Setting CVar [[r.BloomQuality:5]]
[2024.05.18-07.05.53:898][  0]LogConfig: Setting CVar [[r.FastBlurThreshold:100]]
[2024.05.18-07.05.53:898][  0]LogConfig: Setting CVar [[r.Upscale.Quality:3]]
[2024.05.18-07.05.53:898][  0]LogConfig: Setting CVar [[r.Tonemapper.GrainQuantization:1]]
[2024.05.18-07.05.53:898][  0]LogConfig: Setting CVar [[r.LightShaftQuality:1]]
[2024.05.18-07.05.53:898][  0]LogConfig: Setting CVar [[r.Filter.SizeScale:1]]
[2024.05.18-07.05.53:898][  0]LogConfig: Setting CVar [[r.Tonemapper.Quality:5]]
[2024.05.18-07.05.53:898][  0]LogConfig: Setting CVar [[r.DOF.Gather.AccumulatorQuality:1        ; higher gathering accumulator quality]]
[2024.05.18-07.05.53:898][  0]LogConfig: Setting CVar [[r.DOF.Gather.PostfilterMethod:1          ; Median3x3 postfilering method]]
[2024.05.18-07.05.53:898][  0]LogConfig: Setting CVar [[r.DOF.Gather.EnableBokehSettings:0       ; no bokeh simulation when gathering]]
[2024.05.18-07.05.53:898][  0]LogConfig: Setting CVar [[r.DOF.Gather.RingCount:4                 ; medium number of samples when gathering]]
[2024.05.18-07.05.53:898][  0]LogConfig: Setting CVar [[r.DOF.Scatter.ForegroundCompositing:1    ; additive foreground scattering]]
[2024.05.18-07.05.53:898][  0]LogConfig: Setting CVar [[r.DOF.Scatter.BackgroundCompositing:2    ; additive background scattering]]
[2024.05.18-07.05.53:898][  0]LogConfig: Setting CVar [[r.DOF.Scatter.EnableBokehSettings:1      ; bokeh simulation when scattering]]
[2024.05.18-07.05.53:898][  0]LogConfig: Setting CVar [[r.DOF.Scatter.MaxSpriteRatio:0.1         ; only a maximum of 10% of scattered bokeh]]
[2024.05.18-07.05.53:898][  0]LogConfig: Setting CVar [[r.DOF.Recombine.Quality:1                ; cheap slight out of focus]]
[2024.05.18-07.05.53:898][  0]LogConfig: Setting CVar [[r.DOF.Recombine.EnableBokehSettings:0    ; no bokeh simulation on slight out of focus]]
[2024.05.18-07.05.53:898][  0]LogConfig: Setting CVar [[r.DOF.TemporalAAQuality:1                ; more stable temporal accumulation]]
[2024.05.18-07.05.53:898][  0]LogConfig: Setting CVar [[r.DOF.Kernel.MaxForegroundRadius:0.025]]
[2024.05.18-07.05.53:898][  0]LogConfig: Setting CVar [[r.DOF.Kernel.MaxBackgroundRadius:0.025]]
[2024.05.18-07.05.53:898][  0]LogConfig: Applying CVar settings from Section [TextureQuality@3] File [C:/Users/alber/OneDrive/Documentos/Unreal Projects/MarioAnahuacOrdinario/MarioAnahuacOrdinario/Saved/Config/Windows/Scalability.ini]
[2024.05.18-07.05.53:898][  0]LogConfig: Setting CVar [[r.Streaming.MipBias:0]]
[2024.05.18-07.05.53:898][  0]LogConfig: Setting CVar [[r.Streaming.AmortizeCPUToGPUCopy:0]]
[2024.05.18-07.05.53:898][  0]LogConfig: Setting CVar [[r.Streaming.MaxNumTexturesToStreamPerFrame:0]]
[2024.05.18-07.05.53:898][  0]LogConfig: Setting CVar [[r.Streaming.Boost:1]]
[2024.05.18-07.05.53:898][  0]LogConfig: Setting CVar [[r.MaxAnisotropy:8]]
[2024.05.18-07.05.53:898][  0]LogConfig: Setting CVar [[r.VT.MaxAnisotropy:8]]
[2024.05.18-07.05.53:898][  0]LogConfig: Setting CVar [[r.Streaming.LimitPoolSizeToVRAM:0]]
[2024.05.18-07.05.53:898][  0]LogConfig: Setting CVar [[r.Streaming.PoolSize:1000]]
[2024.05.18-07.05.53:898][  0]LogConfig: Setting CVar [[r.Streaming.MaxEffectiveScreenSize:0]]
[2024.05.18-07.05.53:898][  0]LogConfig: Applying CVar settings from Section [EffectsQuality@3] File [C:/Users/alber/OneDrive/Documentos/Unreal Projects/MarioAnahuacOrdinario/MarioAnahuacOrdinario/Saved/Config/Windows/Scalability.ini]
[2024.05.18-07.05.53:899][  0]LogConfig: Setting CVar [[r.TranslucencyLightingVolumeDim:64]]
[2024.05.18-07.05.53:899][  0]LogConfig: Setting CVar [[r.RefractionQuality:2]]
[2024.05.18-07.05.53:899][  0]LogConfig: Setting CVar [[r.SSR.Quality:3]]
[2024.05.18-07.05.53:899][  0]LogConfig: Setting CVar [[r.SSR.HalfResSceneColor:0]]
[2024.05.18-07.05.53:899][  0]LogConfig: Setting CVar [[r.SceneColorFormat:4]]
[2024.05.18-07.05.53:899][  0]LogConfig: Setting CVar [[r.DetailMode:2]]
[2024.05.18-07.05.53:899][  0]LogConfig: Setting CVar [[r.TranslucencyVolumeBlur:1]]
[2024.05.18-07.05.53:899][  0]LogConfig: Setting CVar [[r.MaterialQualityLevel:1 ; High quality]]
[2024.05.18-07.05.53:899][  0]LogConfig: Setting CVar [[r.AnisotropicMaterials:1]]
[2024.05.18-07.05.53:899][  0]LogConfig: Setting CVar [[r.SSS.Scale:1]]
[2024.05.18-07.05.53:899][  0]LogConfig: Setting CVar [[r.SSS.SampleSet:2]]
[2024.05.18-07.05.53:899][  0]LogConfig: Setting CVar [[r.SSS.Quality:1]]
[2024.05.18-07.05.53:899][  0]LogConfig: Setting CVar [[r.SSS.HalfRes:0]]
[2024.05.18-07.05.53:899][  0]LogConfig: Setting CVar [[r.SSGI.Quality:3]]
[2024.05.18-07.05.53:899][  0]LogConfig: Setting CVar [[r.EmitterSpawnRateScale:1.0]]
[2024.05.18-07.05.53:899][  0]LogConfig: Setting CVar [[r.ParticleLightQuality:2]]
[2024.05.18-07.05.53:899][  0]LogConfig: Setting CVar [[r.SkyAtmosphere.AerialPerspectiveLUT.FastApplyOnOpaque:1 ; Always have FastSkyLUT 1 in this case to avoid wrong sky]]
[2024.05.18-07.05.53:899][  0]LogConfig: Setting CVar [[r.SkyAtmosphere.AerialPerspectiveLUT.SampleCountMaxPerSlice:4]]
[2024.05.18-07.05.53:899][  0]LogConfig: Setting CVar [[r.SkyAtmosphere.AerialPerspectiveLUT.DepthResolution:16.0]]
[2024.05.18-07.05.53:899][  0]LogConfig: Setting CVar [[r.SkyAtmosphere.FastSkyLUT:1]]
[2024.05.18-07.05.53:899][  0]LogConfig: Setting CVar [[r.SkyAtmosphere.FastSkyLUT.SampleCountMin:4.0]]
[2024.05.18-07.05.53:899][  0]LogConfig: Setting CVar [[r.SkyAtmosphere.FastSkyLUT.SampleCountMax:128.0]]
[2024.05.18-07.05.53:899][  0]LogConfig: Setting CVar [[r.SkyAtmosphere.SampleCountMin:4.0]]
[2024.05.18-07.05.53:899][  0]LogConfig: Setting CVar [[r.SkyAtmosphere.SampleCountMax:128.0]]
[2024.05.18-07.05.53:899][  0]LogConfig: Setting CVar [[r.SkyAtmosphere.TransmittanceLUT.UseSmallFormat:0]]
[2024.05.18-07.05.53:899][  0]LogConfig: Setting CVar [[r.SkyAtmosphere.TransmittanceLUT.SampleCount:10.0]]
[2024.05.18-07.05.53:899][  0]LogConfig: Setting CVar [[r.SkyAtmosphere.MultiScatteringLUT.SampleCount:15.0]]
[2024.05.18-07.05.53:899][  0]LogConfig: Setting CVar [[r.SkyLight.RealTimeReflectionCapture:1]]
[2024.05.18-07.05.53:899][  0]LogConfig: Applying CVar settings from Section [FoliageQuality@3] File [C:/Users/alber/OneDrive/Documentos/Unreal Projects/MarioAnahuacOrdinario/MarioAnahuacOrdinario/Saved/Config/Windows/Scalability.ini]
[2024.05.18-07.05.53:899][  0]LogConfig: Setting CVar [[foliage.DensityScale:1.0]]
[2024.05.18-07.05.53:899][  0]LogConfig: Setting CVar [[grass.DensityScale:1.0]]
[2024.05.18-07.05.53:899][  0]LogConfig: Applying CVar settings from Section [ShadingQuality@3] File [C:/Users/alber/OneDrive/Documentos/Unreal Projects/MarioAnahuacOrdinario/MarioAnahuacOrdinario/Saved/Config/Windows/Scalability.ini]
[2024.05.18-07.05.53:899][  0]LogConfig: Setting CVar [[r.HairStrands.SkyLighting.IntegrationType:2]]
[2024.05.18-07.05.53:899][  0]LogConfig: Setting CVar [[r.HairStrands.SkyAO.SampleCount:4]]
[2024.05.18-07.05.53:899][  0]LogConfig: Setting CVar [[r.HairStrands.Visibility.MSAA.SamplePerPixel:4]]
[2024.05.18-07.05.53:899][  0]LogInit: Selected Device Profile: [Windows]
[2024.05.18-07.05.53:899][  0]LogInit: Applying CVar settings loaded from the selected device profile: [Windows]
[2024.05.18-07.05.53:901][  0]LogHAL: Display: Platform has ~ 16 GB [16309932032 / 17179869184 / 16], which maps to Larger [LargestMinGB=32, LargerMinGB=12, DefaultMinGB=8, SmallerMinGB=6, SmallestMinGB=0)
[2024.05.18-07.05.53:901][  0]LogInit: Going up to parent DeviceProfile []
[2024.05.18-07.05.53:901][  0]LogConfig: Applying CVar settings from Section [ViewDistanceQuality@3] File [C:/Users/alber/OneDrive/Documentos/Unreal Projects/MarioAnahuacOrdinario/MarioAnahuacOrdinario/Saved/Config/Windows/Scalability.ini]
[2024.05.18-07.05.53:901][  0]LogConfig: Setting CVar [[r.SkeletalMeshLODBias:0]]
[2024.05.18-07.05.53:901][  0]LogConfig: Setting CVar [[r.ViewDistanceScale:1.0]]
[2024.05.18-07.05.53:901][  0]LogConfig: Applying CVar settings from Section [AntiAliasingQuality@3] File [C:/Users/alber/OneDrive/Documentos/Unreal Projects/MarioAnahuacOrdinario/MarioAnahuacOrdinario/Saved/Config/Windows/Scalability.ini]
[2024.05.18-07.05.53:901][  0]LogConfig: Setting CVar [[r.PostProcessAAQuality:4]]
[2024.05.18-07.05.53:901][  0]LogConfig: Applying CVar settings from Section [ShadowQuality@3] File [C:/Users/alber/OneDrive/Documentos/Unreal Projects/MarioAnahuacOrdinario/MarioAnahuacOrdinario/Saved/Config/Windows/Scalability.ini]
[2024.05.18-07.05.53:901][  0]LogConfig: Setting CVar [[r.LightFunctionQuality:1]]
[2024.05.18-07.05.53:901][  0]LogConfig: Setting CVar [[r.ShadowQuality:5]]
[2024.05.18-07.05.53:901][  0]LogConfig: Setting CVar [[r.Shadow.CSM.MaxCascades:10]]
[2024.05.18-07.05.53:901][  0]LogConfig: Setting CVar [[r.Shadow.MaxResolution:2048]]
[2024.05.18-07.05.53:901][  0]LogConfig: Setting CVar [[r.Shadow.MaxCSMResolution:2048]]
[2024.05.18-07.05.53:901][  0]LogConfig: Setting CVar [[r.Shadow.RadiusThreshold:0.01]]
[2024.05.18-07.05.53:901][  0]LogConfig: Setting CVar [[r.Shadow.DistanceScale:1.0]]
[2024.05.18-07.05.53:901][  0]LogConfig: Setting CVar [[r.Shadow.CSM.TransitionScale:1.0]]
[2024.05.18-07.05.53:901][  0]LogConfig: Setting CVar [[r.Shadow.PreShadowResolutionFactor:1.0]]
[2024.05.18-07.05.53:901][  0]LogConfig: Setting CVar [[r.DistanceFieldShadowing:1]]
[2024.05.18-07.05.53:901][  0]LogConfig: Setting CVar [[r.DistanceFieldAO:1]]
[2024.05.18-07.05.53:901][  0]LogConfig: Setting CVar [[r.AOQuality:2]]
[2024.05.18-07.05.53:901][  0]LogConfig: Setting CVar [[r.VolumetricFog:1]]
[2024.05.18-07.05.53:902][  0]LogConfig: Setting CVar [[r.VolumetricFog.GridPixelSize:8]]
[2024.05.18-07.05.53:902][  0]LogConfig: Setting CVar [[r.VolumetricFog.GridSizeZ:128]]
[2024.05.18-07.05.53:902][  0]LogConfig: Setting CVar [[r.VolumetricFog.HistoryMissSupersampleCount:4]]
[2024.05.18-07.05.53:902][  0]LogConfig: Setting CVar [[r.LightMaxDrawDistanceScale:1]]
[2024.05.18-07.05.53:902][  0]LogConfig: Setting CVar [[r.CapsuleShadows:1]]
[2024.05.18-07.05.53:902][  0]LogConfig: Applying CVar settings from Section [PostProcessQuality@3] File [C:/Users/alber/OneDrive/Documentos/Unreal Projects/MarioAnahuacOrdinario/MarioAnahuacOrdinario/Saved/Config/Windows/Scalability.ini]
[2024.05.18-07.05.53:902][  0]LogConfig: Setting CVar [[r.MotionBlurQuality:4]]
[2024.05.18-07.05.53:902][  0]LogConfig: Setting CVar [[r.AmbientOcclusionMipLevelFactor:0.4]]
[2024.05.18-07.05.53:902][  0]LogConfig: Setting CVar [[r.AmbientOcclusionMaxQuality:100]]
[2024.05.18-07.05.53:902][  0]LogConfig: Setting CVar [[r.AmbientOcclusionLevels:-1]]
[2024.05.18-07.05.53:902][  0]LogConfig: Setting CVar [[r.AmbientOcclusionRadiusScale:1.0]]
[2024.05.18-07.05.53:902][  0]LogConfig: Setting CVar [[r.DepthOfFieldQuality:2]]
[2024.05.18-07.05.53:902][  0]LogConfig: Setting CVar [[r.RenderTargetPoolMin:400]]
[2024.05.18-07.05.53:902][  0]LogConfig: Setting CVar [[r.LensFlareQuality:2]]
[2024.05.18-07.05.53:902][  0]LogConfig: Setting CVar [[r.SceneColorFringeQuality:1]]
[2024.05.18-07.05.53:902][  0]LogConfig: Setting CVar [[r.EyeAdaptationQuality:2]]
[2024.05.18-07.05.53:902][  0]LogConfig: Setting CVar [[r.BloomQuality:5]]
[2024.05.18-07.05.53:902][  0]LogConfig: Setting CVar [[r.FastBlurThreshold:100]]
[2024.05.18-07.05.53:902][  0]LogConfig: Setting CVar [[r.Upscale.Quality:3]]
[2024.05.18-07.05.53:902][  0]LogConfig: Setting CVar [[r.Tonemapper.GrainQuantization:1]]
[2024.05.18-07.05.53:902][  0]LogConfig: Setting CVar [[r.LightShaftQuality:1]]
[2024.05.18-07.05.53:902][  0]LogConfig: Setting CVar [[r.Filter.SizeScale:1]]
[2024.05.18-07.05.53:902][  0]LogConfig: Setting CVar [[r.Tonemapper.Quality:5]]
[2024.05.18-07.05.53:902][  0]LogConfig: Setting CVar [[r.DOF.Gather.AccumulatorQuality:1        ; higher gathering accumulator quality]]
[2024.05.18-07.05.53:902][  0]LogConfig: Setting CVar [[r.DOF.Gather.PostfilterMethod:1          ; Median3x3 postfilering method]]
[2024.05.18-07.05.53:902][  0]LogConfig: Setting CVar [[r.DOF.Gather.EnableBokehSettings:0       ; no bokeh simulation when gathering]]
[2024.05.18-07.05.53:902][  0]LogConfig: Setting CVar [[r.DOF.Gather.RingCount:4                 ; medium number of samples when gathering]]
[2024.05.18-07.05.53:902][  0]LogConfig: Setting CVar [[r.DOF.Scatter.ForegroundCompositing:1    ; additive foreground scattering]]
[2024.05.18-07.05.53:902][  0]LogConfig: Setting CVar [[r.DOF.Scatter.BackgroundCompositing:2    ; additive background scattering]]
[2024.05.18-07.05.53:902][  0]LogConfig: Setting CVar [[r.DOF.Scatter.EnableBokehSettings:1      ; bokeh simulation when scattering]]
[2024.05.18-07.05.53:902][  0]LogConfig: Setting CVar [[r.DOF.Scatter.MaxSpriteRatio:0.1         ; only a maximum of 10% of scattered bokeh]]
[2024.05.18-07.05.53:902][  0]LogConfig: Setting CVar [[r.DOF.Recombine.Quality:1                ; cheap slight out of focus]]
[2024.05.18-07.05.53:902][  0]LogConfig: Setting CVar [[r.DOF.Recombine.EnableBokehSettings:0    ; no bokeh simulation on slight out of focus]]
[2024.05.18-07.05.53:902][  0]LogConfig: Setting CVar [[r.DOF.TemporalAAQuality:1                ; more stable temporal accumulation]]
[2024.05.18-07.05.53:902][  0]LogConfig: Setting CVar [[r.DOF.Kernel.MaxForegroundRadius:0.025]]
[2024.05.18-07.05.53:902][  0]LogConfig: Setting CVar [[r.DOF.Kernel.MaxBackgroundRadius:0.025]]
[2024.05.18-07.05.53:902][  0]LogConfig: Applying CVar settings from Section [TextureQuality@3] File [C:/Users/alber/OneDrive/Documentos/Unreal Projects/MarioAnahuacOrdinario/MarioAnahuacOrdinario/Saved/Config/Windows/Scalability.ini]
[2024.05.18-07.05.53:902][  0]LogConfig: Setting CVar [[r.Streaming.MipBias:0]]
[2024.05.18-07.05.53:902][  0]LogConfig: Setting CVar [[r.Streaming.AmortizeCPUToGPUCopy:0]]
[2024.05.18-07.05.53:902][  0]LogConfig: Setting CVar [[r.Streaming.MaxNumTexturesToStreamPerFrame:0]]
[2024.05.18-07.05.53:902][  0]LogConfig: Setting CVar [[r.Streaming.Boost:1]]
[2024.05.18-07.05.53:902][  0]LogConfig: Setting CVar [[r.MaxAnisotropy:8]]
[2024.05.18-07.05.53:902][  0]LogConfig: Setting CVar [[r.VT.MaxAnisotropy:8]]
[2024.05.18-07.05.53:902][  0]LogConfig: Setting CVar [[r.Streaming.LimitPoolSizeToVRAM:0]]
[2024.05.18-07.05.53:902][  0]LogConfig: Setting CVar [[r.Streaming.PoolSize:1000]]
[2024.05.18-07.05.53:902][  0]LogConfig: Setting CVar [[r.Streaming.MaxEffectiveScreenSize:0]]
[2024.05.18-07.05.53:902][  0]LogConfig: Applying CVar settings from Section [EffectsQuality@3] File [C:/Users/alber/OneDrive/Documentos/Unreal Projects/MarioAnahuacOrdinario/MarioAnahuacOrdinario/Saved/Config/Windows/Scalability.ini]
[2024.05.18-07.05.53:902][  0]LogConfig: Setting CVar [[r.TranslucencyLightingVolumeDim:64]]
[2024.05.18-07.05.53:902][  0]LogConfig: Setting CVar [[r.RefractionQuality:2]]
[2024.05.18-07.05.53:902][  0]LogConfig: Setting CVar [[r.SSR.Quality:3]]
[2024.05.18-07.05.53:902][  0]LogConfig: Setting CVar [[r.SSR.HalfResSceneColor:0]]
[2024.05.18-07.05.53:902][  0]LogConfig: Setting CVar [[r.SceneColorFormat:4]]
[2024.05.18-07.05.53:902][  0]LogConfig: Setting CVar [[r.DetailMode:2]]
[2024.05.18-07.05.53:902][  0]LogConfig: Setting CVar [[r.TranslucencyVolumeBlur:1]]
[2024.05.18-07.05.53:902][  0]LogConfig: Setting CVar [[r.MaterialQualityLevel:1 ; High quality]]
[2024.05.18-07.05.53:902][  0]LogConfig: Setting CVar [[r.AnisotropicMaterials:1]]
[2024.05.18-07.05.53:902][  0]LogConfig: Setting CVar [[r.SSS.Scale:1]]
[2024.05.18-07.05.53:902][  0]LogConfig: Setting CVar [[r.SSS.SampleSet:2]]
[2024.05.18-07.05.53:902][  0]LogConfig: Setting CVar [[r.SSS.Quality:1]]
[2024.05.18-07.05.53:902][  0]LogConfig: Setting CVar [[r.SSS.HalfRes:0]]
[2024.05.18-07.05.53:902][  0]LogConfig: Setting CVar [[r.SSGI.Quality:3]]
[2024.05.18-07.05.53:902][  0]LogConfig: Setting CVar [[r.EmitterSpawnRateScale:1.0]]
[2024.05.18-07.05.53:903][  0]LogConfig: Setting CVar [[r.ParticleLightQuality:2]]
[2024.05.18-07.05.53:903][  0]LogConfig: Setting CVar [[r.SkyAtmosphere.AerialPerspectiveLUT.FastApplyOnOpaque:1 ; Always have FastSkyLUT 1 in this case to avoid wrong sky]]
[2024.05.18-07.05.53:903][  0]LogConfig: Setting CVar [[r.SkyAtmosphere.AerialPerspectiveLUT.SampleCountMaxPerSlice:4]]
[2024.05.18-07.05.53:903][  0]LogConfig: Setting CVar [[r.SkyAtmosphere.AerialPerspectiveLUT.DepthResolution:16.0]]
[2024.05.18-07.05.53:903][  0]LogConfig: Setting CVar [[r.SkyAtmosphere.FastSkyLUT:1]]
[2024.05.18-07.05.53:903][  0]LogConfig: Setting CVar [[r.SkyAtmosphere.FastSkyLUT.SampleCountMin:4.0]]
[2024.05.18-07.05.53:903][  0]LogConfig: Setting CVar [[r.SkyAtmosphere.FastSkyLUT.SampleCountMax:128.0]]
[2024.05.18-07.05.53:903][  0]LogConfig: Setting CVar [[r.SkyAtmosphere.SampleCountMin:4.0]]
[2024.05.18-07.05.53:903][  0]LogConfig: Setting CVar [[r.SkyAtmosphere.SampleCountMax:128.0]]
[2024.05.18-07.05.53:903][  0]LogConfig: Setting CVar [[r.SkyAtmosphere.TransmittanceLUT.UseSmallFormat:0]]
[2024.05.18-07.05.53:903][  0]LogConfig: Setting CVar [[r.SkyAtmosphere.TransmittanceLUT.SampleCount:10.0]]
[2024.05.18-07.05.53:903][  0]LogConfig: Setting CVar [[r.SkyAtmosphere.MultiScatteringLUT.SampleCount:15.0]]
[2024.05.18-07.05.53:903][  0]LogConfig: Setting CVar [[r.SkyLight.RealTimeReflectionCapture:1]]
[2024.05.18-07.05.53:903][  0]LogConfig: Applying CVar settings from Section [FoliageQuality@3] File [C:/Users/alber/OneDrive/Documentos/Unreal Projects/MarioAnahuacOrdinario/MarioAnahuacOrdinario/Saved/Config/Windows/Scalability.ini]
[2024.05.18-07.05.53:903][  0]LogConfig: Setting CVar [[foliage.DensityScale:1.0]]
[2024.05.18-07.05.53:903][  0]LogConfig: Setting CVar [[grass.DensityScale:1.0]]
[2024.05.18-07.05.53:903][  0]LogConfig: Applying CVar settings from Section [ShadingQuality@3] File [C:/Users/alber/OneDrive/Documentos/Unreal Projects/MarioAnahuacOrdinario/MarioAnahuacOrdinario/Saved/Config/Windows/Scalability.ini]
[2024.05.18-07.05.53:903][  0]LogConfig: Setting CVar [[r.HairStrands.SkyLighting.IntegrationType:2]]
[2024.05.18-07.05.53:903][  0]LogConfig: Setting CVar [[r.HairStrands.SkyAO.SampleCount:4]]
[2024.05.18-07.05.53:903][  0]LogConfig: Setting CVar [[r.HairStrands.Visibility.MSAA.SamplePerPixel:4]]
[2024.05.18-07.05.53:903][  0]LogConfig: Applying CVar settings from Section [Startup] File [../../../Engine/Config/ConsoleVariables.ini]
[2024.05.18-07.05.53:904][  0]LogConfig: Setting CVar [[net.UseAdaptiveNetUpdateFrequency:0]]
[2024.05.18-07.05.53:904][  0]LogConfig: Setting CVar [[p.chaos.AllowCreatePhysxBodies:1]]
[2024.05.18-07.05.53:904][  0]LogConfig: Setting CVar [[fx.SkipVectorVMBackendOptimizations:1]]
[2024.05.18-07.05.53:904][  0]LogConfig: Applying CVar settings from Section [ConsoleVariables] File [C:/Users/alber/OneDrive/Documentos/Unreal Projects/MarioAnahuacOrdinario/MarioAnahuacOrdinario/Saved/Config/Windows/Engine.ini]
[2024.05.18-07.05.53:904][  0]LogConfig: Applying CVar settings from Section [ConsoleVariables] File [C:/Users/alber/OneDrive/Documentos/Unreal Projects/MarioAnahuacOrdinario/MarioAnahuacOrdinario/Saved/Config/Windows/Editor.ini]
[2024.05.18-07.05.53:905][  0]LogInit: Computer: LUISCERàN
[2024.05.18-07.05.53:905][  0]LogInit: User: alber
[2024.05.18-07.05.53:905][  0]LogInit: CPU Page size=4096, Cores=8
[2024.05.18-07.05.53:905][  0]LogInit: High frequency timer resolution =10.000000 MHz
[2024.05.18-07.05.53:905][  0]LogMemory: Memory total: Physical=15.2GB (16GB approx)
[2024.05.18-07.05.53:905][  0]LogMemory: Platform Memory Stats for Windows
[2024.05.18-07.05.53:905][  0]LogMemory: Process Physical Memory: 149.20 MB used, 149.20 MB peak
[2024.05.18-07.05.53:905][  0]LogMemory: Process Virtual Memory: 131.12 MB used, 131.12 MB peak
[2024.05.18-07.05.53:905][  0]LogMemory: Physical Memory: 15039.40 MB used,  514.96 MB free, 15554.36 MB total
[2024.05.18-07.05.53:905][  0]LogMemory: Virtual Memory: 134213080.00 MB used,  4649.93 MB free, 134217728.00 MB total
[2024.05.18-07.05.53:988][  0]LogWindows: WindowsPlatformFeatures enabled
[2024.05.18-07.05.54:154][  0]LogInit: Physics initialised using underlying interface: PhysX
[2024.05.18-07.05.54:158][  0]LogInit: Overriding language with editor language configuration option (en).
[2024.05.18-07.05.54:158][  0]LogInit: Using OS detected locale (es-MX).
[2024.05.18-07.05.54:744][  0]LogInit: Setting process to per monitor DPI aware
[2024.05.18-07.05.54:769][  0]LogWindowsTextInputMethodSystem: Display: IME system deactivated.
[2024.05.18-07.05.54:818][  0]LogSlate: New Slate User Created.  User Index 0, Is Virtual User: 0
[2024.05.18-07.05.54:818][  0]LogSlate: Slate User Registered.  User Index 0, Is Virtual User: 0
[2024.05.18-07.05.55:319][  0]LogD3D11RHI: Loaded GFSDK_Aftermath_Lib.x64.dll
[2024.05.18-07.05.55:399][  0]LogHMD: Failed to initialize OpenVR with code 110
[2024.05.18-07.05.55:399][  0]LogD3D11RHI: D3D11 min allowed feature level: 11_0
[2024.05.18-07.05.55:399][  0]LogD3D11RHI: D3D11 max allowed feature level: 11_0
[2024.05.18-07.05.55:399][  0]LogD3D11RHI: D3D11 adapters:
[2024.05.18-07.05.55:648][  0]LogD3D11RHI:    0. 'NVIDIA GeForce RTX 4060 Laptop GPU' (Feature Level 11_0)
[2024.05.18-07.05.55:648][  0]LogD3D11RHI:       7971/0/7777 MB DedicatedVideo/DedicatedSystem/SharedSystem, Outputs:1, VendorId:0x10de
[2024.05.18-07.05.55:779][  0]LogD3D11RHI:    1. 'AMD Radeon(TM) 780M' (Feature Level 11_0)
[2024.05.18-07.05.55:779][  0]LogD3D11RHI:       416/0/7777 MB DedicatedVideo/DedicatedSystem/SharedSystem, Outputs:0, VendorId:0x1002
[2024.05.18-07.05.55:782][  0]LogD3D11RHI:    2. 'Microsoft Basic Render Driver' (Feature Level 11_0)
[2024.05.18-07.05.55:782][  0]LogD3D11RHI:       0/0/7777 MB DedicatedVideo/DedicatedSystem/SharedSystem, Outputs:0, VendorId:0x1414
[2024.05.18-07.05.55:782][  0]LogD3D11RHI: Chosen D3D11 Adapter:
[2024.05.18-07.05.55:782][  0]LogD3D11RHI:     Description : NVIDIA GeForce RTX 4060 Laptop GPU
[2024.05.18-07.05.55:782][  0]LogD3D11RHI:     VendorId    : 10de
[2024.05.18-07.05.55:782][  0]LogD3D11RHI:     DeviceId    : 28e0
[2024.05.18-07.05.55:782][  0]LogD3D11RHI:     SubSysId    : 3c9317aa
[2024.05.18-07.05.55:782][  0]LogD3D11RHI:     Revision    : 00a1
[2024.05.18-07.05.55:783][  0]LogD3D11RHI:     DedicatedVideoMemory : 8358199296 bytes
[2024.05.18-07.05.55:783][  0]LogD3D11RHI:     DedicatedSystemMemory : 0 bytes
[2024.05.18-07.05.55:783][  0]LogD3D11RHI:     SharedSystemMemory : 8154966016 bytes
[2024.05.18-07.05.55:783][  0]LogD3D11RHI:     AdapterLuid : 0 74725
[2024.05.18-07.05.55:791][  0]LogD3D11RHI: Creating new Direct3DDevice
[2024.05.18-07.05.55:791][  0]LogD3D11RHI:     GPU DeviceId: 0x28e0 (for the marketing name, search the web for "GPU Device Id")
[2024.05.18-07.05.55:791][  0]LogWindows: EnumDisplayDevices:
[2024.05.18-07.05.55:793][  0]LogWindows:    0. 'AMD Radeon(TM) 780M' (P:1 D:1)
[2024.05.18-07.05.55:793][  0]LogWindows:    1. 'AMD Radeon(TM) 780M' (P:0 D:0)
[2024.05.18-07.05.55:793][  0]LogWindows:    2. 'AMD Radeon(TM) 780M' (P:0 D:0)
[2024.05.18-07.05.55:794][  0]LogWindows:    3. 'AMD Radeon(TM) 780M' (P:0 D:0)
[2024.05.18-07.05.55:794][  0]LogWindows:    4. 'NVIDIA GeForce RTX 4060 Laptop GPU' (P:0 D:0)
[2024.05.18-07.05.55:794][  0]LogWindows:    5. 'NVIDIA GeForce RTX 4060 Laptop GPU' (P:0 D:0)
[2024.05.18-07.05.55:794][  0]LogWindows:    6. 'NVIDIA GeForce RTX 4060 Laptop GPU' (P:0 D:0)
[2024.05.18-07.05.55:795][  0]LogWindows:    7. 'NVIDIA GeForce RTX 4060 Laptop GPU' (P:0 D:0)
[2024.05.18-07.05.55:795][  0]LogWindows: DebugString: PrimaryIsNotTheChoosenAdapter PrimaryIsNotTheChoosenAdapter PrimaryIsNotTheChoosenAdapter PrimaryIsNotTheChoosenAdapter FoundDriverCount:4 
[2024.05.18-07.05.55:795][  0]LogD3D11RHI:     Adapter Name: NVIDIA GeForce RTX 4060 Laptop GPU
[2024.05.18-07.05.55:795][  0]LogD3D11RHI:   Driver Version: 537.70 (internal:31.0.15.3770, unified:537.70)
[2024.05.18-07.05.55:795][  0]LogD3D11RHI:      Driver Date: 10-18-2023
[2024.05.18-07.05.55:795][  0]LogRHI: Texture pool is 5579 MB (70% of 7971 MB)
[2024.05.18-07.05.55:795][  0]LogD3D11RHI: Creating D3DDevice using adapter:
[2024.05.18-07.05.55:795][  0]LogD3D11RHI:     Description : NVIDIA GeForce RTX 4060 Laptop GPU
[2024.05.18-07.05.55:795][  0]LogD3D11RHI:     VendorId    : 10de
[2024.05.18-07.05.55:795][  0]LogD3D11RHI:     DeviceId    : 28e0
[2024.05.18-07.05.55:795][  0]LogD3D11RHI:     SubSysId    : 3c9317aa
[2024.05.18-07.05.55:795][  0]LogD3D11RHI:     Revision    : 00a1
[2024.05.18-07.05.55:795][  0]LogD3D11RHI:     DedicatedVideoMemory : 8358199296 bytes
[2024.05.18-07.05.55:795][  0]LogD3D11RHI:     DedicatedSystemMemory : 0 bytes
[2024.05.18-07.05.55:795][  0]LogD3D11RHI:     SharedSystemMemory : 8154966016 bytes
[2024.05.18-07.05.55:795][  0]LogD3D11RHI:     AdapterLuid : 0 74725
[2024.05.18-07.05.55:911][  0]LogD3D11RHI: RHI has support for 64 bit atomics
[2024.05.18-07.05.55:911][  0]LogD3D11RHI: Async texture creation enabled
[2024.05.18-07.05.55:911][  0]LogD3D11RHI: Array index from any shader is supported
[2024.05.18-07.05.55:958][  0]LogD3D11RHI: GPU Timing Frequency: 1000.000000 (Debug: 2 2)
[2024.05.18-07.05.56:007][  0]LogRHI: GeForceNow SDK initialized: 1
[2024.05.18-07.05.56:491][  0]LogTargetPlatformManager: Display: Loaded TargetPlatform 'AllDesktop'
[2024.05.18-07.05.56:522][  0]LogTargetPlatformManager: Display: Loaded TargetPlatform 'Android'
[2024.05.18-07.05.56:522][  0]LogTargetPlatformManager: Display: Loaded TargetPlatform 'Android_ASTC'
[2024.05.18-07.05.56:522][  0]LogTargetPlatformManager: Display: Loaded TargetPlatform 'Android_DXT'
[2024.05.18-07.05.56:522][  0]LogTargetPlatformManager: Display: Loaded TargetPlatform 'Android_ETC2'
[2024.05.18-07.05.56:522][  0]LogTargetPlatformManager: Display: Loaded TargetPlatform 'AndroidClient'
[2024.05.18-07.05.56:522][  0]LogTargetPlatformManager: Display: Loaded TargetPlatform 'Android_ASTCClient'
[2024.05.18-07.05.56:522][  0]LogTargetPlatformManager: Display: Loaded TargetPlatform 'Android_DXTClient'
[2024.05.18-07.05.56:522][  0]LogTargetPlatformManager: Display: Loaded TargetPlatform 'Android_ETC2Client'
[2024.05.18-07.05.56:522][  0]LogTargetPlatformManager: Display: Loaded TargetPlatform 'Android_Multi'
[2024.05.18-07.05.56:522][  0]LogTargetPlatformManager: Display: Loaded TargetPlatform 'Android_MultiClient'
[2024.05.18-07.05.56:551][  0]LogTargetPlatformManager: Display: Loaded TargetPlatform 'IOSClient'
[2024.05.18-07.05.56:551][  0]LogTargetPlatformManager: Display: Loaded TargetPlatform 'IOS'
[2024.05.18-07.05.56:566][  0]LogTargetPlatformManager: Display: Loaded TargetPlatform 'Linux'
[2024.05.18-07.05.56:574][  0]LogTargetPlatformManager: Display: Loaded TargetPlatform 'LinuxNoEditor'
[2024.05.18-07.05.56:582][  0]LogTargetPlatformManager: Display: Loaded TargetPlatform 'LinuxClient'
[2024.05.18-07.05.56:589][  0]LogTargetPlatformManager: Display: Loaded TargetPlatform 'LinuxServer'
[2024.05.18-07.05.56:604][  0]LogTargetPlatformManager: Display: Loaded TargetPlatform 'LinuxAArch64NoEditor'
[2024.05.18-07.05.56:611][  0]LogTargetPlatformManager: Display: Loaded TargetPlatform 'LinuxAArch64Client'
[2024.05.18-07.05.56:619][  0]LogTargetPlatformManager: Display: Loaded TargetPlatform 'LinuxAArch64Server'
[2024.05.18-07.05.56:646][  0]LogTargetPlatformManager: Display: Loaded TargetPlatform 'Lumin'
[2024.05.18-07.05.56:646][  0]LogTargetPlatformManager: Display: Loaded TargetPlatform 'LuminClient'
[2024.05.18-07.05.56:658][  0]LogTargetPlatformManager: Display: Loaded TargetPlatform 'MacNoEditor'
[2024.05.18-07.05.56:665][  0]LogTargetPlatformManager: Display: Loaded TargetPlatform 'Mac'
[2024.05.18-07.05.56:672][  0]LogTargetPlatformManager: Display: Loaded TargetPlatform 'MacClient'
[2024.05.18-07.05.56:679][  0]LogTargetPlatformManager: Display: Loaded TargetPlatform 'MacServer'
[2024.05.18-07.05.56:691][  0]LogTargetPlatformManager: Display: Loaded TargetPlatform 'TVOSClient'
[2024.05.18-07.05.56:691][  0]LogTargetPlatformManager: Display: Loaded TargetPlatform 'TVOS'
[2024.05.18-07.05.56:705][  0]LogTargetPlatformManager: Display: Loaded TargetPlatform 'WindowsNoEditor'
[2024.05.18-07.05.56:712][  0]LogTargetPlatformManager: Display: Loaded TargetPlatform 'Windows'
[2024.05.18-07.05.56:720][  0]LogTargetPlatformManager: Display: Loaded TargetPlatform 'WindowsClient'
[2024.05.18-07.05.56:729][  0]LogTargetPlatformManager: Display: Loaded TargetPlatform 'WindowsServer'
[2024.05.18-07.05.56:729][  0]LogTargetPlatformManager: Display: Building Assets For Windows
[2024.05.18-07.05.56:747][  0]LogAudioDebug: Display: Lib vorbis DLL was dynamically loaded.
[2024.05.18-07.05.56:823][  0]LogTextureFormatOodle: Display: Oodle Texture 2.9.0 init RDO Off
[2024.05.18-07.05.56:938][  0]LogRendererCore: Ray tracing is disabled. Reason: r.RayTracing=0.
[2024.05.18-07.05.56:941][  0]LogShaderCompilers: Guid format shader working directory is -63 characters bigger than the processId version (../../../../../../Users/alber/OneDrive/Documentos/Unreal Projects/MarioAnahuacOrdinario/MarioAnahuacOrdinario/Intermediate/Shaders/WorkingDirectory/2696/).
[2024.05.18-07.05.56:941][  0]LogShaderCompilers: Cleaned the shader compiler working directory 'C:/Users/alber/AppData/Local/Temp/UnrealShaderWorkingDir/DD12A1E44378E14FA770CF94ACE92421/'.
[2024.05.18-07.05.56:942][  0]LogXGEController: Cannot use XGE Controller as Incredibuild is not installed on this machine.
[2024.05.18-07.05.56:942][  0]LogShaderCompilers: Cannot use XGE Shader Compiler as Incredibuild is not installed on this machine.
[2024.05.18-07.05.56:942][  0]LogShaderCompilers: Display: Using Local Shader Compiler.
[2024.05.18-07.05.58:387][  0]LogDerivedDataCache: Display: Max Cache Size: 512 MB
[2024.05.18-07.05.58:489][  0]LogDerivedDataCache: Loaded boot cache 0.10s 94MB C:/Users/alber/AppData/Local/UnrealEngine/4.27/DerivedDataCache/Boot.ddc.
[2024.05.18-07.05.58:489][  0]LogDerivedDataCache: Display: Loaded Boot cache: C:/Users/alber/AppData/Local/UnrealEngine/4.27/DerivedDataCache/Boot.ddc
[2024.05.18-07.05.58:489][  0]LogDerivedDataCache: FDerivedDataBackendGraph:  Pak pak cache file ../../../../../../Users/alber/OneDrive/Documentos/Unreal Projects/MarioAnahuacOrdinario/MarioAnahuacOrdinario/DerivedDataCache/DDC.ddp not found, will not use a pak cache.
[2024.05.18-07.05.58:489][  0]LogDerivedDataCache: Unable to find inner node Pak for hierarchical cache Hierarchy.
[2024.05.18-07.05.58:489][  0]LogDerivedDataCache: FDerivedDataBackendGraph:  CompressedPak pak cache file ../../../../../../Users/alber/OneDrive/Documentos/Unreal Projects/MarioAnahuacOrdinario/MarioAnahuacOrdinario/DerivedDataCache/Compressed.ddp not found, will not use a pak cache.
[2024.05.18-07.05.58:489][  0]LogDerivedDataCache: Unable to find inner node CompressedPak for hierarchical cache Hierarchy.
[2024.05.18-07.05.58:521][  0]LogDerivedDataCache: Display: Pak cache opened for reading ../../../Engine/DerivedDataCache/Compressed.ddp.
[2024.05.18-07.05.58:521][  0]LogDerivedDataCache: FDerivedDataBackendGraph:  EnterprisePak pak cache file ../../../Enterprise/DerivedDataCache/Compressed.ddp not found, will not use a pak cache.
[2024.05.18-07.05.58:521][  0]LogDerivedDataCache: Unable to find inner node EnterprisePak for hierarchical cache Hierarchy.
[2024.05.18-07.05.58:538][  0]LogDerivedDataCache: Speed tests for C:/Users/alber/AppData/Local/UnrealEngine/Common/DerivedDataCache took 0.02 seconds
[2024.05.18-07.05.58:538][  0]LogDerivedDataCache: Display: Performance to C:/Users/alber/AppData/Local/UnrealEngine/Common/DerivedDataCache: Latency=0.25ms. RandomReadSpeed=139.00MBs, RandomWriteSpeed=135.84MBs. Assigned SpeedClass 'Local'
[2024.05.18-07.05.58:539][  0]LogDerivedDataCache: Using Local data cache path C:/Users/alber/AppData/Local/UnrealEngine/Common/DerivedDataCache: Writable
[2024.05.18-07.05.58:539][  0]LogDerivedDataCache: Shared data cache path not found in *engine.ini, will not use an Shared cache.
[2024.05.18-07.05.58:539][  0]LogDerivedDataCache: Unable to find inner node Shared for hierarchical cache Hierarchy.
[2024.05.18-07.05.58:614][  0]LogSlate: Using FreeType 2.10.0
[2024.05.18-07.05.58:617][  0]LogSlate: SlateFontServices - WITH_FREETYPE: 1, WITH_HARFBUZZ: 1
[2024.05.18-07.05.58:664][  0]LogAssetRegistry: FAssetRegistry took 0.0045 seconds to start up
[2024.05.18-07.05.59:260][  0]LogInit: Selected Device Profile: [Windows]
[2024.05.18-07.05.59:260][  0]LogInit: Active device profile: [000002A897B76B00][000002A883631400 49] Windows
[2024.05.18-07.05.59:260][  0]LogInit: Profiles: [000002A897B76B00][000002A883631400 49] Windows, [000002A897B19B00][000002A8836356C0 49] WindowsNoEditor, [000002A897B74700][000002A883639980 49] WindowsServer, [000002A897B1A600][000002A88363C0C0 49] WindowsClient, [000002A897B75700][000002A883640380 49] IOS, [000002A897B1AC00][000002A883644640 49] iPadAir, [000002A897B75200][000002A883648900 49] iPadAir2, [000002A897AD9400][000002A88365CE40 49] IPadPro, [000002A897AD9500][000002A88364CE80 49] iPadAir3, [000002A897B1A000][000002A88362D100 49] iPadAir4, [000002A897ADA400][000002A883655380 49] iPadMini2, [000002A897B18300][000002A883659640 49] iPadMini3, [000002A897ADAF00][000002A8975E3900 49] iPadMini4, [000002A897B19500][000002A8975E7BC0 49] iPadMini5, [000002A897AF5100][000002A8975FA580 49] iPhone6, [000002A897AF5200][000002A8975EA5C0 49] iPodTouch6, [000002A897B76A00][000002A897602B00 49] iPhone7, [000002A897B76700][000002A8975F2B40 49] iPodTouch7, [000002A897ADAB00][000002A8975F6E00 49] iPhone5S, [000002A897B76400][000002A8975EF0C0 49] iPhone6Plus, [000002A897B76800][000002A883651340 49] iPhone6S, [000002A897AF4100][000002A8975FF5C0 49] iPhone6SPlus, [000002A897B75B00][000002A89760B880 49] iPhone7Plus, [000002A897AF5800][000002A89760FB40 49] iPhoneSE, [000002A897ADA600][000002A897612280 49] iPhone8, [000002A897AF4800][000002A897616540 49] iPhone8Plus, [000002A897ADB300][000002A89761A800 49] iPhoneX, [000002A897AF5300][000002A89761EAC0 49] iPhoneXS, [000002A897ADB000][000002A897622D80 49] iPhoneXSMax, [000002A897AF4E00][000002A897627040 49] iPhoneXR, [000002A897ADAC00][000002A89762B300 49] iPhone11, [000002A897AF5F00][000002A897607580 49] iPhone11Pro, [000002A897ADBD00][000002A897633840 49] iPhone11ProMax, [000002A897AF7800][000002A897637B00 49] iPhoneSE2, [000002A897ADA300][000002A89763A240 49] iPhone12Mini, [000002A897AF6700][000002A89763E500 49] iPhone12, [000002A897ADBF00][000002A8976427C0 49] iPhone12Pro, [000002A897AF7600][000002A897646A80 49] iPhone12ProMax, [000002A897AD9E00][000002A89764AD40 49] iPadPro105, [000002A897AF6900][000002A89764F000 49] iPadPro129, [000002A897AD9000][000002A8976532C0 49] iPadPro97, [000002A897AF4700][000002A89762F540 49] iPadPro2_129, [000002A897AD8800][000002A8976577C0 49] iPad5, [000002A897AF4600][000002A89765FA80 49] iPad6, [000002A897ADAE00][000002A8976621C0 49] iPad7, [000002A897AF5C00][000002A897666480 49] iPad8, [000002A897ADB500][000002A89766A740 49] iPadPro11, [000002A897AF7F00][000002A89766EA00 49] iPadPro2_11, [000002A897ADAD00][000002A897672CC0 49] iPadPro3_129, [000002A897AF4200][000002A897676F80 49] iPadPro4_129, [000002A897ADBA00][000002A89767B240 49] AppleTV, [000002A897AF6100][000002A89767F500 49] AppleTV4K, [000002A897AD8C00][000002A89765B780 49] TVOS, [000002A897AF6F00][000002A897683A00 49] Mac, [000002A897AD8A00][000002A89768A140 49] MacClient, [000002A897AF7000][000002A89768E400 49] MacNoEditor, [000002A897ADA800][000002A8976926C0 49] MacServer, [000002A897AF5000][000002A897696980 49] Linux, [000002A897AD8100][000002A89769AC40 49] LinuxAArch64, [000002A897AF7B00][000002A89769EF00 49] LinuxNoEditor, [000002A897AD9300][000002A8976A31C0 49] LinuxAArch64NoEditor, [000002A897AF6E00][000002A8976A7480 49] LinuxClient, [000002A897ADA000][000002A8976AB740 49] LinuxAArch64Client, [000002A897AF7100][000002A8976879C0 49] LinuxServer, [000002A897AD8500][000002A8976AE0C0 49] LinuxAArch64Server, [000002A897AF5500][000002A8976B6380 49] Android, [000002A897ADAA00][000002A8976BA640 49] Android_Low, [000002A897AF7900][000002A8976BE900 49] Android_Mid, [000002A897AD9B00][000002A8976C2BC0 49] Android_High, [000002A897AF7E00][000002A8976C6E80 49] Android_Default, [000002A897ADA700][000002A8976CB140 49] Android_Adreno4xx, [000002A897AF6D00][000002A8976CF400 49] Android_Adreno5xx_Low, [000002A897AD8600][000002A8976D36C0 49] Android_Adreno5xx, [000002A897AF4500][000002A8976D7980 49] Android_Adreno6xx, [000002A897AD9800][000002A8976B3C00 49] Android_Adreno6xx_Vulkan, [000002A897AF5E00][000002A8976DA300 49] Android_Mali_T6xx, [000002A897AD9200][000002A8976E25C0 49] Android_Mali_T7xx, [000002A897AF6C00][000002A8976E6880 49] Android_Mali_T8xx, [000002A897AD8E00][000002A8976EAB40 49] Android_Mali_G71, [000002A897B75900][000002A8976EEE00 49] Android_Mali_G72, [000002A897B1BD00][000002A8976F30C0 49] Android_Mali_G72_Vulkan, [000002A897B74500][000002A8976F7380 49] Android_Mali_G76, [000002A897B18600][000002A8976FB640 49] Android_Mali_G76_Vulkan, [000002A897B77400][000002A8976FF900 49] Android_Mali_G77, [000002A897B18F00][000002A897703BC0 49] Android_Mali_G77_Vulkan, [000002A897B74800][000002A8976DE2C0 49] Android_Mali_G78, [000002A897B19600][000002A897706540 49] Android_Mali_G78_Vulkan, [000002A897B75F00][000002A89770E800 49] Android_Mali_G710, [000002A897B1B400][000002A897712AC0 49] Android_Mali_G710_Vulkan, [000002A897B76600][000002A897716D80 49] Android_Vulkan_SM5, [000002A897B18A00][000002A89771B040 49] Android_PowerVR_G6xxx, [000002A897B76E00][000002A89771F300 49] Android_PowerVR_GT7xxx, [000002A897B1AF00][000002A8977235C0 49] Android_PowerVR_GE8xxx, [000002A897B75E00][000002A897727880 49] Android_PowerVR_GM9xxx, [000002A897B1B500][000002A89772BB40 49] Android_PowerVR_GM9xxx_Vulkan, [000002A897B74900][000002A89772E280 49] Android_TegraK1, [000002A897B1A700][000002A89770A500 49] Android_Unknown_Vulkan, [000002A897B77000][000002A897732780 49] Lumin, [000002A897B18700][000002A89773AA40 49] Lumin_Desktop, [000002A897B77800][000002A89773ED00 49] HoloLens, 
[2024.05.18-07.05.59:674][  0]LogMeshReduction: Using QuadricMeshReduction for automatic static mesh reduction
[2024.05.18-07.05.59:674][  0]LogMeshReduction: Using SimplygonMeshReduction for automatic skeletal mesh reduction
[2024.05.18-07.05.59:674][  0]LogMeshReduction: Using ProxyLODMeshReduction for automatic mesh merging
[2024.05.18-07.05.59:674][  0]LogMeshReduction: No distributed automatic mesh merging module available
[2024.05.18-07.05.59:675][  0]LogMeshMerging: No distributed automatic mesh merging module available
[2024.05.18-07.05.59:719][  0]LogNetVersion: MarioAnahuac 1.0.0, NetCL: 17155196, EngineNetVer: 17, GameNetVer: 0 (Checksum: 2040080247)
[2024.05.18-07.06.00:732][  0]LogTexture: Default maximum texture size for cubemaps generated from long-lat sources has been changed from 512 to unlimited. In order to preserve old behaiour for '/Engine/MapTemplates/Sky/DaylightAmbientCubemap.DaylightAmbientCubemap', its maximum texture size has been explicitly set to 512.
[2024.05.18-07.06.00:872][  0]LogHMD: PokeAHoleMaterial loaded successfully
[2024.05.18-07.06.00:886][  0]LogUObjectArray: 17178 objects as part of root set at end of initial load.
[2024.05.18-07.06.00:886][  0]LogUObjectAllocator: 4302048 out of 0 bytes used by permanent object pool.
[2024.05.18-07.06.00:886][  0]LogUObjectArray: CloseDisregardForGC: 0/0 objects in disregard for GC pool
[2024.05.18-07.06.01:427][  0]LogNiagaraDebuggerClient: Niagara Debugger Client Initialized | Session: 1827481B4537F0D4F08D75A40A61E3F4 | Instance: 3017A95E4D2309F1B51E48890D94C789 (LUISCERàN-2696).
[2024.05.18-07.06.01:579][  0]LogPython: Using Python 3.7.7
[2024.05.18-07.06.03:158][  0]LogTcpMessaging: Initializing TcpMessaging bridge
[2024.05.18-07.06.03:171][  0]LogUdpMessaging: Initializing bridge on interface 0.0.0.0:0 to multicast group 230.0.0.1:6666.
[2024.05.18-07.06.04:082][  0]LogOpenImageDenoise: OIDN starting up
[2024.05.18-07.06.04:132][  0]SourceControl: Source control is disabled
[2024.05.18-07.06.04:132][  0]SourceControl: Source control is disabled
[2024.05.18-07.06.04:142][  0]SourceControl: Source control is disabled
[2024.05.18-07.06.04:161][  0]SourceControl: Source control is disabled
[2024.05.18-07.06.04:169][  0]LogUProjectInfo: Found projects:
[2024.05.18-07.06.04:176][  0]LogVSAccessor: Display: Unable to create Visual Studio setup instance: 80040154
[2024.05.18-07.06.04:177][  0]LogVSAccessor: Display: Unable to create Visual Studio setup instance: 80040154
[2024.05.18-07.06.04:177][  0]LogVSAccessor: Display: Unable to create Visual Studio setup instance: 80040154
[2024.05.18-07.06.04:194][  0]SourceControl: Source control is disabled
[2024.05.18-07.06.04:465][  0]LogAudioCaptureCore: Display: No Audio Capture implementations found. Audio input will be silent.
[2024.05.18-07.06.04:465][  0]LogAudioCaptureCore: Display: No Audio Capture implementations found. Audio input will be silent.
[2024.05.18-07.06.04:483][  0]LogAndroidPermission: UAndroidPermissionCallbackProxy::GetInstance
[2024.05.18-07.06.04:914][  0]LogCollectionManager: Loaded 0 collections in 0.003682 seconds
[2024.05.18-07.06.04:977][  0]LogFileCache: Scanning file cache for directory 'C:/Users/alber/OneDrive/Documentos/Unreal Projects/MarioAnahuacOrdinario/MarioAnahuacOrdinario/Saved/Collections/' took 0.00s
[2024.05.18-07.06.04:977][  0]LogFileCache: Scanning file cache for directory 'C:/Users/alber/OneDrive/Documentos/Unreal Projects/MarioAnahuacOrdinario/MarioAnahuacOrdinario/Content/Developers/alber/Collections/' took 0.00s
[2024.05.18-07.06.04:977][  0]LogFileCache: Scanning file cache for directory 'C:/Users/alber/OneDrive/Documentos/Unreal Projects/MarioAnahuacOrdinario/MarioAnahuacOrdinario/Content/Collections/' took 0.00s
[2024.05.18-07.06.04:977][  0]LogOcInput: OculusInput pre-init called
[2024.05.18-07.06.05:543][  0]LogEngine: Initializing Engine...
[2024.05.18-07.06.05:558][  0]LogHMD: Failed to enumerate extensions. Please check that you have a valid OpenXR runtime installed.
[2024.05.18-07.06.05:559][  0]LogHMD: Failed to initialize OpenVR with code 110
[2024.05.18-07.06.05:559][  0]LogMagicLeap: Warning: VR disabled because ZI is not enabled.  To enable, in the editor, Edit -> Project Settings -> Plugins -> Magic Leap Plugin -> Enable Zero Iteration
[2024.05.18-07.06.05:564][  0]LogStats: UGameplayTagsManager::InitializeManager -  0.002 s
[2024.05.18-07.06.05:994][  0]LogInit: Initializing FReadOnlyCVARCache
[2024.05.18-07.06.06:025][  0]LogAIModule: Creating AISystem for world Untitled
[2024.05.18-07.06.06:027][  0]LogAudio: Display: Initializing Audio Device Manager...
[2024.05.18-07.06.06:037][  0]LogAudio: Display: Loading Default Audio Settings Objects...
[2024.05.18-07.06.06:038][  0]LogAudio: Display: No default SoundConcurrencyObject specified (or failed to load).
[2024.05.18-07.06.06:041][  0]LogAudio: Display: Audio Device Manager Initialized
[2024.05.18-07.06.06:041][  0]LogAudio: Display: Creating Audio Device:                 Id: 1, Scope: Shared, Realtime: True
[2024.05.18-07.06.06:041][  0]LogAudioMixer: Display: Audio Mixer Platform Settings:
[2024.05.18-07.06.06:041][  0]LogAudioMixer: Display: 	Sample Rate:						  48000
[2024.05.18-07.06.06:041][  0]LogAudioMixer: Display: 	Callback Buffer Frame Size Requested: 1024
[2024.05.18-07.06.06:041][  0]LogAudioMixer: Display: 	Callback Buffer Frame Size To Use:	  1024
[2024.05.18-07.06.06:041][  0]LogAudioMixer: Display: 	Number of buffers to queue:			  2
[2024.05.18-07.06.06:041][  0]LogAudioMixer: Display: 	Max Channels (voices):				  32
[2024.05.18-07.06.06:041][  0]LogAudioMixer: Display: 	Number of Async Source Workers:		  0
[2024.05.18-07.06.06:041][  0]LogAudio: Display: AudioDevice MaxSources: 32
[2024.05.18-07.06.06:042][  0]LogAudio: Display: Audio Spatialization Plugin: None (built-in).
[2024.05.18-07.06.06:042][  0]LogAudio: Display: Audio Reverb Plugin: None (built-in).
[2024.05.18-07.06.06:042][  0]LogAudio: Display: Audio Occlusion Plugin: None (built-in).
[2024.05.18-07.06.06:042][  0]LogAudioMixer: Display: Initializing audio mixer.
[2024.05.18-07.06.06:164][  0]LogAudioMixer: Display: 0: FrontLeft
[2024.05.18-07.06.06:165][  0]LogAudioMixer: Display: 1: FrontRight
[2024.05.18-07.06.06:261][  0]LogAudioMixer: Display: Using Audio Device Altavoces (Realtek(R) Audio)
[2024.05.18-07.06.06:263][  0]LogAudioMixer: Display: Initializing Sound Submixes...
[2024.05.18-07.06.06:272][  0]LogAudioMixer: Display: Creating Master Submix 'MasterSubmixDefault'
[2024.05.18-07.06.06:272][  0]LogAudioMixer: Display: Creating Master Submix 'MasterReverbSubmixDefault'
[2024.05.18-07.06.06:274][  0]LogAudioMixer: Display: Creating Master Submix 'MasterEQSubmixDefault'
[2024.05.18-07.06.06:274][  0]LogAudioMixer: FMixerPlatformXAudio2::StartAudioStream() called
[2024.05.18-07.06.06:274][  0]LogAudioMixer: Display: Output buffers initialized: Frames=1024, Channels=2, Samples=2048
[2024.05.18-07.06.06:276][  0]LogAudioMixer: Display: Starting AudioMixerPlatformInterface::RunInternal()
[2024.05.18-07.06.06:276][  0]LogAudioMixer: Display: FMixerPlatformXAudio2::SubmitBuffer() called for the first time
[2024.05.18-07.06.06:276][  0]LogInit: FAudioDevice initialized.
[2024.05.18-07.06.06:277][  0]LogAudio: Display: Audio Device (ID: 1) registered with world 'Untitled'.
[2024.05.18-07.06.06:277][  0]LogNetVersion: Set ProjectVersion to 1.0.0.0. Version Checksum will be recalculated on next use.
[2024.05.18-07.06.06:412][  0]LogDerivedDataCache: Saved boot cache 0.13s 94MB C:/Users/alber/AppData/Local/UnrealEngine/4.27/DerivedDataCache/Boot.ddc.
[2024.05.18-07.06.06:416][  0]LogInit: Texture streaming: Enabled
[2024.05.18-07.06.06:460][  0]LogAnalytics: Display: [UEEditor.Rocket.Release] APIServer = https://datarouter.ol.epicgames.com/. AppVersion = 4.27.2-18319896+++UE4+Release-4.27
[2024.05.18-07.06.06:475][  0]LogEngineSessionManager: EngineSessionManager initialized
[2024.05.18-07.06.06:475][  0]LogEditorSessionSummary: Verbose: Initializing EditorSessionSummaryWriter for editor session tracking
[2024.05.18-07.06.06:487][  0]LogEditorSessionSummary: EditorSessionSummaryWriter initialized
[2024.05.18-07.06.06:559][  0]LogInit: Transaction tracking system initialized
[2024.05.18-07.06.06:633][  0]BlueprintLog: New page: Editor Load
[2024.05.18-07.06.06:857][  0]LocalizationService: Localization service is disabled
[2024.05.18-07.06.06:940][  0]TimingProfiler: Initialize
[2024.05.18-07.06.06:942][  0]TimingProfiler: OnSessionChanged
[2024.05.18-07.06.06:942][  0]LoadingProfiler: Initialize
[2024.05.18-07.06.06:943][  0]LoadingProfiler: OnSessionChanged
[2024.05.18-07.06.06:943][  0]NetworkingProfiler: Initialize
[2024.05.18-07.06.06:944][  0]NetworkingProfiler: OnSessionChanged
[2024.05.18-07.06.06:944][  0]MemoryProfiler: Initialize
[2024.05.18-07.06.06:944][  0]MemoryProfiler: OnSessionChanged
[2024.05.18-07.06.07:114][  0]LogVSAccessor: Display: Unable to create Visual Studio setup instance: 80040154
[2024.05.18-07.06.07:115][  0]LogVSAccessor: Display: Unable to create Visual Studio setup instance: 80040154
[2024.05.18-07.06.07:116][  0]LogVSAccessor: Display: Unable to create Visual Studio setup instance: 80040154
[2024.05.18-07.06.07:335][  0]LogCook: Display: CookSettings for Memory: MemoryMaxUsedVirtual 0MiB, MemoryMaxUsedPhysical 16384MiB, MemoryMinFreeVirtual 0MiB, MemoryMinFreePhysical 1024MiB
[2024.05.18-07.06.07:336][  0]LogCook: Display: Mobile HDR setting 1
[2024.05.18-07.06.07:857][  0]LogFileCache: Scanning file cache for directory 'C:/Users/alber/OneDrive/Documentos/Unreal Projects/MarioAnahuacOrdinario/MarioAnahuacOrdinario/Content/' took 0.09s
[2024.05.18-07.06.08:101][  0]LogInit: Display: Engine is initialized. Leaving FEngineLoop::Init()
[2024.05.18-07.06.08:114][  0]SourceControl: Source control is disabled
[2024.05.18-07.06.08:115][  0]LogUnrealEdMisc: Loading editor; pre map load, took 19.058
[2024.05.18-07.06.08:117][  0]Cmd: MAP LOAD FILE="../../../../../../Users/alber/OneDrive/Documentos/Unreal Projects/MarioAnahuacOrdinario/MarioAnahuacOrdinario/Content/Niveles/Nivel-1.umap" TEMPLATE=0 SHOWPROGRESS=1 FEATURELEVEL=3
[2024.05.18-07.06.08:118][  0]LightingResults: New page: Lighting Build
[2024.05.18-07.06.08:123][  0]LogWorld: UWorld::CleanupWorld for Untitled, bSessionEnded=true, bCleanupResources=true
[2024.05.18-07.06.08:123][  0]LogSlate: InvalidateAllWidgets triggered.  All widgets were invalidated
[2024.05.18-07.06.08:123][  0]MapCheck: New page: Map Check
[2024.05.18-07.06.08:123][  0]LightingResults: New page: Lighting Build
[2024.05.18-07.06.08:127][  0]LogAudio: Display: Audio Device unregistered from world 'None'.
[2024.05.18-07.06.08:132][  0]LogUObjectHash: Compacting FUObjectHashTables data took   1.04ms
[2024.05.18-07.06.09:079][  0]LogAudio: Display: Audio Device (ID: 1) registered with world 'Nivel-1'.
[2024.05.18-07.06.09:080][  0]LogAIModule: Creating AISystem for world Nivel-1
[2024.05.18-07.06.09:214][  0]LogEditorServer: Finished looking for orphan Actors (0.000 secs)
[2024.05.18-07.06.09:263][  0]LogUObjectHash: Compacting FUObjectHashTables data took   1.63ms
[2024.05.18-07.06.09:264][  0]Cmd: MAP CHECKDEP NOCLEARLOG
[2024.05.18-07.06.09:265][  0]MapCheck: Map check complete: 0 Error(s), 0 Warning(s), took 0.269ms to complete.
[2024.05.18-07.06.09:265][  0]LogFileHelpers: Loading map 'Nivel-1' took 1.149
[2024.05.18-07.06.09:317][  0]LogUnrealEdMisc: Total Editor Startup Time, took 20.260
[2024.05.18-07.06.09:464][  0]LogSlate: Updating window title bar state: overlay mode, drag disabled, window buttons hidden, title bar hidden
[2024.05.18-07.06.09:473][  0]LogSlate: Updating window title bar state: overlay mode, drag disabled, window buttons hidden, title bar hidden
[2024.05.18-07.06.09:483][  0]LogSlate: Updating window title bar state: overlay mode, drag disabled, window buttons hidden, title bar hidden
[2024.05.18-07.06.09:493][  0]LogSlate: Updating window title bar state: overlay mode, drag disabled, window buttons hidden, title bar hidden
[2024.05.18-07.06.09:525][  0]LogNativeClassHierarchy: Verbose: Native class hierarchy populated in 0.0148 seconds. Added 3822 classes and 928 folders.
[2024.05.18-07.06.09:536][  0]LogNativeClassHierarchy: Verbose: Native class hierarchy updated for 'WidgetCarousel' in 0.0004 seconds. Added 0 classes and 0 folders.
[2024.05.18-07.06.09:544][  0]LogPakFile: PakFile PrimaryIndexSize=187
[2024.05.18-07.06.09:544][  0]LogPakFile: PakFile PathHashIndexSize=101
[2024.05.18-07.06.09:544][  0]LogPakFile: PakFile FullDirectoryIndexSize=148
[2024.05.18-07.06.09:545][  0]LogShaderLibrary: Display: ShaderCodeLibraryPakFileMountedCallback: PakFile 'C:/Program Files/Epic Games/UE_4.27/FeaturePacks/FP_FirstPerson.upack' (chunk index -1, root 'root:/') mounted
[2024.05.18-07.06.09:545][  0]LogShaderLibrary: Display: ShaderCodeLibraryPakFileMountedCallback: pending pak file info (ChunkID:-1 Root:root:/ File:C:/Program Files/Epic Games/UE_4.27/FeaturePacks/FP_FirstPerson.upack)
[2024.05.18-07.06.09:545][  0]LogPakFile: OnPakFileMounted2Time == 0.001159
[2024.05.18-07.06.09:551][  0]LogPakFile: PakFile PrimaryIndexSize=189
[2024.05.18-07.06.09:551][  0]LogPakFile: PakFile PathHashIndexSize=101
[2024.05.18-07.06.09:551][  0]LogPakFile: PakFile FullDirectoryIndexSize=152
[2024.05.18-07.06.09:551][  0]LogShaderLibrary: Display: ShaderCodeLibraryPakFileMountedCallback: PakFile 'C:/Program Files/Epic Games/UE_4.27/FeaturePacks/FP_FirstPersonBP.upack' (chunk index -1, root 'root:/') mounted
[2024.05.18-07.06.09:552][  0]LogShaderLibrary: Display: ShaderCodeLibraryPakFileMountedCallback: pending pak file info (ChunkID:-1 Root:root:/ File:C:/Program Files/Epic Games/UE_4.27/FeaturePacks/FP_FirstPersonBP.upack)
[2024.05.18-07.06.09:552][  0]LogPakFile: OnPakFileMounted2Time == 0.000445
[2024.05.18-07.06.09:554][  0]LogPakFile: PakFile PrimaryIndexSize=191
[2024.05.18-07.06.09:554][  0]LogPakFile: PakFile PathHashIndexSize=101
[2024.05.18-07.06.09:554][  0]LogPakFile: PakFile FullDirectoryIndexSize=160
[2024.05.18-07.06.09:554][  0]LogShaderLibrary: Display: ShaderCodeLibraryPakFileMountedCallback: PakFile 'C:/Program Files/Epic Games/UE_4.27/FeaturePacks/MobileStarterContent.upack' (chunk index -1, root 'root:/') mounted
[2024.05.18-07.06.09:554][  0]LogShaderLibrary: Display: ShaderCodeLibraryPakFileMountedCallback: pending pak file info (ChunkID:-1 Root:root:/ File:C:/Program Files/Epic Games/UE_4.27/FeaturePacks/MobileStarterContent.upack)
[2024.05.18-07.06.09:554][  0]LogPakFile: OnPakFileMounted2Time == 0.000052
[2024.05.18-07.06.09:556][  0]LogPakFile: PakFile PrimaryIndexSize=185
[2024.05.18-07.06.09:556][  0]LogPakFile: PakFile PathHashIndexSize=101
[2024.05.18-07.06.09:556][  0]LogPakFile: PakFile FullDirectoryIndexSize=148
[2024.05.18-07.06.09:556][  0]LogShaderLibrary: Display: ShaderCodeLibraryPakFileMountedCallback: PakFile 'C:/Program Files/Epic Games/UE_4.27/FeaturePacks/StarterContent.upack' (chunk index -1, root 'root:/') mounted
[2024.05.18-07.06.09:556][  0]LogShaderLibrary: Display: ShaderCodeLibraryPakFileMountedCallback: pending pak file info (ChunkID:-1 Root:root:/ File:C:/Program Files/Epic Games/UE_4.27/FeaturePacks/StarterContent.upack)
[2024.05.18-07.06.09:556][  0]LogPakFile: OnPakFileMounted2Time == 0.000051
[2024.05.18-07.06.09:559][  0]LogPakFile: PakFile PrimaryIndexSize=190
[2024.05.18-07.06.09:559][  0]LogPakFile: PakFile PathHashIndexSize=101
[2024.05.18-07.06.09:559][  0]LogPakFile: PakFile FullDirectoryIndexSize=154
[2024.05.18-07.06.09:559][  0]LogShaderLibrary: Display: ShaderCodeLibraryPakFileMountedCallback: PakFile 'C:/Program Files/Epic Games/UE_4.27/FeaturePacks/TP_2DSideScroller.upack' (chunk index -1, root 'root:/') mounted
[2024.05.18-07.06.09:559][  0]LogShaderLibrary: Display: ShaderCodeLibraryPakFileMountedCallback: pending pak file info (ChunkID:-1 Root:root:/ File:C:/Program Files/Epic Games/UE_4.27/FeaturePacks/TP_2DSideScroller.upack)
[2024.05.18-07.06.09:559][  0]LogPakFile: OnPakFileMounted2Time == 0.000055
[2024.05.18-07.06.09:561][  0]LogPakFile: PakFile PrimaryIndexSize=192
[2024.05.18-07.06.09:561][  0]LogPakFile: PakFile PathHashIndexSize=101
[2024.05.18-07.06.09:561][  0]LogPakFile: PakFile FullDirectoryIndexSize=158
[2024.05.18-07.06.09:561][  0]LogShaderLibrary: Display: ShaderCodeLibraryPakFileMountedCallback: PakFile 'C:/Program Files/Epic Games/UE_4.27/FeaturePacks/TP_2DSideScrollerBP.upack' (chunk index -1, root 'root:/') mounted
[2024.05.18-07.06.09:561][  0]LogShaderLibrary: Display: ShaderCodeLibraryPakFileMountedCallback: pending pak file info (ChunkID:-1 Root:root:/ File:C:/Program Files/Epic Games/UE_4.27/FeaturePacks/TP_2DSideScrollerBP.upack)
[2024.05.18-07.06.09:561][  0]LogPakFile: OnPakFileMounted2Time == 0.000053
[2024.05.18-07.06.09:563][  0]LogPakFile: PakFile PrimaryIndexSize=182
[2024.05.18-07.06.09:563][  0]LogPakFile: PakFile PathHashIndexSize=101
[2024.05.18-07.06.09:563][  0]LogPakFile: PakFile FullDirectoryIndexSize=138
[2024.05.18-07.06.09:563][  0]LogShaderLibrary: Display: ShaderCodeLibraryPakFileMountedCallback: PakFile 'C:/Program Files/Epic Games/UE_4.27/FeaturePacks/TP_Flying.upack' (chunk index -1, root 'root:/') mounted
[2024.05.18-07.06.09:564][  0]LogShaderLibrary: Display: ShaderCodeLibraryPakFileMountedCallback: pending pak file info (ChunkID:-1 Root:root:/ File:C:/Program Files/Epic Games/UE_4.27/FeaturePacks/TP_Flying.upack)
[2024.05.18-07.06.09:564][  0]LogPakFile: OnPakFileMounted2Time == 0.000064
[2024.05.18-07.06.09:566][  0]LogPakFile: PakFile PrimaryIndexSize=184
[2024.05.18-07.06.09:566][  0]LogPakFile: PakFile PathHashIndexSize=101
[2024.05.18-07.06.09:566][  0]LogPakFile: PakFile FullDirectoryIndexSize=142
[2024.05.18-07.06.09:566][  0]LogShaderLibrary: Display: ShaderCodeLibraryPakFileMountedCallback: PakFile 'C:/Program Files/Epic Games/UE_4.27/FeaturePacks/TP_FlyingBP.upack' (chunk index -1, root 'root:/') mounted
[2024.05.18-07.06.09:566][  0]LogShaderLibrary: Display: ShaderCodeLibraryPakFileMountedCallback: pending pak file info (ChunkID:-1 Root:root:/ File:C:/Program Files/Epic Games/UE_4.27/FeaturePacks/TP_FlyingBP.upack)
[2024.05.18-07.06.09:566][  0]LogPakFile: OnPakFileMounted2Time == 0.000058
[2024.05.18-07.06.09:569][  0]LogPakFile: PakFile PrimaryIndexSize=188
[2024.05.18-07.06.09:569][  0]LogPakFile: PakFile PathHashIndexSize=101
[2024.05.18-07.06.09:569][  0]LogPakFile: PakFile FullDirectoryIndexSize=150
[2024.05.18-07.06.09:569][  0]LogShaderLibrary: Display: ShaderCodeLibraryPakFileMountedCallback: PakFile 'C:/Program Files/Epic Games/UE_4.27/FeaturePacks/TP_HandheldARBP.upack' (chunk index -1, root 'root:/') mounted
[2024.05.18-07.06.09:569][  0]LogShaderLibrary: Display: ShaderCodeLibraryPakFileMountedCallback: pending pak file info (ChunkID:-1 Root:root:/ File:C:/Program Files/Epic Games/UE_4.27/FeaturePacks/TP_HandheldARBP.upack)
[2024.05.18-07.06.09:569][  0]LogPakFile: OnPakFileMounted2Time == 0.000055
[2024.05.18-07.06.09:573][  0]LogPakFile: PakFile PrimaryIndexSize=182
[2024.05.18-07.06.09:573][  0]LogPakFile: PakFile PathHashIndexSize=101
[2024.05.18-07.06.09:573][  0]LogPakFile: PakFile FullDirectoryIndexSize=138
[2024.05.18-07.06.09:573][  0]LogShaderLibrary: Display: ShaderCodeLibraryPakFileMountedCallback: PakFile 'C:/Program Files/Epic Games/UE_4.27/FeaturePacks/TP_Puzzle.upack' (chunk index -1, root 'root:/') mounted
[2024.05.18-07.06.09:573][  0]LogShaderLibrary: Display: ShaderCodeLibraryPakFileMountedCallback: pending pak file info (ChunkID:-1 Root:root:/ File:C:/Program Files/Epic Games/UE_4.27/FeaturePacks/TP_Puzzle.upack)
[2024.05.18-07.06.09:573][  0]LogPakFile: OnPakFileMounted2Time == 0.000053
[2024.05.18-07.06.09:575][  0]LogPakFile: PakFile PrimaryIndexSize=184
[2024.05.18-07.06.09:575][  0]LogPakFile: PakFile PathHashIndexSize=101
[2024.05.18-07.06.09:575][  0]LogPakFile: PakFile FullDirectoryIndexSize=142
[2024.05.18-07.06.09:575][  0]LogShaderLibrary: Display: ShaderCodeLibraryPakFileMountedCallback: PakFile 'C:/Program Files/Epic Games/UE_4.27/FeaturePacks/TP_PuzzleBP.upack' (chunk index -1, root 'root:/') mounted
[2024.05.18-07.06.09:575][  0]LogShaderLibrary: Display: ShaderCodeLibraryPakFileMountedCallback: pending pak file info (ChunkID:-1 Root:root:/ File:C:/Program Files/Epic Games/UE_4.27/FeaturePacks/TP_PuzzleBP.upack)
[2024.05.18-07.06.09:576][  0]LogPakFile: OnPakFileMounted2Time == 0.000058
[2024.05.18-07.06.09:577][  0]LogPakFile: PakFile PrimaryIndexSize=183
[2024.05.18-07.06.09:577][  0]LogPakFile: PakFile PathHashIndexSize=101
[2024.05.18-07.06.09:577][  0]LogPakFile: PakFile FullDirectoryIndexSize=140
[2024.05.18-07.06.09:577][  0]LogShaderLibrary: Display: ShaderCodeLibraryPakFileMountedCallback: PakFile 'C:/Program Files/Epic Games/UE_4.27/FeaturePacks/TP_Rolling.upack' (chunk index -1, root 'root:/') mounted
[2024.05.18-07.06.09:577][  0]LogShaderLibrary: Display: ShaderCodeLibraryPakFileMountedCallback: pending pak file info (ChunkID:-1 Root:root:/ File:C:/Program Files/Epic Games/UE_4.27/FeaturePacks/TP_Rolling.upack)
[2024.05.18-07.06.09:577][  0]LogPakFile: OnPakFileMounted2Time == 0.000061
[2024.05.18-07.06.09:582][  0]LogPakFile: PakFile PrimaryIndexSize=185
[2024.05.18-07.06.09:582][  0]LogPakFile: PakFile PathHashIndexSize=101
[2024.05.18-07.06.09:582][  0]LogPakFile: PakFile FullDirectoryIndexSize=144
[2024.05.18-07.06.09:582][  0]LogShaderLibrary: Display: ShaderCodeLibraryPakFileMountedCallback: PakFile 'C:/Program Files/Epic Games/UE_4.27/FeaturePacks/TP_RollingBP.upack' (chunk index -1, root 'root:/') mounted
[2024.05.18-07.06.09:582][  0]LogShaderLibrary: Display: ShaderCodeLibraryPakFileMountedCallback: pending pak file info (ChunkID:-1 Root:root:/ File:C:/Program Files/Epic Games/UE_4.27/FeaturePacks/TP_RollingBP.upack)
[2024.05.18-07.06.09:582][  0]LogPakFile: OnPakFileMounted2Time == 0.000065
[2024.05.18-07.06.09:585][  0]LogPakFile: PakFile PrimaryIndexSize=188
[2024.05.18-07.06.09:585][  0]LogPakFile: PakFile PathHashIndexSize=101
[2024.05.18-07.06.09:585][  0]LogPakFile: PakFile FullDirectoryIndexSize=150
[2024.05.18-07.06.09:585][  0]LogShaderLibrary: Display: ShaderCodeLibraryPakFileMountedCallback: PakFile 'C:/Program Files/Epic Games/UE_4.27/FeaturePacks/TP_SideScroller.upack' (chunk index -1, root 'root:/') mounted
[2024.05.18-07.06.09:585][  0]LogShaderLibrary: Display: ShaderCodeLibraryPakFileMountedCallback: pending pak file info (ChunkID:-1 Root:root:/ File:C:/Program Files/Epic Games/UE_4.27/FeaturePacks/TP_SideScroller.upack)
[2024.05.18-07.06.09:585][  0]LogPakFile: OnPakFileMounted2Time == 0.000076
[2024.05.18-07.06.09:590][  0]LogPakFile: PakFile PrimaryIndexSize=190
[2024.05.18-07.06.09:590][  0]LogPakFile: PakFile PathHashIndexSize=101
[2024.05.18-07.06.09:590][  0]LogPakFile: PakFile FullDirectoryIndexSize=154
[2024.05.18-07.06.09:591][  0]LogShaderLibrary: Display: ShaderCodeLibraryPakFileMountedCallback: PakFile 'C:/Program Files/Epic Games/UE_4.27/FeaturePacks/TP_SideScrollerBP.upack' (chunk index -1, root 'root:/') mounted
[2024.05.18-07.06.09:591][  0]LogShaderLibrary: Display: ShaderCodeLibraryPakFileMountedCallback: pending pak file info (ChunkID:-1 Root:root:/ File:C:/Program Files/Epic Games/UE_4.27/FeaturePacks/TP_SideScrollerBP.upack)
[2024.05.18-07.06.09:591][  0]LogPakFile: OnPakFileMounted2Time == 0.000068
[2024.05.18-07.06.09:594][  0]LogPakFile: PakFile PrimaryIndexSize=187
[2024.05.18-07.06.09:594][  0]LogPakFile: PakFile PathHashIndexSize=101
[2024.05.18-07.06.09:594][  0]LogPakFile: PakFile FullDirectoryIndexSize=148
[2024.05.18-07.06.09:594][  0]LogShaderLibrary: Display: ShaderCodeLibraryPakFileMountedCallback: PakFile 'C:/Program Files/Epic Games/UE_4.27/FeaturePacks/TP_ThirdPerson.upack' (chunk index -1, root 'root:/') mounted
[2024.05.18-07.06.09:594][  0]LogShaderLibrary: Display: ShaderCodeLibraryPakFileMountedCallback: pending pak file info (ChunkID:-1 Root:root:/ File:C:/Program Files/Epic Games/UE_4.27/FeaturePacks/TP_ThirdPerson.upack)
[2024.05.18-07.06.09:594][  0]LogPakFile: OnPakFileMounted2Time == 0.000047
[2024.05.18-07.06.09:597][  0]LogPakFile: PakFile PrimaryIndexSize=189
[2024.05.18-07.06.09:597][  0]LogPakFile: PakFile PathHashIndexSize=101
[2024.05.18-07.06.09:597][  0]LogPakFile: PakFile FullDirectoryIndexSize=152
[2024.05.18-07.06.09:597][  0]LogShaderLibrary: Display: ShaderCodeLibraryPakFileMountedCallback: PakFile 'C:/Program Files/Epic Games/UE_4.27/FeaturePacks/TP_ThirdPersonBP.upack' (chunk index -1, root 'root:/') mounted
[2024.05.18-07.06.09:597][  0]LogShaderLibrary: Display: ShaderCodeLibraryPakFileMountedCallback: pending pak file info (ChunkID:-1 Root:root:/ File:C:/Program Files/Epic Games/UE_4.27/FeaturePacks/TP_ThirdPersonBP.upack)
[2024.05.18-07.06.09:597][  0]LogPakFile: OnPakFileMounted2Time == 0.000057
[2024.05.18-07.06.09:600][  0]LogPakFile: PakFile PrimaryIndexSize=183
[2024.05.18-07.06.09:600][  0]LogPakFile: PakFile PathHashIndexSize=101
[2024.05.18-07.06.09:600][  0]LogPakFile: PakFile FullDirectoryIndexSize=140
[2024.05.18-07.06.09:600][  0]LogShaderLibrary: Display: ShaderCodeLibraryPakFileMountedCallback: PakFile 'C:/Program Files/Epic Games/UE_4.27/FeaturePacks/TP_TopDown.upack' (chunk index -1, root 'root:/') mounted
[2024.05.18-07.06.09:600][  0]LogShaderLibrary: Display: ShaderCodeLibraryPakFileMountedCallback: pending pak file info (ChunkID:-1 Root:root:/ File:C:/Program Files/Epic Games/UE_4.27/FeaturePacks/TP_TopDown.upack)
[2024.05.18-07.06.09:600][  0]LogPakFile: OnPakFileMounted2Time == 0.000082
[2024.05.18-07.06.09:603][  0]LogPakFile: PakFile PrimaryIndexSize=185
[2024.05.18-07.06.09:604][  0]LogPakFile: PakFile PathHashIndexSize=101
[2024.05.18-07.06.09:604][  0]LogPakFile: PakFile FullDirectoryIndexSize=144
[2024.05.18-07.06.09:604][  0]LogShaderLibrary: Display: ShaderCodeLibraryPakFileMountedCallback: PakFile 'C:/Program Files/Epic Games/UE_4.27/FeaturePacks/TP_TopDownBP.upack' (chunk index -1, root 'root:/') mounted
[2024.05.18-07.06.09:604][  0]LogShaderLibrary: Display: ShaderCodeLibraryPakFileMountedCallback: pending pak file info (ChunkID:-1 Root:root:/ File:C:/Program Files/Epic Games/UE_4.27/FeaturePacks/TP_TopDownBP.upack)
[2024.05.18-07.06.09:604][  0]LogPakFile: OnPakFileMounted2Time == 0.000044
[2024.05.18-07.06.09:606][  0]LogPakFile: PakFile PrimaryIndexSize=185
[2024.05.18-07.06.09:606][  0]LogPakFile: PakFile PathHashIndexSize=101
[2024.05.18-07.06.09:606][  0]LogPakFile: PakFile FullDirectoryIndexSize=144
[2024.05.18-07.06.09:606][  0]LogShaderLibrary: Display: ShaderCodeLibraryPakFileMountedCallback: PakFile 'C:/Program Files/Epic Games/UE_4.27/FeaturePacks/TP_TwinStick.upack' (chunk index -1, root 'root:/') mounted
[2024.05.18-07.06.09:606][  0]LogShaderLibrary: Display: ShaderCodeLibraryPakFileMountedCallback: pending pak file info (ChunkID:-1 Root:root:/ File:C:/Program Files/Epic Games/UE_4.27/FeaturePacks/TP_TwinStick.upack)
[2024.05.18-07.06.09:606][  0]LogPakFile: OnPakFileMounted2Time == 0.000067
[2024.05.18-07.06.09:608][  0]LogPakFile: PakFile PrimaryIndexSize=187
[2024.05.18-07.06.09:608][  0]LogPakFile: PakFile PathHashIndexSize=101
[2024.05.18-07.06.09:609][  0]LogPakFile: PakFile FullDirectoryIndexSize=148
[2024.05.18-07.06.09:609][  0]LogShaderLibrary: Display: ShaderCodeLibraryPakFileMountedCallback: PakFile 'C:/Program Files/Epic Games/UE_4.27/FeaturePacks/TP_TwinStickBP.upack' (chunk index -1, root 'root:/') mounted
[2024.05.18-07.06.09:609][  0]LogShaderLibrary: Display: ShaderCodeLibraryPakFileMountedCallback: pending pak file info (ChunkID:-1 Root:root:/ File:C:/Program Files/Epic Games/UE_4.27/FeaturePacks/TP_TwinStickBP.upack)
[2024.05.18-07.06.09:609][  0]LogPakFile: OnPakFileMounted2Time == 0.000095
[2024.05.18-07.06.09:612][  0]LogPakFile: PakFile PrimaryIndexSize=183
[2024.05.18-07.06.09:612][  0]LogPakFile: PakFile PathHashIndexSize=101
[2024.05.18-07.06.09:612][  0]LogPakFile: PakFile FullDirectoryIndexSize=140
[2024.05.18-07.06.09:612][  0]LogShaderLibrary: Display: ShaderCodeLibraryPakFileMountedCallback: PakFile 'C:/Program Files/Epic Games/UE_4.27/FeaturePacks/TP_Vehicle.upack' (chunk index -1, root 'root:/') mounted
[2024.05.18-07.06.09:612][  0]LogShaderLibrary: Display: ShaderCodeLibraryPakFileMountedCallback: pending pak file info (ChunkID:-1 Root:root:/ File:C:/Program Files/Epic Games/UE_4.27/FeaturePacks/TP_Vehicle.upack)
[2024.05.18-07.06.09:612][  0]LogPakFile: OnPakFileMounted2Time == 0.000069
[2024.05.18-07.06.09:615][  0]LogPakFile: PakFile PrimaryIndexSize=186
[2024.05.18-07.06.09:615][  0]LogPakFile: PakFile PathHashIndexSize=101
[2024.05.18-07.06.09:615][  0]LogPakFile: PakFile FullDirectoryIndexSize=146
[2024.05.18-07.06.09:615][  0]LogShaderLibrary: Display: ShaderCodeLibraryPakFileMountedCallback: PakFile 'C:/Program Files/Epic Games/UE_4.27/FeaturePacks/TP_VehicleAdv.upack' (chunk index -1, root 'root:/') mounted
[2024.05.18-07.06.09:615][  0]LogShaderLibrary: Display: ShaderCodeLibraryPakFileMountedCallback: pending pak file info (ChunkID:-1 Root:root:/ File:C:/Program Files/Epic Games/UE_4.27/FeaturePacks/TP_VehicleAdv.upack)
[2024.05.18-07.06.09:615][  0]LogPakFile: OnPakFileMounted2Time == 0.000062
[2024.05.18-07.06.09:619][  0]LogPakFile: PakFile PrimaryIndexSize=188
[2024.05.18-07.06.09:619][  0]LogPakFile: PakFile PathHashIndexSize=101
[2024.05.18-07.06.09:619][  0]LogPakFile: PakFile FullDirectoryIndexSize=150
[2024.05.18-07.06.09:619][  0]LogShaderLibrary: Display: ShaderCodeLibraryPakFileMountedCallback: PakFile 'C:/Program Files/Epic Games/UE_4.27/FeaturePacks/TP_VehicleAdvBP.upack' (chunk index -1, root 'root:/') mounted
[2024.05.18-07.06.09:619][  0]LogShaderLibrary: Display: ShaderCodeLibraryPakFileMountedCallback: pending pak file info (ChunkID:-1 Root:root:/ File:C:/Program Files/Epic Games/UE_4.27/FeaturePacks/TP_VehicleAdvBP.upack)
[2024.05.18-07.06.09:619][  0]LogPakFile: OnPakFileMounted2Time == 0.000058
[2024.05.18-07.06.09:623][  0]LogPakFile: PakFile PrimaryIndexSize=185
[2024.05.18-07.06.09:623][  0]LogPakFile: PakFile PathHashIndexSize=101
[2024.05.18-07.06.09:623][  0]LogPakFile: PakFile FullDirectoryIndexSize=144
[2024.05.18-07.06.09:623][  0]LogShaderLibrary: Display: ShaderCodeLibraryPakFileMountedCallback: PakFile 'C:/Program Files/Epic Games/UE_4.27/FeaturePacks/TP_VehicleBP.upack' (chunk index -1, root 'root:/') mounted
[2024.05.18-07.06.09:624][  0]LogShaderLibrary: Display: ShaderCodeLibraryPakFileMountedCallback: pending pak file info (ChunkID:-1 Root:root:/ File:C:/Program Files/Epic Games/UE_4.27/FeaturePacks/TP_VehicleBP.upack)
[2024.05.18-07.06.09:624][  0]LogPakFile: OnPakFileMounted2Time == 0.000069
[2024.05.18-07.06.09:627][  0]LogPakFile: PakFile PrimaryIndexSize=192
[2024.05.18-07.06.09:627][  0]LogPakFile: PakFile PathHashIndexSize=101
[2024.05.18-07.06.09:627][  0]LogPakFile: PakFile FullDirectoryIndexSize=158
[2024.05.18-07.06.09:627][  0]LogShaderLibrary: Display: ShaderCodeLibraryPakFileMountedCallback: PakFile 'C:/Program Files/Epic Games/UE_4.27/FeaturePacks/TP_VirtualRealityBP.upack' (chunk index -1, root 'root:/') mounted
[2024.05.18-07.06.09:627][  0]LogShaderLibrary: Display: ShaderCodeLibraryPakFileMountedCallback: pending pak file info (ChunkID:-1 Root:root:/ File:C:/Program Files/Epic Games/UE_4.27/FeaturePacks/TP_VirtualRealityBP.upack)
[2024.05.18-07.06.09:627][  0]LogPakFile: OnPakFileMounted2Time == 0.000060
[2024.05.18-07.06.09:947][  0]LogNativeClassHierarchy: Verbose: Native class hierarchy updated for 'AddContentDialog' in 0.0003 seconds. Added 0 classes and 0 folders.
[2024.05.18-07.06.09:949][  0]LogNativeClassHierarchy: Verbose: Native class hierarchy updated for 'SceneOutliner' in 0.0003 seconds. Added 2 classes and 0 folders.
[2024.05.18-07.06.10:254][  0]LogSlate: Took 0.001491 seconds to synchronously load lazily loaded font '../../../Engine/Content/Slate/Fonts/Roboto-Regular.ttf' (155K)
[2024.05.18-07.06.10:256][  0]LogSlate: Took 0.000740 seconds to synchronously load lazily loaded font '../../../Engine/Content/Editor/Slate/Fonts/FontAwesome.ttf' (139K)
[2024.05.18-07.06.10:260][  0]LogSlate: Took 0.000962 seconds to synchronously load lazily loaded font '../../../Engine/Content/Slate/Fonts/Roboto-Bold.ttf' (160K)
[2024.05.18-07.06.10:393][  0]LogRenderer: Reallocating scene render targets to support 964x488 Format 10 NumSamples 1 (Frame:1).
[2024.05.18-07.06.10:433][  0]LogSlate: Took 0.000905 seconds to synchronously load lazily loaded font '../../../Engine/Content/Slate/Fonts/Roboto-Light.ttf' (167K)
[2024.05.18-07.06.10:455][  0]LogSlate: Took 0.000179 seconds to synchronously load lazily loaded font '../../../Engine/Content/Slate/Fonts/Roboto-Light.ttf' (167K)
[2024.05.18-07.06.10:584][  0]LogNativeClassHierarchy: Verbose: Native class hierarchy updated for 'HierarchicalLODOutliner' in 0.0005 seconds. Added 0 classes and 0 folders.
[2024.05.18-07.06.10:585][  0]LogLoad: (Engine Initialization) Total time: 21.53 seconds
[2024.05.18-07.06.10:585][  0]LogLoad: (Engine Initialization) Total Blueprint compile time: 0.00 seconds
[2024.05.18-07.06.10:711][  0]LogContentStreaming: Texture pool size now 1000 MB
[2024.05.18-07.06.10:829][  2]LogAssetRegistry: Asset discovery search completed in 12.1669 seconds
[2024.05.18-07.06.10:856][  2]LogCollectionManager: Fixed up redirectors for 0 collections in 0.000005 seconds (updated 0 objects)
[2024.05.18-07.14.35:794][837]LogUObjectHash: Compacting FUObjectHashTables data took   1.13ms
[2024.05.18-07.14.35:823][837]LogSlate: Window 'MarioAnahuac - Unreal Editor' being destroyed
[2024.05.18-07.14.35:952][838]Cmd: QUIT_EDITOR
[2024.05.18-07.14.35:952][838]LogCore: Engine exit requested (reason: UUnrealEdEngine::CloseEditor())
[2024.05.18-07.14.35:959][838]LogCore: Engine exit requested (reason: EngineExit() was called; note: exit was already requested)
[2024.05.18-07.14.35:971][838]LogAudio: Display: Beginning Audio Device Manager Shutdown (Module: AudioMixerXAudio2)...
[2024.05.18-07.14.35:971][838]LogAudio: Display: Destroying 1 Remaining Audio Device(s)...
[2024.05.18-07.14.35:971][838]LogAudio: Display: Audio Device unregistered from world 'Nivel-1'.
[2024.05.18-07.14.35:972][838]LogAudioMixer: FMixerPlatformXAudio2::StopAudioStream() called
[2024.05.18-07.14.35:974][838]LogAudioMixer: FMixerPlatformXAudio2::StopAudioStream() called
[2024.05.18-07.14.35:982][838]LogAudio: Display: Audio Device Manager Shutdown
[2024.05.18-07.14.35:983][838]LogWindowsTextInputMethodSystem: Display: IME system deactivated.
[2024.05.18-07.14.35:991][838]LogExit: Preparing to exit.
[2024.05.18-07.14.36:507][838]LogUObjectHash: Compacting FUObjectHashTables data took   1.48ms
[2024.05.18-07.14.36:713][838]LogDemo: Cleaned up 0 splitscreen connections with owner deletion
[2024.05.18-07.14.36:740][838]LogExit: Editor shut down
[2024.05.18-07.14.36:740][838]LogExit: Transaction tracking system shut down
[2024.05.18-07.14.37:201][838]LogExit: Object subsystem successfully closed.
[2024.05.18-07.14.37:241][838]LogShaderCompilers: Display: === FShaderJobCache stats ===
[2024.05.18-07.14.37:241][838]LogShaderCompilers: Display: Total job queries 0, among them cache hits 0 (0.00%)
[2024.05.18-07.14.37:241][838]LogShaderCompilers: Display: Tracking 0 distinct input hashes that result in 0 distinct outputs (0.00%)
[2024.05.18-07.14.37:241][838]LogShaderCompilers: Display: RAM used: 0.00 MB (0.00 GB) of 819.20 MB (0.80 GB) budget. Usage: 0.00%
[2024.05.18-07.14.37:241][838]LogShaderCompilers: Display: ================================================
[2024.05.18-07.14.37:272][838]LogShaderCompilers: Display: Shaders left to compile 0
[2024.05.18-07.14.37:412][838]LogModuleManager: Shutting down and abandoning module HierarchicalLODOutliner (870)
[2024.05.18-07.14.37:412][838]LogModuleManager: Shutting down and abandoning module SceneOutliner (868)
[2024.05.18-07.14.37:412][838]LogModuleManager: Shutting down and abandoning module AddContentDialog (866)
[2024.05.18-07.14.37:413][838]LogModuleManager: Shutting down and abandoning module WidgetCarousel (865)
[2024.05.18-07.14.37:413][838]LogModuleManager: Shutting down and abandoning module EditorWidgets (862)
[2024.05.18-07.14.37:414][838]LogModuleManager: Shutting down and abandoning module StatsViewer (860)
[2024.05.18-07.14.37:415][838]LogModuleManager: Shutting down and abandoning module PIEPreviewDeviceProfileSelector (858)
[2024.05.18-07.14.37:416][838]LogModuleManager: Shutting down and abandoning module SequenceRecorderSections (856)
[2024.05.18-07.14.37:416][838]LogModuleManager: Shutting down and abandoning module AutomationWorker (854)
[2024.05.18-07.14.37:416][838]LogModuleManager: Shutting down and abandoning module SteamVREditor (852)
[2024.05.18-07.14.37:416][838]LogModuleManager: Shutting down and abandoning module OculusMR (850)
[2024.05.18-07.14.37:416][838]LogModuleManager: Shutting down and abandoning module CameraShakePreviewer (848)
[2024.05.18-07.14.37:417][838]LogModuleManager: Shutting down and abandoning module TemplateSequenceEditor (846)
[2024.05.18-07.14.37:418][838]LogModuleManager: Shutting down and abandoning module LevelSequenceEditor (844)
[2024.05.18-07.14.37:419][838]LogModuleManager: Shutting down and abandoning module MatineeToLevelSequence (842)
[2024.05.18-07.14.37:420][838]LogModuleManager: Shutting down and abandoning module ActorSequenceEditor (840)
[2024.05.18-07.14.37:420][838]LogModuleManager: Shutting down and abandoning module TakeRecorderSources (838)
[2024.05.18-07.14.37:422][838]LogModuleManager: Shutting down and abandoning module TakeRecorder (837)
[2024.05.18-07.14.37:423][838]LogModuleManager: Shutting down and abandoning module TakeTrackRecorders (834)
[2024.05.18-07.14.37:423][838]LogModuleManager: Shutting down and abandoning module TakesCore (832)
[2024.05.18-07.14.37:423][838]LogModuleManager: Shutting down and abandoning module WebMMediaFactory (830)
[2024.05.18-07.14.37:423][838]LogModuleManager: Shutting down and abandoning module WebMMediaEditor (828)
[2024.05.18-07.14.37:423][838]LogModuleManager: Shutting down and abandoning module WebMMedia (826)
[2024.05.18-07.14.37:423][838]LogModuleManager: Shutting down and abandoning module MediaPlayerEditor (824)
[2024.05.18-07.14.37:424][838]LogModuleManager: Shutting down and abandoning module WmfMediaFactory (822)
[2024.05.18-07.14.37:425][838]LogModuleManager: Shutting down and abandoning module WmfMediaEditor (820)
[2024.05.18-07.14.37:425][838]LogModuleManager: Shutting down and abandoning module OpenExrWrapper (818)
[2024.05.18-07.14.37:425][838]LogModuleManager: Shutting down and abandoning module ImgMediaFactory (816)
[2024.05.18-07.14.37:425][838]LogModuleManager: Shutting down and abandoning module ImgMediaEditor (814)
[2024.05.18-07.14.37:425][838]LogModuleManager: Shutting down and abandoning module MediaCompositingEditor (812)
[2024.05.18-07.14.37:426][838]LogModuleManager: Shutting down and abandoning module AvfMediaFactory (810)
[2024.05.18-07.14.37:426][838]LogModuleManager: Shutting down and abandoning module AvfMediaEditor (808)
[2024.05.18-07.14.37:426][838]LogModuleManager: Shutting down and abandoning module AndroidMediaFactory (806)
[2024.05.18-07.14.37:426][838]LogModuleManager: Shutting down and abandoning module AndroidMediaEditor (804)
[2024.05.18-07.14.37:426][838]LogModuleManager: Shutting down and abandoning module OpenXRInput (802)
[2024.05.18-07.14.37:426][838]LogModuleManager: Shutting down and abandoning module GooglePADEditor (800)
[2024.05.18-07.14.37:426][838]LogModuleManager: Shutting down and abandoning module AudioCaptureEditor (798)
[2024.05.18-07.14.37:426][838]LogModuleManager: Shutting down and abandoning module SequenceRecorder (797)
[2024.05.18-07.14.37:426][838]LogModuleManager: Shutting down and abandoning module MagicLeapMediaCodecFactory (794)
[2024.05.18-07.14.37:426][838]LogModuleManager: Shutting down and abandoning module MagicLeapMediaFactory (792)
[2024.05.18-07.14.37:426][838]LogModuleManager: Shutting down and abandoning module MagicLeapMediaEditor (790)
[2024.05.18-07.14.37:426][838]LogModuleManager: Shutting down and abandoning module TextureAlignMode (788)
[2024.05.18-07.14.37:426][838]LogModuleManager: Shutting down and abandoning module BspMode (786)
[2024.05.18-07.14.37:427][838]LogModuleManager: Shutting down and abandoning module GeometryMode (784)
[2024.05.18-07.14.37:427][838]LogModuleManager: Shutting down and abandoning module PlanarCut (782)
[2024.05.18-07.14.37:428][838]LogModuleManager: Shutting down and abandoning module CharacterAI (780)
[2024.05.18-07.14.37:428][838]LogModuleManager: Shutting down and abandoning module SmartSnapping (778)
[2024.05.18-07.14.37:428][838]LogModuleManager: Shutting down and abandoning module SessionServices (776)
[2024.05.18-07.14.37:429][838]LogModuleManager: Shutting down and abandoning module MeshPaint (774)
[2024.05.18-07.14.37:430][838]LogModuleManager: Shutting down and abandoning module VirtualTexturingEditor (772)
[2024.05.18-07.14.37:430][838]LogModuleManager: Shutting down and abandoning module FoliageEdit (770)
[2024.05.18-07.14.37:431][838]LogModuleManager: Shutting down and abandoning module LandscapeEditor (768)
[2024.05.18-07.14.37:432][838]LogModuleManager: Shutting down and abandoning module MeshPaintMode (766)
[2024.05.18-07.14.37:432][838]LogModuleManager: Shutting down and abandoning module SceneDepthPickerMode (764)
[2024.05.18-07.14.37:432][838]LogModuleManager: Shutting down and abandoning module ActorPickerMode (762)
[2024.05.18-07.14.37:432][838]LogModuleManager: Shutting down and abandoning module PlacementMode (760)
[2024.05.18-07.14.37:432][838]LogModuleManager: Shutting down and abandoning module ViewportSnapping (758)
[2024.05.18-07.14.37:432][838]LogModuleManager: Shutting down and abandoning module ViewportInteraction (756)
[2024.05.18-07.14.37:432][838]LogModuleManager: Shutting down and abandoning module ClothPainter (754)
[2024.05.18-07.14.37:433][838]LogModuleManager: Shutting down and abandoning module SkeletalMeshEditor (753)
[2024.05.18-07.14.37:434][838]LogModuleManager: Shutting down and abandoning module LogVisualizer (750)
[2024.05.18-07.14.37:436][838]LogModuleManager: Shutting down and abandoning module IntroTutorials (748)
[2024.05.18-07.14.37:436][838]LogModuleManager: Shutting down and abandoning module GameProjectGeneration (747)
[2024.05.18-07.14.37:436][838]LogModuleManager: Shutting down and abandoning module LuminPlatformEditor (744)
[2024.05.18-07.14.37:436][838]LogModuleManager: Shutting down and abandoning module IOSPlatformEditor (742)
[2024.05.18-07.14.37:437][838]LogModuleManager: Shutting down and abandoning module AndroidPlatformEditor (740)
[2024.05.18-07.14.37:437][838]LogModuleManager: Shutting down and abandoning module AndroidDeviceDetection (739)
[2024.05.18-07.14.38:337][838]LogModuleManager: Shutting down and abandoning module WindowsPlatformEditor (736)
[2024.05.18-07.14.38:337][838]LogModuleManager: Shutting down and abandoning module LuminRuntimeSettings (734)
[2024.05.18-07.14.38:337][838]LogModuleManager: Shutting down and abandoning module IOSRuntimeSettings (732)
[2024.05.18-07.14.38:337][838]LogModuleManager: Shutting down and abandoning module AndroidRuntimeSettings (730)
[2024.05.18-07.14.38:337][838]LogModuleManager: Shutting down and abandoning module TraceInsights (728)
[2024.05.18-07.14.38:341][838]MemoryProfiler: Shutdown
[2024.05.18-07.14.38:341][838]NetworkingProfiler: Shutdown
[2024.05.18-07.14.38:341][838]LoadingProfiler: Shutdown
[2024.05.18-07.14.38:341][838]TimingProfiler: Shutdown
[2024.05.18-07.14.38:343][838]LogModuleManager: Shutting down and abandoning module TraceServices (727)
[2024.05.18-07.14.38:344][838]LogModuleManager: Shutting down and abandoning module EditorInteractiveToolsFramework (724)
[2024.05.18-07.14.38:345][838]LogModuleManager: Shutting down and abandoning module TimeManagementEditor (722)
[2024.05.18-07.14.38:345][838]LogModuleManager: Shutting down and abandoning module InputBindingEditor (720)
[2024.05.18-07.14.38:345][838]LogModuleManager: Shutting down and abandoning module MergeActors (718)
[2024.05.18-07.14.38:346][838]LogModuleManager: Shutting down and abandoning module LocalizationDashboard (716)
[2024.05.18-07.14.38:346][838]LogModuleManager: Shutting down and abandoning module LocalizationService (715)
[2024.05.18-07.14.38:347][838]LogModuleManager: Shutting down and abandoning module HardwareTargeting (712)
[2024.05.18-07.14.38:347][838]LogModuleManager: Shutting down and abandoning module DeviceProfileEditor (710)
[2024.05.18-07.14.38:347][838]LogModuleManager: Shutting down and abandoning module UndoHistory (708)
[2024.05.18-07.14.38:347][838]LogModuleManager: Shutting down and abandoning module XmlParser (706)
[2024.05.18-07.14.38:348][838]LogModuleManager: Shutting down and abandoning module Blutility (704)
[2024.05.18-07.14.38:348][838]LogModuleManager: Shutting down and abandoning module ProjectSettingsViewer (702)
[2024.05.18-07.14.38:348][838]LogModuleManager: Shutting down and abandoning module ProjectTargetPlatformEditor (701)
[2024.05.18-07.14.38:348][838]LogModuleManager: Shutting down and abandoning module EditorSettingsViewer (698)
[2024.05.18-07.14.38:348][838]LogModuleManager: Shutting down and abandoning module InternationalizationSettings (697)
[2024.05.18-07.14.38:348][838]LogModuleManager: Shutting down and abandoning module SettingsEditor (694)
[2024.05.18-07.14.38:349][838]LogModuleManager: Shutting down and abandoning module ProjectLauncher (692)
[2024.05.18-07.14.38:350][838]LogModuleManager: Shutting down and abandoning module SessionFrontend (690)
[2024.05.18-07.14.38:350][838]LogModuleManager: Shutting down and abandoning module ProfilerClient (688)
[2024.05.18-07.14.38:351][838]LogModuleManager: Shutting down and abandoning module DeviceManager (686)
[2024.05.18-07.14.38:351][838]LogModuleManager: Shutting down and abandoning module TargetDeviceServices (685)
[2024.05.18-07.14.38:385][838]LogModuleManager: Shutting down and abandoning module AutomationController (682)
[2024.05.18-07.14.38:386][838]LogModuleManager: Shutting down and abandoning module AutomationWindow (680)
[2024.05.18-07.14.38:386][838]LogModuleManager: Shutting down and abandoning module Layers (678)
[2024.05.18-07.14.38:387][838]LogModuleManager: Shutting down and abandoning module ComponentVisualizers (676)
[2024.05.18-07.14.38:387][838]LogModuleManager: Shutting down and abandoning module DetailCustomizations (674)
[2024.05.18-07.14.38:387][838]LogModuleManager: Shutting down and abandoning module PackagesDialog (672)
[2024.05.18-07.14.38:387][838]LogModuleManager: Shutting down and abandoning module AnimationBlueprintEditor (670)
[2024.05.18-07.14.38:389][838]LogModuleManager: Shutting down and abandoning module Persona (668)
[2024.05.18-07.14.38:390][838]LogModuleManager: Shutting down and abandoning module AdvancedPreviewScene (667)
[2024.05.18-07.14.38:390][838]LogModuleManager: Shutting down and abandoning module AnimGraph (665)
[2024.05.18-07.14.38:391][838]LogModuleManager: Shutting down and abandoning module Kismet (662)
[2024.05.18-07.14.38:392][838]LogModuleManager: Shutting down and abandoning module KismetWidgets (661)
[2024.05.18-07.14.38:392][838]LogModuleManager: Shutting down and abandoning module GraphEditor (658)
[2024.05.18-07.14.38:392][838]LogModuleManager: Shutting down and abandoning module StructViewer (656)
[2024.05.18-07.14.38:392][838]LogModuleManager: Shutting down and abandoning module ClassViewer (654)
[2024.05.18-07.14.38:392][838]LogModuleManager: Shutting down and abandoning module Toolbox (652)
[2024.05.18-07.14.38:392][838]LogModuleManager: Shutting down and abandoning module ModuleUI (650)
[2024.05.18-07.14.38:392][838]LogModuleManager: Shutting down and abandoning module OutputLog (648)
[2024.05.18-07.14.38:393][838]LogModuleManager: Shutting down and abandoning module GammaUI (646)
[2024.05.18-07.14.38:393][838]LogModuleManager: Shutting down and abandoning module Documentation (644)
[2024.05.18-07.14.38:393][838]LogModuleManager: Shutting down and abandoning module LiveCoding (642)
[2024.05.18-07.14.38:395][838]LogModuleManager: Shutting down and abandoning module LevelSequence (640)
[2024.05.18-07.14.38:395][838]LogModuleManager: Shutting down and abandoning module MovieSceneTracks (638)
[2024.05.18-07.14.38:395][838]LogModuleManager: Shutting down and abandoning module MovieScene (636)
[2024.05.18-07.14.38:397][838]LogModuleManager: Shutting down and abandoning module StreamingPauseRendering (634)
[2024.05.18-07.14.38:398][838]LogModuleManager: Shutting down and abandoning module LauncherPlatform (632)
[2024.05.18-07.14.38:398][838]LogModuleManager: Shutting down and abandoning module AnalyticsET (630)
[2024.05.18-07.14.38:398][838]LogModuleManager: Shutting down and abandoning module PortalServices (628)
[2024.05.18-07.14.38:398][838]LogModuleManager: Shutting down and abandoning module PortalRpc (626)
[2024.05.18-07.14.38:398][838]LogModuleManager: Shutting down and abandoning module MessagingRpc (624)
[2024.05.18-07.14.38:398][838]LogModuleManager: Shutting down and abandoning module AudioMixerXAudio2 (622)
[2024.05.18-07.14.38:398][838]LogModuleManager: Shutting down and abandoning module AudioMixerCore (621)
[2024.05.18-07.14.38:398][838]LogModuleManager: Shutting down and abandoning module AIModule (618)
[2024.05.18-07.14.38:398][838]LogModuleManager: Shutting down and abandoning module GameplayDebugger (617)
[2024.05.18-07.14.38:398][838]LogModuleManager: Shutting down and abandoning module AITestSuite (615)
[2024.05.18-07.14.38:399][838]LogModuleManager: Shutting down and abandoning module NavigationSystem (613)
[2024.05.18-07.14.38:399][838]LogModuleManager: Shutting down and abandoning module ImageWriteQueue (610)
[2024.05.18-07.14.38:407][838]LogModuleManager: Shutting down and abandoning module ProfilerService (608)
[2024.05.18-07.14.38:483][838]LogModuleManager: Shutting down and abandoning module TaskGraph (606)
[2024.05.18-07.14.38:484][838]LogModuleManager: Shutting down and abandoning module AudioSynesthesiaEditor (604)
[2024.05.18-07.14.38:484][838]LogModuleManager: Shutting down and abandoning module OculusEditor (602)
[2024.05.18-07.14.38:487][838]LogModuleManager: Shutting down and abandoning module OculusInput (600)
[2024.05.18-07.14.38:487][838]LogModuleManager: Shutting down and abandoning module ContentBrowserFileDataSource (598)
[2024.05.18-07.14.38:488][838]LogModuleManager: Shutting down and abandoning module ContentBrowserAssetDataSource (596)
[2024.05.18-07.14.38:488][838]LogModuleManager: Shutting down and abandoning module ContentBrowserClassDataSource (594)
[2024.05.18-07.14.38:488][838]LogModuleManager: Shutting down and abandoning module CollectionManager (593)
[2024.05.18-07.14.38:488][838]LogModuleManager: Shutting down and abandoning module TemplateSequence (590)
[2024.05.18-07.14.38:488][838]LogModuleManager: Shutting down and abandoning module VariantManagerContentEditor (588)
[2024.05.18-07.14.38:489][838]LogModuleManager: Shutting down and abandoning module DatasmithContentEditor (586)
[2024.05.18-07.14.38:489][838]LogModuleManager: Shutting down and abandoning module TakeSequencer (584)
[2024.05.18-07.14.38:489][838]LogModuleManager: Shutting down and abandoning module TakeMovieScene (582)
[2024.05.18-07.14.38:489][838]LogModuleManager: Shutting down and abandoning module ScreenshotTools (580)
[2024.05.18-07.14.38:489][838]LogModuleManager: Shutting down and abandoning module ImgMedia (578)
[2024.05.18-07.14.38:489][838]LogModuleManager: Shutting down and abandoning module MediaCompositing (576)
[2024.05.18-07.14.38:489][838]LogModuleManager: Shutting down and abandoning module SynthesisEditor (574)
[2024.05.18-07.14.38:489][838]LogModuleManager: Shutting down and abandoning module Synthesis (572)
[2024.05.18-07.14.38:490][838]LogModuleManager: Shutting down and abandoning module ProceduralMeshComponentEditor (570)
[2024.05.18-07.14.38:490][838]LogModuleManager: Shutting down and abandoning module ProceduralMeshComponent (568)
[2024.05.18-07.14.38:490][838]LogModuleManager: Shutting down and abandoning module OpenXREditor (566)
[2024.05.18-07.14.38:491][838]LogModuleManager: Shutting down and abandoning module MobilePatchingUtils (564)
[2024.05.18-07.14.38:491][838]LogModuleManager: Shutting down and abandoning module GooglePAD (562)
[2024.05.18-07.14.38:491][838]LogModuleManager: Shutting down and abandoning module EditableMesh (560)
[2024.05.18-07.14.38:491][838]LogModuleManager: Shutting down and abandoning module CustomMeshComponent (558)
[2024.05.18-07.14.38:491][838]LogModuleManager: Shutting down and abandoning module AssetTags (556)
[2024.05.18-07.14.38:491][838]LogModuleManager: Shutting down and abandoning module ArchVisCharacter (554)
[2024.05.18-07.14.38:491][838]LogModuleManager: Shutting down and abandoning module CableComponent (552)
[2024.05.18-07.14.38:491][838]LogModuleManager: Shutting down and abandoning module AndroidPermission (550)
[2024.05.18-07.14.38:491][838]LogModuleManager: Shutting down and abandoning module AudioCapture (548)
[2024.05.18-07.14.38:491][838]LogModuleManager: Shutting down and abandoning module AudioCaptureRtAudio (547)
[2024.05.18-07.14.38:491][838]LogModuleManager: Shutting down and abandoning module AppleImageUtilsBlueprintSupport (544)
[2024.05.18-07.14.38:491][838]LogModuleManager: Shutting down and abandoning module AppleImageUtils (542)
[2024.05.18-07.14.38:491][838]LogModuleManager: Shutting down and abandoning module ActorLayerUtilitiesEditor (540)
[2024.05.18-07.14.38:492][838]LogModuleManager: Shutting down and abandoning module ActorLayerUtilities (538)
[2024.05.18-07.14.38:492][838]LogModuleManager: Shutting down and abandoning module MagicLeapSharedWorld (536)
[2024.05.18-07.14.38:492][838]LogModuleManager: Shutting down and abandoning module MagicLeapLightEstimation (534)
[2024.05.18-07.14.38:492][838]LogModuleManager: Shutting down and abandoning module MagicLeapHelperVulkan (532)
[2024.05.18-07.14.38:492][838]LogModuleManager: Shutting down and abandoning module MagicLeapHelperOpenGL (530)
[2024.05.18-07.14.38:492][838]LogModuleManager: Shutting down and abandoning module MagicLeapAudio (528)
[2024.05.18-07.14.38:492][838]LogModuleManager: Shutting down and abandoning module SpeedTreeImporter (526)
[2024.05.18-07.14.38:492][838]LogModuleManager: Shutting down and abandoning module MobileLauncherProfileWizard (524)
[2024.05.18-07.14.38:493][838]LogModuleManager: Shutting down and abandoning module MaterialAnalyzer (522)
[2024.05.18-07.14.38:493][838]LogModuleManager: Shutting down and abandoning module PluginBrowser (520)
[2024.05.18-07.14.38:495][838]LogModuleManager: Shutting down and abandoning module CryptoKeysOpenSSL (518)
[2024.05.18-07.14.38:496][838]LogModuleManager: Shutting down and abandoning module CryptoKeys (516)
[2024.05.18-07.14.38:496][838]LogModuleManager: Shutting down and abandoning module RiderSourceCodeAccess (514)
[2024.05.18-07.14.38:497][838]LogModuleManager: Shutting down and abandoning module CurveEditorTools (512)
[2024.05.18-07.14.38:497][838]LogModuleManager: Shutting down and abandoning module UObjectPlugin (510)
[2024.05.18-07.14.38:497][838]LogModuleManager: Shutting down and abandoning module SubversionSourceControl (508)
[2024.05.18-07.14.38:499][838]LogModuleManager: Shutting down and abandoning module VisualStudioCodeSourceCodeAccess (506)
[2024.05.18-07.14.38:499][838]LogModuleManager: Shutting down and abandoning module VisualStudioSourceCodeAccess (504)
[2024.05.18-07.14.38:499][838]LogModuleManager: Shutting down and abandoning module PlasticSourceControl (502)
[2024.05.18-07.14.38:501][838]LogModuleManager: Shutting down and abandoning module PluginUtils (500)
[2024.05.18-07.14.38:501][838]LogModuleManager: Shutting down and abandoning module GitSourceControl (498)
[2024.05.18-07.14.38:502][838]LogModuleManager: Shutting down and abandoning module PerforceSourceControl (496)
[2024.05.18-07.14.38:503][838]LogModuleManager: Shutting down and abandoning module SourceControl (495)
[2024.05.18-07.14.38:504][838]LogModuleManager: Shutting down and abandoning module CLionSourceCodeAccess (492)
[2024.05.18-07.14.38:504][838]LogModuleManager: Shutting down and abandoning module AnimationSharingEd (490)
[2024.05.18-07.14.38:504][838]LogModuleManager: Shutting down and abandoning module OpenImageDenoise (488)
[2024.05.18-07.14.38:505][838]LogOpenImageDenoise: OIDN shutting down
[2024.05.18-07.14.38:505][838]LogModuleManager: Shutting down and abandoning module GeometryCollectionTracks (486)
[2024.05.18-07.14.38:505][838]LogModuleManager: Shutting down and abandoning module GeometryCollectionSequencer (485)
[2024.05.18-07.14.38:505][838]LogModuleManager: Shutting down and abandoning module GeometryCollectionEditor (482)
[2024.05.18-07.14.38:505][838]LogModuleManager: Shutting down and abandoning module MotoSynthEditor (480)
[2024.05.18-07.14.38:505][838]LogModuleManager: Shutting down and abandoning module MotoSynth (478)
[2024.05.18-07.14.38:505][838]LogModuleManager: Shutting down and abandoning module MeshConversion (476)
[2024.05.18-07.14.38:505][838]LogModuleManager: Shutting down and abandoning module DynamicMesh (474)
[2024.05.18-07.14.38:506][838]LogModuleManager: Shutting down and abandoning module GeometryAlgorithms (472)
[2024.05.18-07.14.38:506][838]LogModuleManager: Shutting down and abandoning module GeometricObjects (470)
[2024.05.18-07.14.38:506][838]LogModuleManager: Shutting down and abandoning module NiagaraEditorWidgets (468)
[2024.05.18-07.14.38:509][838]LogModuleManager: Shutting down and abandoning module GeometryCacheTracks (466)
[2024.05.18-07.14.38:509][838]LogModuleManager: Shutting down and abandoning module GeometryCacheStreamer (464)
[2024.05.18-07.14.38:509][838]LogModuleManager: Shutting down and abandoning module GeometryCacheSequencer (462)
[2024.05.18-07.14.38:509][838]LogModuleManager: Shutting down and abandoning module ChaosNiagara (460)
[2024.05.18-07.14.38:509][838]LogModuleManager: Shutting down and abandoning module ChaosSolverEditor (458)
[2024.05.18-07.14.38:509][838]LogModuleManager: Shutting down and abandoning module FractureEditor (456)
[2024.05.18-07.14.38:510][838]LogModuleManager: Shutting down and abandoning module FieldSystemEngine (455)
[2024.05.18-07.14.38:510][838]LogModuleManager: Shutting down and abandoning module ChaosClothEditor (452)
[2024.05.18-07.14.38:510][838]LogModuleManager: Shutting down and abandoning module BackChannel (450)
[2024.05.18-07.14.38:511][838]LogModuleManager: Shutting down and abandoning module AutomationUtilsEditor (448)
[2024.05.18-07.14.38:511][838]LogModuleManager: Shutting down and abandoning module AutomationUtils (446)
[2024.05.18-07.14.38:511][838]LogModuleManager: Shutting down and abandoning module AlembicImporter (444)
[2024.05.18-07.14.38:511][838]LogModuleManager: Shutting down and abandoning module AlembicLibrary (443)
[2024.05.18-07.14.38:511][838]LogModuleManager: Shutting down and abandoning module GeometryCache (442)
[2024.05.18-07.14.38:511][838]LogModuleManager: Shutting down and abandoning module GeometryCacheEd (441)
[2024.05.18-07.14.38:511][838]LogModuleManager: Shutting down and abandoning module OodleNetworkHandlerComponent (436)
[2024.05.18-07.14.38:511][838]LogModuleManager: Shutting down and abandoning module LiveLinkSequencer (434)
[2024.05.18-07.14.38:512][838]LogModuleManager: Shutting down and abandoning module LiveLinkMovieScene (432)
[2024.05.18-07.14.38:512][838]LogModuleManager: Shutting down and abandoning module LiveLinkGraphNode (430)
[2024.05.18-07.14.38:512][838]LogModuleManager: Shutting down and abandoning module LiveLinkEditor (428)
[2024.05.18-07.14.38:513][838]LogModuleManager: Shutting down and abandoning module LiveLinkComponents (426)
[2024.05.18-07.14.38:513][838]LogModuleManager: Shutting down and abandoning module LiveLink (424)
[2024.05.18-07.14.38:769][838]LogModuleManager: Shutting down and abandoning module LightPropagationVolumeEditor (422)
[2024.05.18-07.14.38:770][838]LogModuleManager: Shutting down and abandoning module PaperTiledImporter (420)
[2024.05.18-07.14.38:770][838]LogModuleManager: Shutting down and abandoning module PaperSpriteSheetImporter (418)
[2024.05.18-07.14.38:770][838]LogModuleManager: Shutting down and abandoning module Paper2DEditor (416)
[2024.05.18-07.14.38:771][838]LogModuleManager: Shutting down and abandoning module MeshPaintingToolset (414)
[2024.05.18-07.14.38:771][838]LogModuleManager: Shutting down and abandoning module MeshPaintEditorMode (412)
[2024.05.18-07.14.38:771][838]LogModuleManager: Shutting down and abandoning module GameplayCameras (410)
[2024.05.18-07.14.38:771][838]LogModuleManager: Shutting down and abandoning module ActorSequence (408)
[2024.05.18-07.14.38:771][838]LogModuleManager: Shutting down and abandoning module ImgMediaEngine (406)
[2024.05.18-07.14.38:771][838]LogModuleManager: Shutting down and abandoning module SoundFields (404)
[2024.05.18-07.14.38:772][838]LogModuleManager: Shutting down and abandoning module SignificanceManager (402)
[2024.05.18-07.14.38:772][838]LogModuleManager: Shutting down and abandoning module RuntimePhysXCooking (400)
[2024.05.18-07.14.38:772][838]LogModuleManager: Shutting down and abandoning module PropertyAccessEditor (398)
[2024.05.18-07.14.38:772][838]LogModuleManager: Shutting down and abandoning module PhysXVehiclesEditor (396)
[2024.05.18-07.14.38:772][838]LogModuleManager: Shutting down and abandoning module LocationServicesBPLibrary (392)
[2024.05.18-07.14.38:772][838]LogModuleManager: Shutting down and abandoning module AudioSynesthesia (390)
[2024.05.18-07.14.38:773][838]LogModuleManager: Shutting down and abandoning module AudioSynesthesiaCore (388)
[2024.05.18-07.14.38:773][838]LogModuleManager: Shutting down and abandoning module UdpMessaging (386)
[2024.05.18-07.14.38:874][838]LogModuleManager: Shutting down and abandoning module TcpMessaging (384)
[2024.05.18-07.14.38:976][838]LogModuleManager: Shutting down and abandoning module MagicLeapARPin (382)
[2024.05.18-07.14.38:976][838]LogModuleManager: Shutting down and abandoning module MagicLeapHandMeshing (380)
[2024.05.18-07.14.38:976][838]LogModuleManager: Shutting down and abandoning module MagicLeapSecureStorage (378)
[2024.05.18-07.14.38:976][838]LogModuleManager: Shutting down and abandoning module MagicLeapPrivileges (376)
[2024.05.18-07.14.38:976][838]LogModuleManager: Shutting down and abandoning module MagicLeapPlanes (374)
[2024.05.18-07.14.38:977][838]LogMagicLeapPlanes: Planes tracker already destroyed.
[2024.05.18-07.14.38:977][838]LogModuleManager: Shutting down and abandoning module MagicLeapImageTracker (372)
[2024.05.18-07.14.38:977][838]LogModuleManager: Shutting down and abandoning module MagicLeapIdentity (370)
[2024.05.18-07.14.38:977][838]LogModuleManager: Shutting down and abandoning module MagicLeapHandTracking (368)
[2024.05.18-07.14.38:977][838]LogModuleManager: Shutting down and abandoning module MagicLeapEyeTracker (366)
[2024.05.18-07.14.38:978][838]LogModuleManager: Shutting down and abandoning module MagicLeapController (364)
[2024.05.18-07.14.38:978][838]LogModuleManager: Shutting down and abandoning module MagicLeapARPinImpl (362)
[2024.05.18-07.14.38:978][838]LogModuleManager: Shutting down and abandoning module MagicLeapAR (360)
[2024.05.18-07.14.38:978][838]LogModuleManager: Shutting down and abandoning module GameplayTagsEditor (358)
[2024.05.18-07.14.38:979][838]LogModuleManager: Shutting down and abandoning module FacialAnimationEditor (356)
[2024.05.18-07.14.38:979][838]LogModuleManager: Shutting down and abandoning module FacialAnimation (354)
[2024.05.18-07.14.38:979][838]LogModuleManager: Shutting down and abandoning module DataValidation (352)
[2024.05.18-07.14.38:979][838]LogModuleManager: Shutting down and abandoning module AssetManagerEditor (350)
[2024.05.18-07.14.38:980][838]LogModuleManager: Shutting down and abandoning module LevelEditor (349)
[2024.05.18-07.14.38:982][838]LogModuleManager: Shutting down and abandoning module PixelInspectorModule (348)
[2024.05.18-07.14.38:983][838]LogModuleManager: Shutting down and abandoning module CommonMenuExtensions (346)
[2024.05.18-07.14.38:984][838]LogModuleManager: Shutting down and abandoning module MainFrame (344)
[2024.05.18-07.14.38:984][838]LogModuleManager: Shutting down and abandoning module HotReload (343)
[2024.05.18-07.14.38:985][838]LogModuleManager: Shutting down and abandoning module ToolMenus (339)
[2024.05.18-07.14.38:985][838]LogModuleManager: Shutting down and abandoning module TreeMap (337)
[2024.05.18-07.14.38:985][838]LogModuleManager: Shutting down and abandoning module PropertyAccessNode (334)
[2024.05.18-07.14.38:985][838]LogModuleManager: Shutting down and abandoning module AnimationSharing (332)
[2024.05.18-07.14.38:985][838]LogModuleManager: Shutting down and abandoning module PythonScriptPlugin (330)
[2024.05.18-07.14.38:985][838]LogModuleManager: Shutting down and abandoning module NiagaraAnimNotifies (328)
[2024.05.18-07.14.38:985][838]LogModuleManager: Shutting down and abandoning module Niagara (326)
[2024.05.18-07.14.38:987][838]LogModuleManager: Shutting down and abandoning module SignalProcessing (325)
[2024.05.18-07.14.38:987][838]LogModuleManager: Shutting down and abandoning module NiagaraEditor (323)
[2024.05.18-07.14.38:990][838]LogModuleManager: Shutting down and abandoning module ContentBrowser (322)
[2024.05.18-07.14.38:990][838]LogModuleManager: Shutting down and abandoning module ContentBrowserData (321)
[2024.05.18-07.14.38:990][838]LogModuleManager: Shutting down and abandoning module NiagaraCore (316)
[2024.05.18-07.14.38:990][838]LogModuleManager: Shutting down and abandoning module EnvironmentQueryEditor (314)
[2024.05.18-07.14.38:991][838]LogModuleManager: Shutting down and abandoning module LightPropagationVolumeRuntime (312)
[2024.05.18-07.14.38:991][838]LogModuleManager: Shutting down and abandoning module Paper2D (310)
[2024.05.18-07.14.38:992][838]LogModuleManager: Shutting down and abandoning module WindowsMoviePlayer (308)
[2024.05.18-07.14.38:993][838]LogModuleManager: Shutting down and abandoning module WebMMoviePlayer (306)
[2024.05.18-07.14.38:993][838]LogModuleManager: Shutting down and abandoning module NetworkReplayStreaming (304)
[2024.05.18-07.14.38:993][838]LogModuleManager: Shutting down and abandoning module PacketHandler (302)
[2024.05.18-07.14.38:993][838]LogModuleManager: Shutting down and abandoning module ClothingSystemEditor (300)
[2024.05.18-07.14.38:993][838]LogModuleManager: Shutting down and abandoning module ClothingSystemRuntimeNv (298)
[2024.05.18-07.14.38:995][838]LogModuleManager: Shutting down and abandoning module MediaAssets (296)
[2024.05.18-07.14.38:995][838]LogModuleManager: Shutting down and abandoning module Overlay (294)
[2024.05.18-07.14.38:995][838]LogModuleManager: Shutting down and abandoning module OverlayEditor (293)
[2024.05.18-07.14.38:995][838]LogModuleManager: Shutting down and abandoning module VREditor (290)
[2024.05.18-07.14.38:996][838]LogModuleManager: Shutting down and abandoning module StringTableEditor (288)
[2024.05.18-07.14.38:997][838]LogModuleManager: Shutting down and abandoning module GameplayTasksEditor (286)
[2024.05.18-07.14.38:997][838]LogModuleManager: Shutting down and abandoning module BehaviorTreeEditor (284)
[2024.05.18-07.14.38:998][838]LogModuleManager: Shutting down and abandoning module FunctionalTesting (282)
[2024.05.18-07.14.38:999][838]LogModuleManager: Shutting down and abandoning module CollisionAnalyzer (280)
[2024.05.18-07.14.39:000][838]LogModuleManager: Shutting down and abandoning module WorkspaceMenuStructure (279)
[2024.05.18-07.14.39:001][838]LogModuleManager: Shutting down and abandoning module UMG (276)
[2024.05.18-07.14.39:001][838]LogModuleManager: Shutting down and abandoning module UMGEditor (275)
[2024.05.18-07.14.39:003][838]LogModuleManager: Shutting down and abandoning module MessageLog (273)
[2024.05.18-07.14.39:003][838]LogModuleManager: Shutting down and abandoning module SlateReflector (268)
[2024.05.18-07.14.39:007][838]LogModuleManager: Shutting down and abandoning module Slate (266)
[2024.05.18-07.14.39:007][838]LogModuleManager: Shutting down and abandoning module SlateCore (264)
[2024.05.18-07.14.39:008][838]LogModuleManager: Shutting down and abandoning module LandscapeEditorUtilities (262)
[2024.05.18-07.14.39:008][838]LogModuleManager: Shutting down and abandoning module UnrealEd (260)
[2024.05.18-07.14.39:009][838]LogModuleManager: Shutting down and abandoning module MRMesh (258)
[2024.05.18-07.14.39:009][838]LogModuleManager: Shutting down and abandoning module SourceCodeAccess (256)
[2024.05.18-07.14.39:009][838]LogModuleManager: Shutting down and abandoning module HeadMountedDisplay (254)
[2024.05.18-07.14.39:009][838]LogModuleManager: Shutting down and abandoning module XAudio2 (252)
[2024.05.18-07.14.39:009][838]LogModuleManager: Shutting down and abandoning module Networking (250)
[2024.05.18-07.14.39:009][838]LogModuleManager: Shutting down and abandoning module Core (248)
[2024.05.18-07.14.39:009][838]LogModuleManager: Shutting down and abandoning module MaterialEditor (246)
[2024.05.18-07.14.39:010][838]LogModuleManager: Shutting down and abandoning module MovieSceneTools (244)
[2024.05.18-07.14.39:012][838]LogModuleManager: Shutting down and abandoning module CurveEditor (243)
[2024.05.18-07.14.39:014][838]LogModuleManager: Shutting down and abandoning module Sequencer (241)
[2024.05.18-07.14.39:015][838]LogModuleManager: Shutting down and abandoning module EditorStyle (240)
[2024.05.18-07.14.39:020][838]LogModuleManager: Shutting down and abandoning module KismetCompiler (236)
[2024.05.18-07.14.39:020][838]LogModuleManager: Shutting down and abandoning module MeshBuilder (234)
[2024.05.18-07.14.39:020][838]LogModuleManager: Shutting down and abandoning module MeshUtilities (232)
[2024.05.18-07.14.39:020][838]LogModuleManager: Shutting down and abandoning module MeshMergeUtilities (231)
[2024.05.18-07.14.39:022][838]LogModuleManager: Shutting down and abandoning module MeshReductionInterface (230)
[2024.05.18-07.14.39:022][838]LogModuleManager: Shutting down and abandoning module MeshBoneReduction (229)
[2024.05.18-07.14.39:022][838]LogModuleManager: Shutting down and abandoning module SkeletalMeshReduction (227)
[2024.05.18-07.14.39:022][838]LogModuleManager: Shutting down and abandoning module ProxyLODMeshReduction (225)
[2024.05.18-07.14.39:025][838]LogModuleManager: Shutting down and abandoning module QuadricMeshReduction (223)
[2024.05.18-07.14.39:026][838]LogModuleManager: Shutting down and abandoning module MaterialBaking (219)
[2024.05.18-07.14.39:026][838]LogModuleManager: Shutting down and abandoning module NullInstallBundleManager (214)
[2024.05.18-07.14.39:026][838]LogModuleManager: Shutting down and abandoning module DerivedDataCache (212)
[2024.05.18-07.14.39:027][838]LogModuleManager: Shutting down and abandoning module TargetPlatform (210)
[2024.05.18-07.14.39:028][838]LogModuleManager: Shutting down and abandoning module VulkanShaderFormat (209)
[2024.05.18-07.14.39:031][838]LogModuleManager: Shutting down and abandoning module ShaderFormatVectorVM (207)
[2024.05.18-07.14.39:031][838]LogModuleManager: Shutting down and abandoning module ShaderFormatOpenGL (205)
[2024.05.18-07.14.39:031][838]LogModuleManager: Shutting down and abandoning module ShaderFormatD3D (203)
[2024.05.18-07.14.39:032][838]LogModuleManager: Shutting down and abandoning module MetalShaderFormat (201)
[2024.05.18-07.14.39:033][838]LogModuleManager: Shutting down and abandoning module TextureFormatOodle (199)
[2024.05.18-07.14.39:033][838]LogModuleManager: Shutting down and abandoning module TextureFormatUncompressed (197)
[2024.05.18-07.14.39:033][838]LogModuleManager: Shutting down and abandoning module TextureFormatPVR (195)
[2024.05.18-07.14.39:033][838]LogModuleManager: Shutting down and abandoning module TextureFormatETC2 (193)
[2024.05.18-07.14.39:034][838]LogModuleManager: Shutting down and abandoning module TextureFormatDXT (191)
[2024.05.18-07.14.39:034][838]LogModuleManager: Shutting down and abandoning module TextureFormatIntelISPCTexComp (189)
[2024.05.18-07.14.39:036][838]LogModuleManager: Shutting down and abandoning module TextureFormatASTC (187)
[2024.05.18-07.14.39:036][838]LogModuleManager: Shutting down and abandoning module ImageWrapper (186)
[2024.05.18-07.14.39:036][838]LogModuleManager: Shutting down and abandoning module AudioFormatOpus (183)
[2024.05.18-07.14.39:036][838]LogModuleManager: Shutting down and abandoning module AudioFormatOgg (181)
[2024.05.18-07.14.39:036][838]LogModuleManager: Shutting down and abandoning module AudioFormatADPCM (179)
[2024.05.18-07.14.39:037][838]LogModuleManager: Shutting down and abandoning module WindowsServerTargetPlatform (177)
[2024.05.18-07.14.39:037][838]LogModuleManager: Shutting down and abandoning module WindowsClientTargetPlatform (175)
[2024.05.18-07.14.39:037][838]LogModuleManager: Shutting down and abandoning module WindowsTargetPlatform (173)
[2024.05.18-07.14.39:037][838]LogModuleManager: Shutting down and abandoning module WindowsNoEditorTargetPlatform (171)
[2024.05.18-07.14.39:037][838]LogModuleManager: Shutting down and abandoning module TVOSTargetPlatform (169)
[2024.05.18-07.14.39:045][838]LogModuleManager: Shutting down and abandoning module MacServerTargetPlatform (167)
[2024.05.18-07.14.39:045][838]LogModuleManager: Shutting down and abandoning module MacClientTargetPlatform (165)
[2024.05.18-07.14.39:045][838]LogModuleManager: Shutting down and abandoning module MacTargetPlatform (163)
[2024.05.18-07.14.39:045][838]LogModuleManager: Shutting down and abandoning module MacNoEditorTargetPlatform (161)
[2024.05.18-07.14.39:045][838]LogModuleManager: Shutting down and abandoning module LuminTargetPlatform (159)
[2024.05.18-07.14.39:056][838]LogModuleManager: Shutting down and abandoning module LinuxAArch64ServerTargetPlatform (157)
[2024.05.18-07.14.39:056][838]LogModuleManager: Shutting down and abandoning module LinuxAArch64ClientTargetPlatform (155)
[2024.05.18-07.14.39:056][838]LogModuleManager: Shutting down and abandoning module LinuxAArch64NoEditorTargetPlatform (153)
[2024.05.18-07.14.39:057][838]LogModuleManager: Shutting down and abandoning module LinuxServerTargetPlatform (151)
[2024.05.18-07.14.39:057][838]LogModuleManager: Shutting down and abandoning module LinuxClientTargetPlatform (149)
[2024.05.18-07.14.39:057][838]LogModuleManager: Shutting down and abandoning module LinuxNoEditorTargetPlatform (147)
[2024.05.18-07.14.39:058][838]LogModuleManager: Shutting down and abandoning module LinuxTargetPlatform (145)
[2024.05.18-07.14.39:058][838]LogModuleManager: Shutting down and abandoning module Messaging (143)
[2024.05.18-07.14.39:058][838]LogModuleManager: Shutting down and abandoning module IOSTargetPlatform (141)
[2024.05.18-07.14.39:062][838]LogModuleManager: Shutting down and abandoning module AndroidTargetPlatform (139)
[2024.05.18-07.14.39:080][838]LogModuleManager: Shutting down and abandoning module AllDesktopTargetPlatform (137)
[2024.05.18-07.14.39:080][838]LogModuleManager: Shutting down and abandoning module D3D11RHI (134)
[2024.05.18-07.14.39:080][838]LogModuleManager: Shutting down and abandoning module InputCore (132)
[2024.05.18-07.14.39:080][838]LogModuleManager: Shutting down and abandoning module Settings (130)
[2024.05.18-07.14.39:080][838]LogModuleManager: Shutting down and abandoning module DirectoryWatcher (128)
[2024.05.18-07.14.39:081][838]LogModuleManager: Shutting down and abandoning module PhysXCooking (126)
[2024.05.18-07.14.39:081][838]LogModuleManager: Shutting down and abandoning module Chaos (124)
[2024.05.18-07.14.39:081][838]LogModuleManager: Shutting down and abandoning module WindowsPlatformFeatures (122)
[2024.05.18-07.14.39:081][838]LogModuleManager: Shutting down and abandoning module GameplayMediaEncoder (121)
[2024.05.18-07.14.39:082][838]LogModuleManager: Shutting down and abandoning module AVEncoder (120)
[2024.05.18-07.14.39:083][838]LogModuleManager: Shutting down and abandoning module SteamVRInputDevice (116)
[2024.05.18-07.14.39:083][838]LogModuleManager: Shutting down and abandoning module SteamVRInput (114)
[2024.05.18-07.14.39:083][838]LogModuleManager: Shutting down and abandoning module SteamVR (112)
[2024.05.18-07.14.39:083][838]LogHMD: Freeing OpenVRDLLHandle.
[2024.05.18-07.14.39:083][838]LogModuleManager: Shutting down and abandoning module OculusHMD (110)
[2024.05.18-07.14.39:083][838]LogModuleManager: Shutting down and abandoning module VariantManagerContent (108)
[2024.05.18-07.14.39:083][838]LogModuleManager: Shutting down and abandoning module DatasmithContent (106)
[2024.05.18-07.14.39:084][838]LogModuleManager: Shutting down and abandoning module WmfMedia (104)
[2024.05.18-07.14.39:088][838]LogModuleManager: Shutting down and abandoning module Media (103)
[2024.05.18-07.14.39:089][838]LogModuleManager: Shutting down and abandoning module MediaInfo (102)
[2024.05.18-07.14.39:089][838]LogModuleManager: Shutting down and abandoning module ExrReaderGpu (98)
[2024.05.18-07.14.39:090][838]LogModuleManager: Shutting down and abandoning module OpenXRAR (96)
[2024.05.18-07.14.39:090][838]LogModuleManager: Shutting down and abandoning module AugmentedReality (95)
[2024.05.18-07.14.39:090][838]LogModuleManager: Shutting down and abandoning module OpenXREyeTracker (92)
[2024.05.18-07.14.39:090][838]LogModuleManager: Shutting down and abandoning module OpenXRHandTracking (90)
[2024.05.18-07.14.39:091][838]LogSlate: Slate User Destroyed.  User Index 0, Is Virtual User: 0
[2024.05.18-07.14.39:091][838]LogModuleManager: Shutting down and abandoning module OpenXRHMD (89)
[2024.05.18-07.14.39:092][838]LogModuleManager: Shutting down and abandoning module OnlineBlueprintSupport (86)
[2024.05.18-07.14.39:092][838]LogModuleManager: Shutting down and abandoning module OnlineSubsystem (82)
[2024.05.18-07.14.39:094][838]LogModuleManager: Shutting down and abandoning module XMPP (77)
[2024.05.18-07.14.39:095][838]LogModuleManager: Shutting down and abandoning module WebSockets (76)
[2024.05.18-07.14.39:124][838]LogModuleManager: Shutting down and abandoning module HTTP (73)
[2024.05.18-07.14.39:124][838]LogHttp: Display: Http module shutting down, but needs to wait on 1 outstanding Http requests:
[2024.05.18-07.14.39:124][838]LogHttp: Display: 	verb=[POST] url=[https://datarouter.ol.epicgames.com/datarouter/api/v1/public/data?SessionID=%7B4E92C7C2-43E5-5108-280D-28820B9A0257%7D&AppID=UEEditor.Rocket.Release&AppVersion=4.27.2-18319896%2B%2B%2BUE4%2BRelease-4.27&UserID=55d9737f4a5261b70343b78aadb26d49%7Cb4b4a8cd7bc84972b719eb66160aae10%7Cc8639e95-8bc5-47d3-bcfd-abc500ec7779&AppEnvironment=datacollector-binary&UploadType=eteventstream] refs=[1] status=Processing
[2024.05.18-07.14.39:124][838]LogHttp: Display: cleaning up 1 outstanding Http requests.
[2024.05.18-07.14.39:140][838]LogModuleManager: Shutting down and abandoning module SSL (72)
[2024.05.18-07.14.39:146][838]LogModuleManager: Shutting down and abandoning module ExampleDeviceProfileSelector (68)
[2024.05.18-07.14.39:146][838]LogModuleManager: Shutting down and abandoning module ChunkDownloader (66)
[2024.05.18-07.14.39:148][838]LogModuleManager: Shutting down and abandoning module LauncherChunkInstaller (64)
[2024.05.18-07.14.39:148][838]LogModuleManager: Shutting down and abandoning module MLSDK (62)
[2024.05.18-07.14.39:148][838]LogModuleManager: Shutting down and abandoning module MagicLeap (60)
[2024.05.18-07.14.39:148][838]LogModuleManager: Shutting down and abandoning module PixWinPlugin (58)
[2024.05.18-07.14.39:148][838]LogModuleManager: Shutting down and abandoning module NiagaraVertexFactories (56)
[2024.05.18-07.14.39:148][838]LogModuleManager: Shutting down and abandoning module NiagaraShader (54)
[2024.05.18-07.14.39:148][838]LogModuleManager: Shutting down and abandoning module ChaosCloth (52)
[2024.05.18-07.14.39:148][838]LogModuleManager: Shutting down and abandoning module AISupportModule (50)
[2024.05.18-07.14.39:148][838]LogModuleManager: Shutting down and abandoning module DesktopPlatform (48)
[2024.05.18-07.14.39:149][838]LogModuleManager: Shutting down and abandoning module PythonScriptPluginPreload (46)
[2024.05.18-07.14.39:149][838]LogModuleManager: Shutting down and abandoning module PlatformCryptoOpenSSL (44)
[2024.05.18-07.14.39:149][838]LogModuleManager: Shutting down and abandoning module PlatformCryptoTypes (42)
[2024.05.18-07.14.39:149][838]LogModuleManager: Shutting down and abandoning module PlatformCrypto (40)
[2024.05.18-07.14.39:149][838]LogModuleManager: Shutting down and abandoning module OodleDataCompressionFormat (38)
[2024.05.18-07.14.39:150][838]LogModuleManager: Shutting down and abandoning module XGEController (36)
[2024.05.18-07.14.39:150][838]LogModuleManager: Shutting down and abandoning module AnimationModifiers (34)
[2024.05.18-07.14.39:151][838]LogModuleManager: Shutting down and abandoning module AudioEditor (32)
[2024.05.18-07.14.39:154][838]LogModuleManager: Shutting down and abandoning module PropertyEditor (31)
[2024.05.18-07.14.39:156][838]LogModuleManager: Shutting down and abandoning module TextureCompressor (28)
[2024.05.18-07.14.39:158][838]LogModuleManager: Shutting down and abandoning module RenderCore (26)
[2024.05.18-07.14.39:158][838]LogModuleManager: Shutting down and abandoning module Landscape (24)
[2024.05.18-07.14.39:158][838]LogModuleManager: Shutting down and abandoning module SlateRHIRenderer (22)
[2024.05.18-07.14.39:159][838]LogModuleManager: Shutting down and abandoning module AnimGraphRuntime (20)
[2024.05.18-07.14.39:160][838]LogModuleManager: Shutting down and abandoning module Renderer (18)
[2024.05.18-07.14.39:161][838]LogModuleManager: Shutting down and abandoning module Engine (16)
[2024.05.18-07.14.39:161][838]LogModuleManager: Shutting down and abandoning module CoreUObject (14)
[2024.05.18-07.14.39:161][838]LogModuleManager: Shutting down and abandoning module NetworkFile (12)
[2024.05.18-07.14.39:161][838]LogModuleManager: Shutting down and abandoning module CookedIterativeFile (10)
[2024.05.18-07.14.39:161][838]LogModuleManager: Shutting down and abandoning module StreamingFile (8)
[2024.05.18-07.14.39:162][838]LogModuleManager: Shutting down and abandoning module SandboxFile (6)
[2024.05.18-07.14.39:162][838]LogModuleManager: Shutting down and abandoning module PakFile (4)
[2024.05.18-07.14.39:162][838]LogModuleManager: Shutting down and abandoning module RSA (3)
[2024.05.18-07.14.39:163][838]LogContentStreaming: Display: There are 1 unreleased StreamingManagers
[2024.05.18-07.14.39:196][838]LogD3D11RHI: Shutdown
[2024.05.18-07.14.39:196][838]LogD3D11RHI: CleanupD3DDevice
[2024.05.18-07.14.39:227][838]LogExit: Exiting.
[2024.05.18-07.14.39:237][838]Log file closed, 05/18/24 01:14:39
