Log file open, 05/18/24 14:56:21
LogWindows: Failed to load 'aqProf.dll' (GetLastError=126)
LogWindows: File 'aqProf.dll' does not exist
LogWindows: Failed to load 'VtuneApi.dll' (GetLastError=126)
LogWindows: File 'VtuneApi.dll' does not exist
LogWindows: Failed to load 'VtuneApi32e.dll' (GetLastError=126)
LogWindows: File 'VtuneApi32e.dll' does not exist
LogConsoleResponse: Display: Failed to find resolution value strings in scalability ini. Falling back to default.
LogConsoleResponse: Display: Failed to find resolution value strings in scalability ini. Falling back to default.
LogInit: Display: Running engine for game: MarioAnahuac
LogPlatformFile: Not using cached read wrapper
LogTaskGraph: Started task graph with 5 named threads and 47 total threads with 3 sets of task threads.
LogStats: Stats thread started at 0.522026
LogICUInternationalization: ICU TimeZone Detection - Raw Offset: -6:00, Platform Override: ''
LogInit: Display: Loading text-based GConfig....
LogPluginManager: Mounting plugin MeshPainting
LogPluginManager: Mounting plugin XGEController
LogPluginManager: Mounting plugin Paper2D
LogPluginManager: Mounting plugin LiveLink
LogPluginManager: Mounting plugin AISupport
LogPluginManager: Mounting plugin EnvironmentQueryEditor
LogPluginManager: Mounting plugin LightPropagationVolume
LogPluginManager: Mounting plugin GameplayCameras
LogPluginManager: Mounting plugin CameraShakePreviewer
LogPluginManager: Mounting plugin OodleData
LogPluginManager: Mounting plugin OodleNetwork
LogPluginManager: Mounting plugin AssetManagerEditor
LogPluginManager: Mounting plugin CryptoKeys
LogPluginManager: Mounting plugin CurveEditorTools
LogPluginManager: Mounting plugin DataValidation
LogPluginManager: Mounting plugin FacialAnimation
LogPluginManager: Mounting plugin GameplayTagsEditor
LogPluginManager: Mounting plugin MaterialAnalyzer
LogPluginManager: Mounting plugin GeometryMode
LogPluginManager: Mounting plugin MobileLauncherProfileWizard
LogPluginManager: Mounting plugin MacGraphicsSwitching
LogPluginManager: Mounting plugin PluginBrowser
LogPluginManager: Mounting plugin SpeedTreeImporter
LogPluginManager: Mounting plugin CLionSourceCodeAccess
LogPluginManager: Mounting plugin AnimationSharing
LogPluginManager: Mounting plugin GitSourceControl
LogPluginManager: Mounting plugin PerforceSourceControl
LogPluginManager: Mounting plugin PixWinPlugin
LogPluginManager: Mounting plugin PluginUtils
LogPluginManager: Mounting plugin PropertyAccessNode
LogPluginManager: Mounting plugin PlasticSourceControl
LogPluginManager: Mounting plugin NullSourceCodeAccess
LogPluginManager: Mounting plugin KDevelopSourceCodeAccess
LogPluginManager: Mounting plugin CodeLiteSourceCodeAccess
LogPluginManager: Mounting plugin RiderSourceCodeAccess
LogPluginManager: Mounting plugin SubversionSourceControl
LogPluginManager: Mounting plugin TextureFormatOodle
LogPluginManager: Mounting plugin UObjectPlugin
LogPluginManager: Mounting plugin DatasmithContent
LogPluginManager: Mounting plugin VisualStudioCodeSourceCodeAccess
LogPluginManager: Mounting plugin VisualStudioSourceCodeAccess
LogPluginManager: Mounting plugin XCodeSourceCodeAccess
LogPluginManager: Mounting plugin VariantManagerContent
LogPluginManager: Mounting plugin AlembicImporter
LogPluginManager: Mounting plugin AutomationUtils
LogPluginManager: Mounting plugin BackChannel
LogPluginManager: Mounting plugin ChaosCloth
LogPluginManager: Mounting plugin ChaosClothEditor
LogPluginManager: Mounting plugin ChaosEditor
LogPluginManager: Mounting plugin ChaosSolverPlugin
LogPluginManager: Mounting plugin CharacterAI
LogPluginManager: Mounting plugin ChaosNiagara
LogPluginManager: Mounting plugin GeometryCache
LogPluginManager: Mounting plugin GeometryCollectionPlugin
LogPluginManager: Mounting plugin GeometryProcessing
LogPluginManager: Mounting plugin MotoSynth
LogPluginManager: Mounting plugin OpenImageDenoise
LogPluginManager: Mounting plugin PlanarCut
LogPluginManager: Mounting plugin ProxyLODPlugin
LogPluginManager: Mounting plugin PlatformCrypto
LogPluginManager: Mounting plugin PythonScriptPlugin
LogPluginManager: Mounting plugin Niagara
LogPluginManager: Mounting plugin SkeletalReduction
LogPluginManager: Mounting plugin LuminPlatformFeatures
LogPluginManager: Mounting plugin MagicLeap
LogPluginManager: Mounting plugin MagicLeapMedia
LogPluginManager: Mounting plugin MagicLeapLightEstimation
LogPluginManager: Mounting plugin MagicLeapPassableWorld
LogPluginManager: Mounting plugin MLSDK
LogPluginManager: Mounting plugin AndroidMedia
LogPluginManager: Mounting plugin AvfMedia
LogPluginManager: Mounting plugin ImgMedia
LogPluginManager: Mounting plugin MediaCompositing
LogPluginManager: Mounting plugin MediaPlayerEditor
LogPluginManager: Mounting plugin WebMMedia
LogPluginManager: Mounting plugin WmfMedia
LogPluginManager: Mounting plugin TcpMessaging
LogPluginManager: Mounting plugin UdpMessaging
LogPluginManager: Mounting plugin ActorSequence
LogPluginManager: Mounting plugin LevelSequenceEditor
LogPluginManager: Mounting plugin MatineeToLevelSequence
LogPluginManager: Mounting plugin TemplateSequence
LogPluginManager: Mounting plugin OnlineSubsystem
LogPluginManager: Mounting plugin OnlineSubsystemNull
LogPluginManager: Mounting plugin OnlineSubsystemUtils
LogPluginManager: Mounting plugin LauncherChunkInstaller
LogPluginManager: Mounting plugin ActorLayerUtilities
LogPluginManager: Mounting plugin AndroidPermission
LogPluginManager: Mounting plugin AppleImageUtils
LogPluginManager: Mounting plugin ArchVisCharacter
LogPluginManager: Mounting plugin AssetTags
LogPluginManager: Mounting plugin AudioCapture
LogPluginManager: Mounting plugin AndroidDeviceProfileSelector
LogPluginManager: Mounting plugin AudioSynesthesia
LogPluginManager: Mounting plugin AndroidMoviePlayer
LogPluginManager: Mounting plugin CableComponent
LogPluginManager: Mounting plugin ChunkDownloader
LogPluginManager: Mounting plugin CustomMeshComponent
LogPluginManager: Mounting plugin AppleMoviePlayer
LogPluginManager: Mounting plugin EditableMesh
LogPluginManager: Mounting plugin ExampleDeviceProfileSelector
LogPluginManager: Mounting plugin GooglePAD
LogPluginManager: Mounting plugin GoogleCloudMessaging
LogPluginManager: Mounting plugin LocationServicesBPLibrary
LogPluginManager: Mounting plugin IOSDeviceProfileSelector
LogPluginManager: Mounting plugin LinuxDeviceProfileSelector
LogPluginManager: Mounting plugin MobilePatchingUtils
LogPluginManager: Mounting plugin OpenXREyeTracker
LogPluginManager: Mounting plugin OpenXRHandTracking
LogPluginManager: Mounting plugin OpenXR
LogPluginManager: Mounting plugin PhysXVehicles
LogPluginManager: Mounting plugin PostSplashScreen
LogPluginManager: Mounting plugin ProceduralMeshComponent
LogPluginManager: Mounting plugin PropertyAccessEditor
LogPluginManager: Mounting plugin RuntimePhysXCooking
LogPluginManager: Mounting plugin SoundFields
LogPluginManager: Mounting plugin SignificanceManager
LogPluginManager: Mounting plugin Synthesis
LogPluginManager: Mounting plugin WebMMoviePlayer
LogPluginManager: Mounting plugin WindowsMoviePlayer
LogPluginManager: Mounting plugin ScreenshotTools
LogPluginManager: Mounting plugin Takes
LogPluginManager: Mounting plugin ContentBrowserAssetDataSource
LogPluginManager: Mounting plugin ContentBrowserClassDataSource
LogPluginManager: Mounting plugin ContentBrowserFileDataSource
LogPluginManager: Mounting plugin OnlineSubsystemIOS
LogPluginManager: Mounting plugin OnlineSubsystemGooglePlay
LogPluginManager: Mounting plugin OculusVR
LogPluginManager: Mounting plugin SteamVR
PixWinPlugin: PIX capture plugin failed to initialize! Check that the process is launched from PIX.
LogInit: Using libcurl 7.55.1-DEV
LogInit:  - built for x86_64-pc-win32
LogInit:  - supports SSL with OpenSSL/1.1.1
LogInit:  - supports HTTP deflate (compression) using libz 1.2.8
LogInit:  - other features:
LogInit:      CURL_VERSION_SSL
LogInit:      CURL_VERSION_LIBZ
LogInit:      CURL_VERSION_IPV6
LogInit:      CURL_VERSION_ASYNCHDNS
LogInit:      CURL_VERSION_LARGEFILE
LogInit:      CURL_VERSION_IDN
LogInit:  CurlRequestOptions (configurable via config and command line):
LogInit:  - bVerifyPeer = true  - Libcurl will verify peer certificate
LogInit:  - bUseHttpProxy = false  - Libcurl will NOT use HTTP proxy
LogInit:  - bDontReuseConnections = false  - Libcurl will reuse connections
LogInit:  - MaxHostConnections = 16  - Libcurl will limit the number of connections to a host
LogInit:  - LocalHostAddr = Default
LogInit:  - BufferSize = 65536
LogOnline: OSS: Creating online subsystem instance for: NULL
LogInit: WinSock: version 1.1 (2.2), MaxSocks=32767, MaxUdp=65467
LogOnline: OSS: TryLoadSubsystemAndSetDefault: Loaded subsystem for module [NULL]
LogOculusPluginWrapper: OculusPlugin initialized successfully
LogHMD: Failed initializing OVRPlugin 1.59.0
LogInit: Build: ++UE4+Release-4.27-CL-18319896
LogInit: Engine Version: 4.27.2-18319896+++UE4+Release-4.27
LogInit: Compatible Engine Version: 4.27.0-17155196+++UE4+Release-4.27
LogInit: Net CL: 17155196
LogInit: OS: Windows 10 (Release 2009) (), CPU: AMD Ryzen 7 7840HS w/ Radeon 780M Graphics     , GPU: AMD Radeon(TM) 780M
LogInit: Compiled (64-bit): Nov 30 2021 07:12:08
LogInit: Compiled with Visual C++: 19.24.28315.00
LogInit: Build Configuration: Development
LogInit: Branch Name: ++UE4+Release-4.27
LogInit: Command Line: 
LogInit: Base Directory: C:/Program Files/Epic Games/UE_4.27/Engine/Binaries/Win64/
LogInit: Allocator: TBB
LogInit: Installed Engine Build: 1
LogDevObjectVersion: Number of dev versions registered: 29
LogDevObjectVersion:   Dev-Blueprints (B0D832E4-1F89-4F0D-ACCF-7EB736FD4AA2): 10
LogDevObjectVersion:   Dev-Build (E1C64328-A22C-4D53-A36C-8E866417BD8C): 0
LogDevObjectVersion:   Dev-Core (375EC13C-06E4-48FB-B500-84F0262A717E): 4
LogDevObjectVersion:   Dev-Editor (E4B068ED-F494-42E9-A231-DA0B2E46BB41): 40
LogDevObjectVersion:   Dev-Framework (CFFC743F-43B0-4480-9391-14DF171D2073): 37
LogDevObjectVersion:   Dev-Mobile (B02B49B5-BB20-44E9-A304-32B752E40360): 3
LogDevObjectVersion:   Dev-Networking (A4E4105C-59A1-49B5-A7C5-40C4547EDFEE): 0
LogDevObjectVersion:   Dev-Online (39C831C9-5AE6-47DC-9A44-9C173E1C8E7C): 0
LogDevObjectVersion:   Dev-Physics (78F01B33-EBEA-4F98-B9B4-84EACCB95AA2): 14
LogDevObjectVersion:   Dev-Platform (6631380F-2D4D-43E0-8009-CF276956A95A): 0
LogDevObjectVersion:   Dev-Rendering (12F88B9F-8875-4AFC-A67C-D90C383ABD29): 45
LogDevObjectVersion:   Dev-Sequencer (7B5AE74C-D270-4C10-A958-57980B212A5A): 13
LogDevObjectVersion:   Dev-VR (D7296918-1DD6-4BDD-9DE2-64A83CC13884): 3
LogDevObjectVersion:   Dev-LoadTimes (C2A15278-BFE7-4AFE-6C17-90FF531DF755): 1
LogDevObjectVersion:   Private-Geometry (6EACA3D4-40EC-4CC1-B786-8BED09428FC5): 3
LogDevObjectVersion:   Dev-AnimPhys (29E575DD-E0A3-4627-9D10-D276232CDCEA): 17
LogDevObjectVersion:   Dev-Anim (AF43A65D-7FD3-4947-9873-3E8ED9C1BB05): 15
LogDevObjectVersion:   Dev-ReflectionCapture (6B266CEC-1EC7-4B8F-A30B-E4D90942FC07): 1
LogDevObjectVersion:   Dev-Automation (0DF73D61-A23F-47EA-B727-89E90C41499A): 1
LogDevObjectVersion:   FortniteMain (601D1886-AC64-4F84-AA16-D3DE0DEAC7D6): 47
LogDevObjectVersion:   FortniteRelease (E7086368-6B23-4C58-8439-1B7016265E91): 1
LogDevObjectVersion:   Dev-Enterprise (9DFFBCD6-494F-0158-E221-12823C92A888): 10
LogDevObjectVersion:   Dev-Niagara (F2AED0AC-9AFE-416F-8664-AA7FFA26D6FC): 1
LogDevObjectVersion:   Dev-Destruction (174F1F0B-B4C6-45A5-B13F-2EE8D0FB917D): 10
LogDevObjectVersion:   Dev-Physics-Ext (35F94A83-E258-406C-A318-09F59610247C): 41
LogDevObjectVersion:   Dev-PhysicsMaterial-Chaos (B68FC16E-8B1B-42E2-B453-215C058844FE): 1
LogDevObjectVersion:   Dev-CineCamera (B2E18506-4273-CFC2-A54E-F4BB758BBA07): 1
LogDevObjectVersion:   Dev-VirtualProduction (64F58936-FD1B-42BA-BA96-7289D5D0FA4E): 1
LogDevObjectVersion:   Dev-MediaFramework (6F0ED827-A609-4895-9C91-998D90180EA4): 2
LogInit: Presizing for max 25165824 objects, including 0 objects not considered by GC, pre-allocating 0 bytes for permanent pool.
LogConfig: Applying CVar settings from Section [/Script/Engine.StreamingSettings] File [C:/Users/alber/OneDrive/Documentos/Unreal Projects/MarioAnahuacOrdinario/MarioAnahuacOrdinario/Saved/Config/Windows/Engine.ini]
LogConfig: Setting CVar [[s.MinBulkDataSizeForAsyncLoading:131072]]
LogConfig: Setting CVar [[s.AsyncLoadingThreadEnabled:0]]
LogConfig: Setting CVar [[s.EventDrivenLoaderEnabled:1]]
LogConfig: Setting CVar [[s.WarnIfTimeLimitExceeded:0]]
LogConfig: Setting CVar [[s.TimeLimitExceededMultiplier:1.5]]
LogConfig: Setting CVar [[s.TimeLimitExceededMinTime:0.005]]
LogConfig: Setting CVar [[s.UseBackgroundLevelStreaming:1]]
LogConfig: Setting CVar [[s.PriorityAsyncLoadingExtraTime:15.0]]
LogConfig: Setting CVar [[s.LevelStreamingActorsUpdateTimeLimit:5.0]]
LogConfig: Setting CVar [[s.PriorityLevelStreamingActorsUpdateExtraTime:5.0]]
LogConfig: Setting CVar [[s.LevelStreamingComponentsRegistrationGranularity:10]]
LogConfig: Setting CVar [[s.UnregisterComponentsTimeLimit:1.0]]
LogConfig: Setting CVar [[s.LevelStreamingComponentsUnregistrationGranularity:5]]
LogConfig: Setting CVar [[s.FlushStreamingOnExit:1]]
LogInit: Object subsystem initialized
LogConfig: Setting CVar [[con.DebugEarlyDefault:1]]
LogConfig: Setting CVar [[r.setres:1280x720]]
[2024.05.18-20.56.22:699][  0]LogConfig: Setting CVar [[r.VSync:0]]
[2024.05.18-20.56.22:699][  0]LogConfig: Setting CVar [[r.RHICmdBypass:0]]
[2024.05.18-20.56.22:699][  0]LogConfig: Applying CVar settings from Section [/Script/Engine.RendererSettings] File [C:/Users/alber/OneDrive/Documentos/Unreal Projects/MarioAnahuacOrdinario/MarioAnahuacOrdinario/Saved/Config/Windows/Engine.ini]
[2024.05.18-20.56.22:699][  0]LogConfig: Setting CVar [[r.GPUCrashDebugging:0]]
[2024.05.18-20.56.22:699][  0]LogConfig: Applying CVar settings from Section [/Script/Engine.RendererOverrideSettings] File [C:/Users/alber/OneDrive/Documentos/Unreal Projects/MarioAnahuacOrdinario/MarioAnahuacOrdinario/Saved/Config/Windows/Engine.ini]
[2024.05.18-20.56.22:699][  0]LogConfig: Applying CVar settings from Section [/Script/Engine.StreamingSettings] File [C:/Users/alber/OneDrive/Documentos/Unreal Projects/MarioAnahuacOrdinario/MarioAnahuacOrdinario/Saved/Config/Windows/Engine.ini]
[2024.05.18-20.56.22:699][  0]LogConfig: Setting CVar [[s.MinBulkDataSizeForAsyncLoading:131072]]
[2024.05.18-20.56.22:699][  0]LogConfig: Setting CVar [[s.AsyncLoadingThreadEnabled:0]]
[2024.05.18-20.56.22:699][  0]LogConfig: Setting CVar [[s.EventDrivenLoaderEnabled:1]]
[2024.05.18-20.56.22:699][  0]LogConfig: Setting CVar [[s.WarnIfTimeLimitExceeded:0]]
[2024.05.18-20.56.22:699][  0]LogConfig: Setting CVar [[s.TimeLimitExceededMultiplier:1.5]]
[2024.05.18-20.56.22:699][  0]LogConfig: Setting CVar [[s.TimeLimitExceededMinTime:0.005]]
[2024.05.18-20.56.22:699][  0]LogConfig: Setting CVar [[s.UseBackgroundLevelStreaming:1]]
[2024.05.18-20.56.22:699][  0]LogConfig: Setting CVar [[s.PriorityAsyncLoadingExtraTime:15.0]]
[2024.05.18-20.56.22:699][  0]LogConfig: Setting CVar [[s.LevelStreamingActorsUpdateTimeLimit:5.0]]
[2024.05.18-20.56.22:699][  0]LogConfig: Setting CVar [[s.PriorityLevelStreamingActorsUpdateExtraTime:5.0]]
[2024.05.18-20.56.22:699][  0]LogConfig: Setting CVar [[s.LevelStreamingComponentsRegistrationGranularity:10]]
[2024.05.18-20.56.22:699][  0]LogConfig: Setting CVar [[s.UnregisterComponentsTimeLimit:1.0]]
[2024.05.18-20.56.22:699][  0]LogConfig: Setting CVar [[s.LevelStreamingComponentsUnregistrationGranularity:5]]
[2024.05.18-20.56.22:699][  0]LogConfig: Setting CVar [[s.FlushStreamingOnExit:1]]
[2024.05.18-20.56.22:699][  0]LogConfig: Applying CVar settings from Section [/Script/Engine.GarbageCollectionSettings] File [C:/Users/alber/OneDrive/Documentos/Unreal Projects/MarioAnahuacOrdinario/MarioAnahuacOrdinario/Saved/Config/Windows/Engine.ini]
[2024.05.18-20.56.22:699][  0]LogConfig: Setting CVar [[gc.MaxObjectsNotConsideredByGC:1]]
[2024.05.18-20.56.22:699][  0]LogConfig: Setting CVar [[gc.SizeOfPermanentObjectPool:0]]
[2024.05.18-20.56.22:699][  0]LogConfig: Setting CVar [[gc.FlushStreamingOnGC:0]]
[2024.05.18-20.56.22:699][  0]LogConfig: Setting CVar [[gc.NumRetriesBeforeForcingGC:10]]
[2024.05.18-20.56.22:699][  0]LogConfig: Setting CVar [[gc.AllowParallelGC:1]]
[2024.05.18-20.56.22:699][  0]LogConfig: Setting CVar [[gc.TimeBetweenPurgingPendingKillObjects:61.1]]
[2024.05.18-20.56.22:699][  0]LogConfig: Setting CVar [[gc.MaxObjectsInEditor:25165824]]
[2024.05.18-20.56.22:699][  0]LogConfig: Setting CVar [[gc.IncrementalBeginDestroyEnabled:1]]
[2024.05.18-20.56.22:699][  0]LogConfig: Setting CVar [[gc.CreateGCClusters:1]]
[2024.05.18-20.56.22:699][  0]LogConfig: Setting CVar [[gc.MinGCClusterSize:5]]
[2024.05.18-20.56.22:699][  0]LogConfig: Setting CVar [[gc.ActorClusteringEnabled:0]]
[2024.05.18-20.56.22:699][  0]LogConfig: Setting CVar [[gc.BlueprintClusteringEnabled:0]]
[2024.05.18-20.56.22:699][  0]LogConfig: Setting CVar [[gc.UseDisregardForGCOnDedicatedServers:0]]
[2024.05.18-20.56.22:699][  0]LogConfig: Setting CVar [[gc.MultithreadedDestructionEnabled:1]]
[2024.05.18-20.56.22:699][  0]LogConfig: Applying CVar settings from Section [/Script/Engine.NetworkSettings] File [C:/Users/alber/OneDrive/Documentos/Unreal Projects/MarioAnahuacOrdinario/MarioAnahuacOrdinario/Saved/Config/Windows/Engine.ini]
[2024.05.18-20.56.22:699][  0]LogConfig: Applying CVar settings from Section [/Script/UnrealEd.CookerSettings] File [C:/Users/alber/OneDrive/Documentos/Unreal Projects/MarioAnahuacOrdinario/MarioAnahuacOrdinario/Saved/Config/Windows/Engine.ini]
[2024.05.18-20.56.22:710][  0]LogConfig: Applying CVar settings from Section [ViewDistanceQuality@3] File [C:/Users/alber/OneDrive/Documentos/Unreal Projects/MarioAnahuacOrdinario/MarioAnahuacOrdinario/Saved/Config/Windows/Scalability.ini]
[2024.05.18-20.56.22:710][  0]LogConfig: Setting CVar [[r.SkeletalMeshLODBias:0]]
[2024.05.18-20.56.22:710][  0]LogConfig: Setting CVar [[r.ViewDistanceScale:1.0]]
[2024.05.18-20.56.22:710][  0]LogConfig: Applying CVar settings from Section [AntiAliasingQuality@3] File [C:/Users/alber/OneDrive/Documentos/Unreal Projects/MarioAnahuacOrdinario/MarioAnahuacOrdinario/Saved/Config/Windows/Scalability.ini]
[2024.05.18-20.56.22:710][  0]LogConfig: Setting CVar [[r.PostProcessAAQuality:4]]
[2024.05.18-20.56.22:710][  0]LogConfig: Applying CVar settings from Section [ShadowQuality@3] File [C:/Users/alber/OneDrive/Documentos/Unreal Projects/MarioAnahuacOrdinario/MarioAnahuacOrdinario/Saved/Config/Windows/Scalability.ini]
[2024.05.18-20.56.22:710][  0]LogConfig: Setting CVar [[r.LightFunctionQuality:1]]
[2024.05.18-20.56.22:710][  0]LogConfig: Setting CVar [[r.ShadowQuality:5]]
[2024.05.18-20.56.22:710][  0]LogConfig: Setting CVar [[r.Shadow.CSM.MaxCascades:10]]
[2024.05.18-20.56.22:710][  0]LogConfig: Setting CVar [[r.Shadow.MaxResolution:2048]]
[2024.05.18-20.56.22:710][  0]LogConfig: Setting CVar [[r.Shadow.MaxCSMResolution:2048]]
[2024.05.18-20.56.22:710][  0]LogConfig: Setting CVar [[r.Shadow.RadiusThreshold:0.01]]
[2024.05.18-20.56.22:710][  0]LogConfig: Setting CVar [[r.Shadow.DistanceScale:1.0]]
[2024.05.18-20.56.22:710][  0]LogConfig: Setting CVar [[r.Shadow.CSM.TransitionScale:1.0]]
[2024.05.18-20.56.22:710][  0]LogConfig: Setting CVar [[r.Shadow.PreShadowResolutionFactor:1.0]]
[2024.05.18-20.56.22:710][  0]LogConfig: Setting CVar [[r.DistanceFieldShadowing:1]]
[2024.05.18-20.56.22:710][  0]LogConfig: Setting CVar [[r.DistanceFieldAO:1]]
[2024.05.18-20.56.22:710][  0]LogConfig: Setting CVar [[r.AOQuality:2]]
[2024.05.18-20.56.22:710][  0]LogConfig: Setting CVar [[r.VolumetricFog:1]]
[2024.05.18-20.56.22:710][  0]LogConfig: Setting CVar [[r.VolumetricFog.GridPixelSize:8]]
[2024.05.18-20.56.22:710][  0]LogConfig: Setting CVar [[r.VolumetricFog.GridSizeZ:128]]
[2024.05.18-20.56.22:710][  0]LogConfig: Setting CVar [[r.VolumetricFog.HistoryMissSupersampleCount:4]]
[2024.05.18-20.56.22:710][  0]LogConfig: Setting CVar [[r.LightMaxDrawDistanceScale:1]]
[2024.05.18-20.56.22:710][  0]LogConfig: Setting CVar [[r.CapsuleShadows:1]]
[2024.05.18-20.56.22:710][  0]LogConfig: Applying CVar settings from Section [PostProcessQuality@3] File [C:/Users/alber/OneDrive/Documentos/Unreal Projects/MarioAnahuacOrdinario/MarioAnahuacOrdinario/Saved/Config/Windows/Scalability.ini]
[2024.05.18-20.56.22:710][  0]LogConfig: Setting CVar [[r.MotionBlurQuality:4]]
[2024.05.18-20.56.22:710][  0]LogConfig: Setting CVar [[r.AmbientOcclusionMipLevelFactor:0.4]]
[2024.05.18-20.56.22:710][  0]LogConfig: Setting CVar [[r.AmbientOcclusionMaxQuality:100]]
[2024.05.18-20.56.22:710][  0]LogConfig: Setting CVar [[r.AmbientOcclusionLevels:-1]]
[2024.05.18-20.56.22:710][  0]LogConfig: Setting CVar [[r.AmbientOcclusionRadiusScale:1.0]]
[2024.05.18-20.56.22:710][  0]LogConfig: Setting CVar [[r.DepthOfFieldQuality:2]]
[2024.05.18-20.56.22:710][  0]LogConfig: Setting CVar [[r.RenderTargetPoolMin:400]]
[2024.05.18-20.56.22:710][  0]LogConfig: Setting CVar [[r.LensFlareQuality:2]]
[2024.05.18-20.56.22:710][  0]LogConfig: Setting CVar [[r.SceneColorFringeQuality:1]]
[2024.05.18-20.56.22:710][  0]LogConfig: Setting CVar [[r.EyeAdaptationQuality:2]]
[2024.05.18-20.56.22:710][  0]LogConfig: Setting CVar [[r.BloomQuality:5]]
[2024.05.18-20.56.22:710][  0]LogConfig: Setting CVar [[r.FastBlurThreshold:100]]
[2024.05.18-20.56.22:710][  0]LogConfig: Setting CVar [[r.Upscale.Quality:3]]
[2024.05.18-20.56.22:710][  0]LogConfig: Setting CVar [[r.Tonemapper.GrainQuantization:1]]
[2024.05.18-20.56.22:710][  0]LogConfig: Setting CVar [[r.LightShaftQuality:1]]
[2024.05.18-20.56.22:710][  0]LogConfig: Setting CVar [[r.Filter.SizeScale:1]]
[2024.05.18-20.56.22:710][  0]LogConfig: Setting CVar [[r.Tonemapper.Quality:5]]
[2024.05.18-20.56.22:710][  0]LogConfig: Setting CVar [[r.DOF.Gather.AccumulatorQuality:1        ; higher gathering accumulator quality]]
[2024.05.18-20.56.22:710][  0]LogConfig: Setting CVar [[r.DOF.Gather.PostfilterMethod:1          ; Median3x3 postfilering method]]
[2024.05.18-20.56.22:710][  0]LogConfig: Setting CVar [[r.DOF.Gather.EnableBokehSettings:0       ; no bokeh simulation when gathering]]
[2024.05.18-20.56.22:710][  0]LogConfig: Setting CVar [[r.DOF.Gather.RingCount:4                 ; medium number of samples when gathering]]
[2024.05.18-20.56.22:710][  0]LogConfig: Setting CVar [[r.DOF.Scatter.ForegroundCompositing:1    ; additive foreground scattering]]
[2024.05.18-20.56.22:710][  0]LogConfig: Setting CVar [[r.DOF.Scatter.BackgroundCompositing:2    ; additive background scattering]]
[2024.05.18-20.56.22:710][  0]LogConfig: Setting CVar [[r.DOF.Scatter.EnableBokehSettings:1      ; bokeh simulation when scattering]]
[2024.05.18-20.56.22:710][  0]LogConfig: Setting CVar [[r.DOF.Scatter.MaxSpriteRatio:0.1         ; only a maximum of 10% of scattered bokeh]]
[2024.05.18-20.56.22:710][  0]LogConfig: Setting CVar [[r.DOF.Recombine.Quality:1                ; cheap slight out of focus]]
[2024.05.18-20.56.22:710][  0]LogConfig: Setting CVar [[r.DOF.Recombine.EnableBokehSettings:0    ; no bokeh simulation on slight out of focus]]
[2024.05.18-20.56.22:710][  0]LogConfig: Setting CVar [[r.DOF.TemporalAAQuality:1                ; more stable temporal accumulation]]
[2024.05.18-20.56.22:710][  0]LogConfig: Setting CVar [[r.DOF.Kernel.MaxForegroundRadius:0.025]]
[2024.05.18-20.56.22:710][  0]LogConfig: Setting CVar [[r.DOF.Kernel.MaxBackgroundRadius:0.025]]
[2024.05.18-20.56.22:710][  0]LogConfig: Applying CVar settings from Section [TextureQuality@3] File [C:/Users/alber/OneDrive/Documentos/Unreal Projects/MarioAnahuacOrdinario/MarioAnahuacOrdinario/Saved/Config/Windows/Scalability.ini]
[2024.05.18-20.56.22:710][  0]LogConfig: Setting CVar [[r.Streaming.MipBias:0]]
[2024.05.18-20.56.22:710][  0]LogConfig: Setting CVar [[r.Streaming.AmortizeCPUToGPUCopy:0]]
[2024.05.18-20.56.22:710][  0]LogConfig: Setting CVar [[r.Streaming.MaxNumTexturesToStreamPerFrame:0]]
[2024.05.18-20.56.22:710][  0]LogConfig: Setting CVar [[r.Streaming.Boost:1]]
[2024.05.18-20.56.22:710][  0]LogConfig: Setting CVar [[r.MaxAnisotropy:8]]
[2024.05.18-20.56.22:710][  0]LogConfig: Setting CVar [[r.VT.MaxAnisotropy:8]]
[2024.05.18-20.56.22:710][  0]LogConfig: Setting CVar [[r.Streaming.LimitPoolSizeToVRAM:0]]
[2024.05.18-20.56.22:710][  0]LogConfig: Setting CVar [[r.Streaming.PoolSize:1000]]
[2024.05.18-20.56.22:710][  0]LogConfig: Setting CVar [[r.Streaming.MaxEffectiveScreenSize:0]]
[2024.05.18-20.56.22:710][  0]LogConfig: Applying CVar settings from Section [EffectsQuality@3] File [C:/Users/alber/OneDrive/Documentos/Unreal Projects/MarioAnahuacOrdinario/MarioAnahuacOrdinario/Saved/Config/Windows/Scalability.ini]
[2024.05.18-20.56.22:712][  0]LogConfig: Setting CVar [[r.TranslucencyLightingVolumeDim:64]]
[2024.05.18-20.56.22:712][  0]LogConfig: Setting CVar [[r.RefractionQuality:2]]
[2024.05.18-20.56.22:712][  0]LogConfig: Setting CVar [[r.SSR.Quality:3]]
[2024.05.18-20.56.22:712][  0]LogConfig: Setting CVar [[r.SSR.HalfResSceneColor:0]]
[2024.05.18-20.56.22:712][  0]LogConfig: Setting CVar [[r.SceneColorFormat:4]]
[2024.05.18-20.56.22:712][  0]LogConfig: Setting CVar [[r.DetailMode:2]]
[2024.05.18-20.56.22:712][  0]LogConfig: Setting CVar [[r.TranslucencyVolumeBlur:1]]
[2024.05.18-20.56.22:712][  0]LogConfig: Setting CVar [[r.MaterialQualityLevel:1 ; High quality]]
[2024.05.18-20.56.22:712][  0]LogConfig: Setting CVar [[r.AnisotropicMaterials:1]]
[2024.05.18-20.56.22:712][  0]LogConfig: Setting CVar [[r.SSS.Scale:1]]
[2024.05.18-20.56.22:712][  0]LogConfig: Setting CVar [[r.SSS.SampleSet:2]]
[2024.05.18-20.56.22:712][  0]LogConfig: Setting CVar [[r.SSS.Quality:1]]
[2024.05.18-20.56.22:712][  0]LogConfig: Setting CVar [[r.SSS.HalfRes:0]]
[2024.05.18-20.56.22:712][  0]LogConfig: Setting CVar [[r.SSGI.Quality:3]]
[2024.05.18-20.56.22:712][  0]LogConfig: Setting CVar [[r.EmitterSpawnRateScale:1.0]]
[2024.05.18-20.56.22:712][  0]LogConfig: Setting CVar [[r.ParticleLightQuality:2]]
[2024.05.18-20.56.22:712][  0]LogConfig: Setting CVar [[r.SkyAtmosphere.AerialPerspectiveLUT.FastApplyOnOpaque:1 ; Always have FastSkyLUT 1 in this case to avoid wrong sky]]
[2024.05.18-20.56.22:712][  0]LogConfig: Setting CVar [[r.SkyAtmosphere.AerialPerspectiveLUT.SampleCountMaxPerSlice:4]]
[2024.05.18-20.56.22:712][  0]LogConfig: Setting CVar [[r.SkyAtmosphere.AerialPerspectiveLUT.DepthResolution:16.0]]
[2024.05.18-20.56.22:712][  0]LogConfig: Setting CVar [[r.SkyAtmosphere.FastSkyLUT:1]]
[2024.05.18-20.56.22:712][  0]LogConfig: Setting CVar [[r.SkyAtmosphere.FastSkyLUT.SampleCountMin:4.0]]
[2024.05.18-20.56.22:712][  0]LogConfig: Setting CVar [[r.SkyAtmosphere.FastSkyLUT.SampleCountMax:128.0]]
[2024.05.18-20.56.22:712][  0]LogConfig: Setting CVar [[r.SkyAtmosphere.SampleCountMin:4.0]]
[2024.05.18-20.56.22:712][  0]LogConfig: Setting CVar [[r.SkyAtmosphere.SampleCountMax:128.0]]
[2024.05.18-20.56.22:712][  0]LogConfig: Setting CVar [[r.SkyAtmosphere.TransmittanceLUT.UseSmallFormat:0]]
[2024.05.18-20.56.22:712][  0]LogConfig: Setting CVar [[r.SkyAtmosphere.TransmittanceLUT.SampleCount:10.0]]
[2024.05.18-20.56.22:712][  0]LogConfig: Setting CVar [[r.SkyAtmosphere.MultiScatteringLUT.SampleCount:15.0]]
[2024.05.18-20.56.22:712][  0]LogConfig: Setting CVar [[r.SkyLight.RealTimeReflectionCapture:1]]
[2024.05.18-20.56.22:712][  0]LogConfig: Applying CVar settings from Section [FoliageQuality@3] File [C:/Users/alber/OneDrive/Documentos/Unreal Projects/MarioAnahuacOrdinario/MarioAnahuacOrdinario/Saved/Config/Windows/Scalability.ini]
[2024.05.18-20.56.22:712][  0]LogConfig: Setting CVar [[foliage.DensityScale:1.0]]
[2024.05.18-20.56.22:712][  0]LogConfig: Setting CVar [[grass.DensityScale:1.0]]
[2024.05.18-20.56.22:712][  0]LogConfig: Applying CVar settings from Section [ShadingQuality@3] File [C:/Users/alber/OneDrive/Documentos/Unreal Projects/MarioAnahuacOrdinario/MarioAnahuacOrdinario/Saved/Config/Windows/Scalability.ini]
[2024.05.18-20.56.22:712][  0]LogConfig: Setting CVar [[r.HairStrands.SkyLighting.IntegrationType:2]]
[2024.05.18-20.56.22:712][  0]LogConfig: Setting CVar [[r.HairStrands.SkyAO.SampleCount:4]]
[2024.05.18-20.56.22:712][  0]LogConfig: Setting CVar [[r.HairStrands.Visibility.MSAA.SamplePerPixel:4]]
[2024.05.18-20.56.22:712][  0]LogInit: Selected Device Profile: [Windows]
[2024.05.18-20.56.22:712][  0]LogInit: Applying CVar settings loaded from the selected device profile: [Windows]
[2024.05.18-20.56.22:712][  0]LogHAL: Display: Platform has ~ 16 GB [16309932032 / 17179869184 / 16], which maps to Larger [LargestMinGB=32, LargerMinGB=12, DefaultMinGB=8, SmallerMinGB=6, SmallestMinGB=0)
[2024.05.18-20.56.22:712][  0]LogInit: Going up to parent DeviceProfile []
[2024.05.18-20.56.22:712][  0]LogConfig: Applying CVar settings from Section [ViewDistanceQuality@3] File [C:/Users/alber/OneDrive/Documentos/Unreal Projects/MarioAnahuacOrdinario/MarioAnahuacOrdinario/Saved/Config/Windows/Scalability.ini]
[2024.05.18-20.56.22:712][  0]LogConfig: Setting CVar [[r.SkeletalMeshLODBias:0]]
[2024.05.18-20.56.22:712][  0]LogConfig: Setting CVar [[r.ViewDistanceScale:1.0]]
[2024.05.18-20.56.22:712][  0]LogConfig: Applying CVar settings from Section [AntiAliasingQuality@3] File [C:/Users/alber/OneDrive/Documentos/Unreal Projects/MarioAnahuacOrdinario/MarioAnahuacOrdinario/Saved/Config/Windows/Scalability.ini]
[2024.05.18-20.56.22:712][  0]LogConfig: Setting CVar [[r.PostProcessAAQuality:4]]
[2024.05.18-20.56.22:712][  0]LogConfig: Applying CVar settings from Section [ShadowQuality@3] File [C:/Users/alber/OneDrive/Documentos/Unreal Projects/MarioAnahuacOrdinario/MarioAnahuacOrdinario/Saved/Config/Windows/Scalability.ini]
[2024.05.18-20.56.22:712][  0]LogConfig: Setting CVar [[r.LightFunctionQuality:1]]
[2024.05.18-20.56.22:712][  0]LogConfig: Setting CVar [[r.ShadowQuality:5]]
[2024.05.18-20.56.22:712][  0]LogConfig: Setting CVar [[r.Shadow.CSM.MaxCascades:10]]
[2024.05.18-20.56.22:712][  0]LogConfig: Setting CVar [[r.Shadow.MaxResolution:2048]]
[2024.05.18-20.56.22:712][  0]LogConfig: Setting CVar [[r.Shadow.MaxCSMResolution:2048]]
[2024.05.18-20.56.22:712][  0]LogConfig: Setting CVar [[r.Shadow.RadiusThreshold:0.01]]
[2024.05.18-20.56.22:712][  0]LogConfig: Setting CVar [[r.Shadow.DistanceScale:1.0]]
[2024.05.18-20.56.22:712][  0]LogConfig: Setting CVar [[r.Shadow.CSM.TransitionScale:1.0]]
[2024.05.18-20.56.22:712][  0]LogConfig: Setting CVar [[r.Shadow.PreShadowResolutionFactor:1.0]]
[2024.05.18-20.56.22:712][  0]LogConfig: Setting CVar [[r.DistanceFieldShadowing:1]]
[2024.05.18-20.56.22:712][  0]LogConfig: Setting CVar [[r.DistanceFieldAO:1]]
[2024.05.18-20.56.22:712][  0]LogConfig: Setting CVar [[r.AOQuality:2]]
[2024.05.18-20.56.22:712][  0]LogConfig: Setting CVar [[r.VolumetricFog:1]]
[2024.05.18-20.56.22:712][  0]LogConfig: Setting CVar [[r.VolumetricFog.GridPixelSize:8]]
[2024.05.18-20.56.22:712][  0]LogConfig: Setting CVar [[r.VolumetricFog.GridSizeZ:128]]
[2024.05.18-20.56.22:712][  0]LogConfig: Setting CVar [[r.VolumetricFog.HistoryMissSupersampleCount:4]]
[2024.05.18-20.56.22:712][  0]LogConfig: Setting CVar [[r.LightMaxDrawDistanceScale:1]]
[2024.05.18-20.56.22:712][  0]LogConfig: Setting CVar [[r.CapsuleShadows:1]]
[2024.05.18-20.56.22:712][  0]LogConfig: Applying CVar settings from Section [PostProcessQuality@3] File [C:/Users/alber/OneDrive/Documentos/Unreal Projects/MarioAnahuacOrdinario/MarioAnahuacOrdinario/Saved/Config/Windows/Scalability.ini]
[2024.05.18-20.56.22:712][  0]LogConfig: Setting CVar [[r.MotionBlurQuality:4]]
[2024.05.18-20.56.22:712][  0]LogConfig: Setting CVar [[r.AmbientOcclusionMipLevelFactor:0.4]]
[2024.05.18-20.56.22:712][  0]LogConfig: Setting CVar [[r.AmbientOcclusionMaxQuality:100]]
[2024.05.18-20.56.22:712][  0]LogConfig: Setting CVar [[r.AmbientOcclusionLevels:-1]]
[2024.05.18-20.56.22:712][  0]LogConfig: Setting CVar [[r.AmbientOcclusionRadiusScale:1.0]]
[2024.05.18-20.56.22:712][  0]LogConfig: Setting CVar [[r.DepthOfFieldQuality:2]]
[2024.05.18-20.56.22:712][  0]LogConfig: Setting CVar [[r.RenderTargetPoolMin:400]]
[2024.05.18-20.56.22:712][  0]LogConfig: Setting CVar [[r.LensFlareQuality:2]]
[2024.05.18-20.56.22:712][  0]LogConfig: Setting CVar [[r.SceneColorFringeQuality:1]]
[2024.05.18-20.56.22:712][  0]LogConfig: Setting CVar [[r.EyeAdaptationQuality:2]]
[2024.05.18-20.56.22:712][  0]LogConfig: Setting CVar [[r.BloomQuality:5]]
[2024.05.18-20.56.22:712][  0]LogConfig: Setting CVar [[r.FastBlurThreshold:100]]
[2024.05.18-20.56.22:712][  0]LogConfig: Setting CVar [[r.Upscale.Quality:3]]
[2024.05.18-20.56.22:712][  0]LogConfig: Setting CVar [[r.Tonemapper.GrainQuantization:1]]
[2024.05.18-20.56.22:712][  0]LogConfig: Setting CVar [[r.LightShaftQuality:1]]
[2024.05.18-20.56.22:712][  0]LogConfig: Setting CVar [[r.Filter.SizeScale:1]]
[2024.05.18-20.56.22:712][  0]LogConfig: Setting CVar [[r.Tonemapper.Quality:5]]
[2024.05.18-20.56.22:712][  0]LogConfig: Setting CVar [[r.DOF.Gather.AccumulatorQuality:1        ; higher gathering accumulator quality]]
[2024.05.18-20.56.22:712][  0]LogConfig: Setting CVar [[r.DOF.Gather.PostfilterMethod:1          ; Median3x3 postfilering method]]
[2024.05.18-20.56.22:712][  0]LogConfig: Setting CVar [[r.DOF.Gather.EnableBokehSettings:0       ; no bokeh simulation when gathering]]
[2024.05.18-20.56.22:712][  0]LogConfig: Setting CVar [[r.DOF.Gather.RingCount:4                 ; medium number of samples when gathering]]
[2024.05.18-20.56.22:712][  0]LogConfig: Setting CVar [[r.DOF.Scatter.ForegroundCompositing:1    ; additive foreground scattering]]
[2024.05.18-20.56.22:712][  0]LogConfig: Setting CVar [[r.DOF.Scatter.BackgroundCompositing:2    ; additive background scattering]]
[2024.05.18-20.56.22:712][  0]LogConfig: Setting CVar [[r.DOF.Scatter.EnableBokehSettings:1      ; bokeh simulation when scattering]]
[2024.05.18-20.56.22:712][  0]LogConfig: Setting CVar [[r.DOF.Scatter.MaxSpriteRatio:0.1         ; only a maximum of 10% of scattered bokeh]]
[2024.05.18-20.56.22:712][  0]LogConfig: Setting CVar [[r.DOF.Recombine.Quality:1                ; cheap slight out of focus]]
[2024.05.18-20.56.22:712][  0]LogConfig: Setting CVar [[r.DOF.Recombine.EnableBokehSettings:0    ; no bokeh simulation on slight out of focus]]
[2024.05.18-20.56.22:712][  0]LogConfig: Setting CVar [[r.DOF.TemporalAAQuality:1                ; more stable temporal accumulation]]
[2024.05.18-20.56.22:712][  0]LogConfig: Setting CVar [[r.DOF.Kernel.MaxForegroundRadius:0.025]]
[2024.05.18-20.56.22:712][  0]LogConfig: Setting CVar [[r.DOF.Kernel.MaxBackgroundRadius:0.025]]
[2024.05.18-20.56.22:712][  0]LogConfig: Applying CVar settings from Section [TextureQuality@3] File [C:/Users/alber/OneDrive/Documentos/Unreal Projects/MarioAnahuacOrdinario/MarioAnahuacOrdinario/Saved/Config/Windows/Scalability.ini]
[2024.05.18-20.56.22:712][  0]LogConfig: Setting CVar [[r.Streaming.MipBias:0]]
[2024.05.18-20.56.22:712][  0]LogConfig: Setting CVar [[r.Streaming.AmortizeCPUToGPUCopy:0]]
[2024.05.18-20.56.22:712][  0]LogConfig: Setting CVar [[r.Streaming.MaxNumTexturesToStreamPerFrame:0]]
[2024.05.18-20.56.22:712][  0]LogConfig: Setting CVar [[r.Streaming.Boost:1]]
[2024.05.18-20.56.22:712][  0]LogConfig: Setting CVar [[r.MaxAnisotropy:8]]
[2024.05.18-20.56.22:712][  0]LogConfig: Setting CVar [[r.VT.MaxAnisotropy:8]]
[2024.05.18-20.56.22:712][  0]LogConfig: Setting CVar [[r.Streaming.LimitPoolSizeToVRAM:0]]
[2024.05.18-20.56.22:712][  0]LogConfig: Setting CVar [[r.Streaming.PoolSize:1000]]
[2024.05.18-20.56.22:712][  0]LogConfig: Setting CVar [[r.Streaming.MaxEffectiveScreenSize:0]]
[2024.05.18-20.56.22:712][  0]LogConfig: Applying CVar settings from Section [EffectsQuality@3] File [C:/Users/alber/OneDrive/Documentos/Unreal Projects/MarioAnahuacOrdinario/MarioAnahuacOrdinario/Saved/Config/Windows/Scalability.ini]
[2024.05.18-20.56.22:712][  0]LogConfig: Setting CVar [[r.TranslucencyLightingVolumeDim:64]]
[2024.05.18-20.56.22:712][  0]LogConfig: Setting CVar [[r.RefractionQuality:2]]
[2024.05.18-20.56.22:712][  0]LogConfig: Setting CVar [[r.SSR.Quality:3]]
[2024.05.18-20.56.22:712][  0]LogConfig: Setting CVar [[r.SSR.HalfResSceneColor:0]]
[2024.05.18-20.56.22:712][  0]LogConfig: Setting CVar [[r.SceneColorFormat:4]]
[2024.05.18-20.56.22:712][  0]LogConfig: Setting CVar [[r.DetailMode:2]]
[2024.05.18-20.56.22:712][  0]LogConfig: Setting CVar [[r.TranslucencyVolumeBlur:1]]
[2024.05.18-20.56.22:712][  0]LogConfig: Setting CVar [[r.MaterialQualityLevel:1 ; High quality]]
[2024.05.18-20.56.22:712][  0]LogConfig: Setting CVar [[r.AnisotropicMaterials:1]]
[2024.05.18-20.56.22:712][  0]LogConfig: Setting CVar [[r.SSS.Scale:1]]
[2024.05.18-20.56.22:712][  0]LogConfig: Setting CVar [[r.SSS.SampleSet:2]]
[2024.05.18-20.56.22:712][  0]LogConfig: Setting CVar [[r.SSS.Quality:1]]
[2024.05.18-20.56.22:712][  0]LogConfig: Setting CVar [[r.SSS.HalfRes:0]]
[2024.05.18-20.56.22:712][  0]LogConfig: Setting CVar [[r.SSGI.Quality:3]]
[2024.05.18-20.56.22:712][  0]LogConfig: Setting CVar [[r.EmitterSpawnRateScale:1.0]]
[2024.05.18-20.56.22:712][  0]LogConfig: Setting CVar [[r.ParticleLightQuality:2]]
[2024.05.18-20.56.22:712][  0]LogConfig: Setting CVar [[r.SkyAtmosphere.AerialPerspectiveLUT.FastApplyOnOpaque:1 ; Always have FastSkyLUT 1 in this case to avoid wrong sky]]
[2024.05.18-20.56.22:712][  0]LogConfig: Setting CVar [[r.SkyAtmosphere.AerialPerspectiveLUT.SampleCountMaxPerSlice:4]]
[2024.05.18-20.56.22:712][  0]LogConfig: Setting CVar [[r.SkyAtmosphere.AerialPerspectiveLUT.DepthResolution:16.0]]
[2024.05.18-20.56.22:712][  0]LogConfig: Setting CVar [[r.SkyAtmosphere.FastSkyLUT:1]]
[2024.05.18-20.56.22:712][  0]LogConfig: Setting CVar [[r.SkyAtmosphere.FastSkyLUT.SampleCountMin:4.0]]
[2024.05.18-20.56.22:712][  0]LogConfig: Setting CVar [[r.SkyAtmosphere.FastSkyLUT.SampleCountMax:128.0]]
[2024.05.18-20.56.22:713][  0]LogConfig: Setting CVar [[r.SkyAtmosphere.SampleCountMin:4.0]]
[2024.05.18-20.56.22:713][  0]LogConfig: Setting CVar [[r.SkyAtmosphere.SampleCountMax:128.0]]
[2024.05.18-20.56.22:713][  0]LogConfig: Setting CVar [[r.SkyAtmosphere.TransmittanceLUT.UseSmallFormat:0]]
[2024.05.18-20.56.22:713][  0]LogConfig: Setting CVar [[r.SkyAtmosphere.TransmittanceLUT.SampleCount:10.0]]
[2024.05.18-20.56.22:713][  0]LogConfig: Setting CVar [[r.SkyAtmosphere.MultiScatteringLUT.SampleCount:15.0]]
[2024.05.18-20.56.22:713][  0]LogConfig: Setting CVar [[r.SkyLight.RealTimeReflectionCapture:1]]
[2024.05.18-20.56.22:713][  0]LogConfig: Applying CVar settings from Section [FoliageQuality@3] File [C:/Users/alber/OneDrive/Documentos/Unreal Projects/MarioAnahuacOrdinario/MarioAnahuacOrdinario/Saved/Config/Windows/Scalability.ini]
[2024.05.18-20.56.22:713][  0]LogConfig: Setting CVar [[foliage.DensityScale:1.0]]
[2024.05.18-20.56.22:713][  0]LogConfig: Setting CVar [[grass.DensityScale:1.0]]
[2024.05.18-20.56.22:713][  0]LogConfig: Applying CVar settings from Section [ShadingQuality@3] File [C:/Users/alber/OneDrive/Documentos/Unreal Projects/MarioAnahuacOrdinario/MarioAnahuacOrdinario/Saved/Config/Windows/Scalability.ini]
[2024.05.18-20.56.22:713][  0]LogConfig: Setting CVar [[r.HairStrands.SkyLighting.IntegrationType:2]]
[2024.05.18-20.56.22:713][  0]LogConfig: Setting CVar [[r.HairStrands.SkyAO.SampleCount:4]]
[2024.05.18-20.56.22:713][  0]LogConfig: Setting CVar [[r.HairStrands.Visibility.MSAA.SamplePerPixel:4]]
[2024.05.18-20.56.22:713][  0]LogConfig: Applying CVar settings from Section [Startup] File [../../../Engine/Config/ConsoleVariables.ini]
[2024.05.18-20.56.22:713][  0]LogConfig: Setting CVar [[net.UseAdaptiveNetUpdateFrequency:0]]
[2024.05.18-20.56.22:713][  0]LogConfig: Setting CVar [[p.chaos.AllowCreatePhysxBodies:1]]
[2024.05.18-20.56.22:713][  0]LogConfig: Setting CVar [[fx.SkipVectorVMBackendOptimizations:1]]
[2024.05.18-20.56.22:713][  0]LogConfig: Applying CVar settings from Section [ConsoleVariables] File [C:/Users/alber/OneDrive/Documentos/Unreal Projects/MarioAnahuacOrdinario/MarioAnahuacOrdinario/Saved/Config/Windows/Engine.ini]
[2024.05.18-20.56.22:713][  0]LogConfig: Applying CVar settings from Section [ConsoleVariables] File [C:/Users/alber/OneDrive/Documentos/Unreal Projects/MarioAnahuacOrdinario/MarioAnahuacOrdinario/Saved/Config/Windows/Editor.ini]
[2024.05.18-20.56.22:714][  0]LogInit: Computer: LUISCERàN
[2024.05.18-20.56.22:714][  0]LogInit: User: alber
[2024.05.18-20.56.22:714][  0]LogInit: CPU Page size=4096, Cores=8
[2024.05.18-20.56.22:714][  0]LogInit: High frequency timer resolution =10.000000 MHz
[2024.05.18-20.56.22:714][  0]LogMemory: Memory total: Physical=15.2GB (16GB approx)
[2024.05.18-20.56.22:714][  0]LogMemory: Platform Memory Stats for Windows
[2024.05.18-20.56.22:714][  0]LogMemory: Process Physical Memory: 148.07 MB used, 148.07 MB peak
[2024.05.18-20.56.22:714][  0]LogMemory: Process Virtual Memory: 131.36 MB used, 131.36 MB peak
[2024.05.18-20.56.22:714][  0]LogMemory: Physical Memory: 13124.72 MB used,  2429.64 MB free, 15554.36 MB total
[2024.05.18-20.56.22:714][  0]LogMemory: Virtual Memory: 134204448.00 MB used,  13278.48 MB free, 134217728.00 MB total
[2024.05.18-20.56.22:752][  0]LogWindows: WindowsPlatformFeatures enabled
[2024.05.18-20.56.22:852][  0]LogInit: Physics initialised using underlying interface: PhysX
[2024.05.18-20.56.22:854][  0]LogInit: Overriding language with editor language configuration option (en).
[2024.05.18-20.56.22:854][  0]LogInit: Using OS detected locale (es-MX).
[2024.05.18-20.56.23:196][  0]LogInit: Setting process to per monitor DPI aware
[2024.05.18-20.56.23:232][  0]LogWindowsTextInputMethodSystem: Display: IME system deactivated.
[2024.05.18-20.56.23:258][  0]LogSlate: New Slate User Created.  User Index 0, Is Virtual User: 0
[2024.05.18-20.56.23:258][  0]LogSlate: Slate User Registered.  User Index 0, Is Virtual User: 0
[2024.05.18-20.56.23:538][  0]LogD3D11RHI: Loaded GFSDK_Aftermath_Lib.x64.dll
[2024.05.18-20.56.23:585][  0]LogHMD: Failed to initialize OpenVR with code 110
[2024.05.18-20.56.23:585][  0]LogD3D11RHI: D3D11 min allowed feature level: 11_0
[2024.05.18-20.56.23:585][  0]LogD3D11RHI: D3D11 max allowed feature level: 11_0
[2024.05.18-20.56.23:585][  0]LogD3D11RHI: D3D11 adapters:
[2024.05.18-20.56.23:766][  0]LogD3D11RHI:    0. 'NVIDIA GeForce RTX 4060 Laptop GPU' (Feature Level 11_0)
[2024.05.18-20.56.23:766][  0]LogD3D11RHI:       7971/0/7777 MB DedicatedVideo/DedicatedSystem/SharedSystem, Outputs:1, VendorId:0x10de
[2024.05.18-20.56.23:858][  0]LogD3D11RHI:    1. 'AMD Radeon(TM) 780M' (Feature Level 11_0)
[2024.05.18-20.56.23:858][  0]LogD3D11RHI:       416/0/7777 MB DedicatedVideo/DedicatedSystem/SharedSystem, Outputs:0, VendorId:0x1002
[2024.05.18-20.56.23:861][  0]LogD3D11RHI:    2. 'Microsoft Basic Render Driver' (Feature Level 11_0)
[2024.05.18-20.56.23:861][  0]LogD3D11RHI:       0/0/7777 MB DedicatedVideo/DedicatedSystem/SharedSystem, Outputs:0, VendorId:0x1414
[2024.05.18-20.56.23:861][  0]LogD3D11RHI: Chosen D3D11 Adapter:
[2024.05.18-20.56.23:861][  0]LogD3D11RHI:     Description : NVIDIA GeForce RTX 4060 Laptop GPU
[2024.05.18-20.56.23:861][  0]LogD3D11RHI:     VendorId    : 10de
[2024.05.18-20.56.23:861][  0]LogD3D11RHI:     DeviceId    : 28e0
[2024.05.18-20.56.23:861][  0]LogD3D11RHI:     SubSysId    : 3c9317aa
[2024.05.18-20.56.23:861][  0]LogD3D11RHI:     Revision    : 00a1
[2024.05.18-20.56.23:861][  0]LogD3D11RHI:     DedicatedVideoMemory : 8358199296 bytes
[2024.05.18-20.56.23:861][  0]LogD3D11RHI:     DedicatedSystemMemory : 0 bytes
[2024.05.18-20.56.23:861][  0]LogD3D11RHI:     SharedSystemMemory : 8154966016 bytes
[2024.05.18-20.56.23:861][  0]LogD3D11RHI:     AdapterLuid : 0 76928
[2024.05.18-20.56.23:870][  0]LogD3D11RHI: Creating new Direct3DDevice
[2024.05.18-20.56.23:870][  0]LogD3D11RHI:     GPU DeviceId: 0x28e0 (for the marketing name, search the web for "GPU Device Id")
[2024.05.18-20.56.23:870][  0]LogWindows: EnumDisplayDevices:
[2024.05.18-20.56.23:870][  0]LogWindows:    0. 'AMD Radeon(TM) 780M' (P:1 D:1)
[2024.05.18-20.56.23:870][  0]LogWindows:    1. 'AMD Radeon(TM) 780M' (P:0 D:0)
[2024.05.18-20.56.23:870][  0]LogWindows:    2. 'AMD Radeon(TM) 780M' (P:0 D:0)
[2024.05.18-20.56.23:870][  0]LogWindows:    3. 'AMD Radeon(TM) 780M' (P:0 D:0)
[2024.05.18-20.56.23:870][  0]LogWindows:    4. 'NVIDIA GeForce RTX 4060 Laptop GPU' (P:0 D:0)
[2024.05.18-20.56.23:870][  0]LogWindows:    5. 'NVIDIA GeForce RTX 4060 Laptop GPU' (P:0 D:0)
[2024.05.18-20.56.23:870][  0]LogWindows:    6. 'NVIDIA GeForce RTX 4060 Laptop GPU' (P:0 D:0)
[2024.05.18-20.56.23:870][  0]LogWindows:    7. 'NVIDIA GeForce RTX 4060 Laptop GPU' (P:0 D:0)
[2024.05.18-20.56.23:870][  0]LogWindows: DebugString: PrimaryIsNotTheChoosenAdapter PrimaryIsNotTheChoosenAdapter PrimaryIsNotTheChoosenAdapter PrimaryIsNotTheChoosenAdapter FoundDriverCount:4 
[2024.05.18-20.56.23:870][  0]LogD3D11RHI:     Adapter Name: NVIDIA GeForce RTX 4060 Laptop GPU
[2024.05.18-20.56.23:870][  0]LogD3D11RHI:   Driver Version: 537.70 (internal:31.0.15.3770, unified:537.70)
[2024.05.18-20.56.23:870][  0]LogD3D11RHI:      Driver Date: 10-18-2023
[2024.05.18-20.56.23:870][  0]LogRHI: Texture pool is 5579 MB (70% of 7971 MB)
[2024.05.18-20.56.23:872][  0]LogD3D11RHI: Creating D3DDevice using adapter:
[2024.05.18-20.56.23:872][  0]LogD3D11RHI:     Description : NVIDIA GeForce RTX 4060 Laptop GPU
[2024.05.18-20.56.23:872][  0]LogD3D11RHI:     VendorId    : 10de
[2024.05.18-20.56.23:872][  0]LogD3D11RHI:     DeviceId    : 28e0
[2024.05.18-20.56.23:872][  0]LogD3D11RHI:     SubSysId    : 3c9317aa
[2024.05.18-20.56.23:872][  0]LogD3D11RHI:     Revision    : 00a1
[2024.05.18-20.56.23:872][  0]LogD3D11RHI:     DedicatedVideoMemory : 8358199296 bytes
[2024.05.18-20.56.23:872][  0]LogD3D11RHI:     DedicatedSystemMemory : 0 bytes
[2024.05.18-20.56.23:872][  0]LogD3D11RHI:     SharedSystemMemory : 8154966016 bytes
[2024.05.18-20.56.23:872][  0]LogD3D11RHI:     AdapterLuid : 0 76928
[2024.05.18-20.56.23:936][  0]LogD3D11RHI: RHI has support for 64 bit atomics
[2024.05.18-20.56.23:936][  0]LogD3D11RHI: Async texture creation enabled
[2024.05.18-20.56.23:936][  0]LogD3D11RHI: Array index from any shader is supported
[2024.05.18-20.56.23:968][  0]LogD3D11RHI: GPU Timing Frequency: 1000.000000 (Debug: 2 1)
[2024.05.18-20.56.24:002][  0]LogRHI: GeForceNow SDK initialized: 1
[2024.05.18-20.56.24:342][  0]LogTargetPlatformManager: Display: Loaded TargetPlatform 'AllDesktop'
[2024.05.18-20.56.24:364][  0]LogTargetPlatformManager: Display: Loaded TargetPlatform 'Android'
[2024.05.18-20.56.24:364][  0]LogTargetPlatformManager: Display: Loaded TargetPlatform 'Android_ASTC'
[2024.05.18-20.56.24:364][  0]LogTargetPlatformManager: Display: Loaded TargetPlatform 'Android_DXT'
[2024.05.18-20.56.24:364][  0]LogTargetPlatformManager: Display: Loaded TargetPlatform 'Android_ETC2'
[2024.05.18-20.56.24:364][  0]LogTargetPlatformManager: Display: Loaded TargetPlatform 'AndroidClient'
[2024.05.18-20.56.24:364][  0]LogTargetPlatformManager: Display: Loaded TargetPlatform 'Android_ASTCClient'
[2024.05.18-20.56.24:364][  0]LogTargetPlatformManager: Display: Loaded TargetPlatform 'Android_DXTClient'
[2024.05.18-20.56.24:364][  0]LogTargetPlatformManager: Display: Loaded TargetPlatform 'Android_ETC2Client'
[2024.05.18-20.56.24:364][  0]LogTargetPlatformManager: Display: Loaded TargetPlatform 'Android_Multi'
[2024.05.18-20.56.24:364][  0]LogTargetPlatformManager: Display: Loaded TargetPlatform 'Android_MultiClient'
[2024.05.18-20.56.24:390][  0]LogTargetPlatformManager: Display: Loaded TargetPlatform 'IOSClient'
[2024.05.18-20.56.24:390][  0]LogTargetPlatformManager: Display: Loaded TargetPlatform 'IOS'
[2024.05.18-20.56.24:400][  0]LogTargetPlatformManager: Display: Loaded TargetPlatform 'Linux'
[2024.05.18-20.56.24:409][  0]LogTargetPlatformManager: Display: Loaded TargetPlatform 'LinuxNoEditor'
[2024.05.18-20.56.24:416][  0]LogTargetPlatformManager: Display: Loaded TargetPlatform 'LinuxClient'
[2024.05.18-20.56.24:423][  0]LogTargetPlatformManager: Display: Loaded TargetPlatform 'LinuxServer'
[2024.05.18-20.56.24:435][  0]LogTargetPlatformManager: Display: Loaded TargetPlatform 'LinuxAArch64NoEditor'
[2024.05.18-20.56.24:443][  0]LogTargetPlatformManager: Display: Loaded TargetPlatform 'LinuxAArch64Client'
[2024.05.18-20.56.24:450][  0]LogTargetPlatformManager: Display: Loaded TargetPlatform 'LinuxAArch64Server'
[2024.05.18-20.56.24:470][  0]LogTargetPlatformManager: Display: Loaded TargetPlatform 'Lumin'
[2024.05.18-20.56.24:472][  0]LogTargetPlatformManager: Display: Loaded TargetPlatform 'LuminClient'
[2024.05.18-20.56.24:482][  0]LogTargetPlatformManager: Display: Loaded TargetPlatform 'MacNoEditor'
[2024.05.18-20.56.24:487][  0]LogTargetPlatformManager: Display: Loaded TargetPlatform 'Mac'
[2024.05.18-20.56.24:492][  0]LogTargetPlatformManager: Display: Loaded TargetPlatform 'MacClient'
[2024.05.18-20.56.24:497][  0]LogTargetPlatformManager: Display: Loaded TargetPlatform 'MacServer'
[2024.05.18-20.56.24:507][  0]LogTargetPlatformManager: Display: Loaded TargetPlatform 'TVOSClient'
[2024.05.18-20.56.24:507][  0]LogTargetPlatformManager: Display: Loaded TargetPlatform 'TVOS'
[2024.05.18-20.56.24:517][  0]LogTargetPlatformManager: Display: Loaded TargetPlatform 'WindowsNoEditor'
[2024.05.18-20.56.24:522][  0]LogTargetPlatformManager: Display: Loaded TargetPlatform 'Windows'
[2024.05.18-20.56.24:529][  0]LogTargetPlatformManager: Display: Loaded TargetPlatform 'WindowsClient'
[2024.05.18-20.56.24:536][  0]LogTargetPlatformManager: Display: Loaded TargetPlatform 'WindowsServer'
[2024.05.18-20.56.24:536][  0]LogTargetPlatformManager: Display: Building Assets For Windows
[2024.05.18-20.56.24:548][  0]LogAudioDebug: Display: Lib vorbis DLL was dynamically loaded.
[2024.05.18-20.56.24:605][  0]LogTextureFormatOodle: Display: Oodle Texture 2.9.0 init RDO Off
[2024.05.18-20.56.24:697][  0]LogRendererCore: Ray tracing is disabled. Reason: r.RayTracing=0.
[2024.05.18-20.56.24:698][  0]LogShaderCompilers: Guid format shader working directory is -64 characters bigger than the processId version (../../../../../../Users/alber/OneDrive/Documentos/Unreal Projects/MarioAnahuacOrdinario/MarioAnahuacOrdinario/Intermediate/Shaders/WorkingDirectory/20936/).
[2024.05.18-20.56.24:698][  0]LogShaderCompilers: Cleaned the shader compiler working directory 'C:/Users/alber/AppData/Local/Temp/UnrealShaderWorkingDir/145A201543E7C3411A1854BF38C31370/'.
[2024.05.18-20.56.24:699][  0]LogXGEController: Cannot use XGE Controller as Incredibuild is not installed on this machine.
[2024.05.18-20.56.24:699][  0]LogShaderCompilers: Cannot use XGE Shader Compiler as Incredibuild is not installed on this machine.
[2024.05.18-20.56.24:699][  0]LogShaderCompilers: Display: Using Local Shader Compiler.
[2024.05.18-20.56.25:459][  0]LogDerivedDataCache: Display: Max Cache Size: 512 MB
[2024.05.18-20.56.25:532][  0]LogDerivedDataCache: Loaded boot cache 0.07s 94MB C:/Users/alber/AppData/Local/UnrealEngine/4.27/DerivedDataCache/Boot.ddc.
[2024.05.18-20.56.25:532][  0]LogDerivedDataCache: Display: Loaded Boot cache: C:/Users/alber/AppData/Local/UnrealEngine/4.27/DerivedDataCache/Boot.ddc
[2024.05.18-20.56.25:532][  0]LogDerivedDataCache: FDerivedDataBackendGraph:  Pak pak cache file ../../../../../../Users/alber/OneDrive/Documentos/Unreal Projects/MarioAnahuacOrdinario/MarioAnahuacOrdinario/DerivedDataCache/DDC.ddp not found, will not use a pak cache.
[2024.05.18-20.56.25:532][  0]LogDerivedDataCache: Unable to find inner node Pak for hierarchical cache Hierarchy.
[2024.05.18-20.56.25:532][  0]LogDerivedDataCache: FDerivedDataBackendGraph:  CompressedPak pak cache file ../../../../../../Users/alber/OneDrive/Documentos/Unreal Projects/MarioAnahuacOrdinario/MarioAnahuacOrdinario/DerivedDataCache/Compressed.ddp not found, will not use a pak cache.
[2024.05.18-20.56.25:532][  0]LogDerivedDataCache: Unable to find inner node CompressedPak for hierarchical cache Hierarchy.
[2024.05.18-20.56.25:554][  0]LogDerivedDataCache: Display: Pak cache opened for reading ../../../Engine/DerivedDataCache/Compressed.ddp.
[2024.05.18-20.56.25:555][  0]LogDerivedDataCache: FDerivedDataBackendGraph:  EnterprisePak pak cache file ../../../Enterprise/DerivedDataCache/Compressed.ddp not found, will not use a pak cache.
[2024.05.18-20.56.25:555][  0]LogDerivedDataCache: Unable to find inner node EnterprisePak for hierarchical cache Hierarchy.
[2024.05.18-20.56.25:567][  0]LogDerivedDataCache: Speed tests for C:/Users/alber/AppData/Local/UnrealEngine/Common/DerivedDataCache took 0.01 seconds
[2024.05.18-20.56.25:567][  0]LogDerivedDataCache: Display: Performance to C:/Users/alber/AppData/Local/UnrealEngine/Common/DerivedDataCache: Latency=0.11ms. RandomReadSpeed=203.32MBs, RandomWriteSpeed=139.16MBs. Assigned SpeedClass 'Local'
[2024.05.18-20.56.25:568][  0]LogDerivedDataCache: Using Local data cache path C:/Users/alber/AppData/Local/UnrealEngine/Common/DerivedDataCache: Writable
[2024.05.18-20.56.25:568][  0]LogDerivedDataCache: Shared data cache path not found in *engine.ini, will not use an Shared cache.
[2024.05.18-20.56.25:568][  0]LogDerivedDataCache: Unable to find inner node Shared for hierarchical cache Hierarchy.
[2024.05.18-20.56.25:604][  0]LogSlate: Using FreeType 2.10.0
[2024.05.18-20.56.25:607][  0]LogSlate: SlateFontServices - WITH_FREETYPE: 1, WITH_HARFBUZZ: 1
[2024.05.18-20.56.25:644][  0]LogAssetRegistry: FAssetRegistry took 0.0031 seconds to start up
[2024.05.18-20.56.25:986][  0]LogInit: Selected Device Profile: [Windows]
[2024.05.18-20.56.25:986][  0]LogInit: Active device profile: [0000013EA403F100][0000013E98853980 49] Windows
[2024.05.18-20.56.25:986][  0]LogInit: Profiles: [0000013EA403F100][0000013E98853980 49] Windows, [0000013EA3FE5000][0000013E9885A0C0 49] WindowsNoEditor, [0000013EA403D000][0000013E9885E380 49] WindowsServer, [0000013EA3FE6C00][0000013E91606640 49] WindowsClient, [0000013EA403EB00][0000013E9160A900 49] IOS, [0000013EA3FE5600][0000013E9160EBC0 49] iPadAir, [0000013EA403D500][0000013E91612E80 49] iPadAir2, [0000013EA3FABC00][0000013E9864F340 49] IPadPro, [0000013EA3FABD00][0000013E98857380 49] iPadAir3, [0000013EA403E700][0000013E9161F640 49] iPadAir4, [0000013EA3FA9500][0000013E9161B900 49] iPadMini2, [0000013EA403D600][0000013E98653BC0 49] iPadMini3, [0000013EA3FAA600][0000013E98656300 49] iPadMini4, [0000013EA403E400][0000013E9865A5C0 49] iPadMini5, [0000013EA3FDB500][0000013E9866EB00 49] iPhone6, [0000013EA3FDB600][0000013E9865EB40 49] iPodTouch6, [0000013EA3FA8300][0000013E98677080 49] iPhone7, [0000013EA3FA8200][0000013E986670C0 49] iPodTouch7, [0000013EA3FD9500][0000013E91617340 49] iPhone5S, [0000013EA3FA8F00][0000013E9866B5C0 49] iPhone6Plus, [0000013EA3FDA800][0000013E98673880 49] iPhone6S, [0000013EA3FA9300][0000013E9867BB40 49] iPhone6SPlus, [0000013EA3FD9A00][0000013E9867E280 49] iPhone7Plus, [0000013EA3FAB700][0000013E98682540 49] iPhoneSE, [0000013EA3FD8B00][0000013E8FF3C800 49] iPhone8, [0000013EA3FAAB00][0000013E8FF40AC0 49] iPhone8Plus, [0000013EA3FD9700][0000013E8FF44D80 49] iPhoneX, [0000013EA3FA8B00][0000013E8FF49040 49] iPhoneXS, [0000013EA3FD8500][0000013E8FF4D300 49] iPhoneXSMax, [0000013EA3FAA300][0000013E98663580 49] iPhoneXR, [0000013EA3FD9E00][0000013E8FF55840 49] iPhone11, [0000013EA3FAB100][0000013E8FF59B00 49] iPhone11Pro, [0000013EA3FDA100][0000013E8FF5C240 49] iPhone11ProMax, [0000013EA3FAAF00][0000013E8FF60500 49] iPhoneSE2, [0000013EA3FD9800][0000013E8FF647C0 49] iPhone12Mini, [0000013EA3FAB300][0000013E8FF68A80 49] iPhone12, [0000013EA3FD8200][0000013E8FF6CD40 49] iPhone12Pro, [0000013EA3FAAE00][0000013E8FF71000 49] iPhone12ProMax, [0000013EA3FDB900][0000013E8FF752C0 49] iPadPro105, [0000013EA3FABF00][0000013E8FF51540 49] iPadPro129, [0000013EA3FD9100][0000013E8FF797C0 49] iPadPro97, [0000013EA3FA8C00][0000013E8FF81A80 49] iPadPro2_129, [0000013EA3FDAF00][0000013E8FF841C0 49] iPad5, [0000013EA3FA8E00][0000013E8FF88480 49] iPad6, [0000013EA3FD8700][0000013E8FF8C740 49] iPad7, [0000013EA3FA9C00][0000013E8FF90A00 49] iPad8, [0000013EA3FDB000][0000013E8FF94CC0 49] iPadPro11, [0000013EA3FA8800][0000013E8FF98F80 49] iPadPro2_11, [0000013EA3FDA000][0000013EA3B33240 49] iPadPro3_129, [0000013EA3FAA000][0000013EA3B37500 49] iPadPro4_129, [0000013EA3FD8E00][0000013E8FF7D780 49] AppleTV, [0000013EA3FAA900][0000013EA3B3BA00 49] AppleTV4K, [0000013EA3FDA600][0000013EA3B42140 49] TVOS, [0000013EA3FABA00][0000013EA3B46400 49] Mac, [0000013EA3FD9D00][0000013EA3B4A6C0 49] MacClient, [0000013EA3FA8400][0000013EA3B4E980 49] MacNoEditor, [0000013EA3FE4300][0000013EA3B52C40 49] MacServer, [0000013EA4080400][0000013EA3B56F00 49] Linux, [0000013EA3FE4100][0000013EA3B5B1C0 49] LinuxAArch64, [0000013EA4081800][0000013EA3B5F480 49] LinuxNoEditor, [0000013EA3FE5300][0000013EA3B63740 49] LinuxAArch64NoEditor, [0000013EA4080C00][0000013EA3B3F9C0 49] LinuxClient, [0000013EA3FE5400][0000013EA3B660C0 49] LinuxAArch64Client, [0000013EA4081300][0000013EA3B6E380 49] LinuxServer, [0000013EA3FE6A00][0000013EA3B72640 49] LinuxAArch64Server, [0000013EA4081700][0000013EA3B76900 49] Android, [0000013EA3FE5700][0000013EA3B7ABC0 49] Android_Low, [0000013EA4080F00][0000013EA3B7EE80 49] Android_Mid, [0000013EA3FE6800][0000013EA3B83140 49] Android_High, [0000013EA4081100][0000013EA3B87400 49] Android_Default, [0000013EA3FE6600][0000013EA3B8B6C0 49] Android_Adreno4xx, [0000013EA4080D00][0000013EA3B8F980 49] Android_Adreno5xx_Low, [0000013EA3FE6200][0000013EA3B6BC00 49] Android_Adreno5xx, [0000013EA4081B00][0000013EA3B92300 49] Android_Adreno6xx, [0000013EA3FE7E00][0000013EA3B9A5C0 49] Android_Adreno6xx_Vulkan, [0000013EA4080600][0000013EA3B9E880 49] Android_Mali_T6xx, [0000013EA3FE4F00][0000013EA3BA2B40 49] Android_Mali_T7xx, [0000013EA4080A00][0000013EA3BA6E00 49] Android_Mali_T8xx, [0000013EA3FE7800][0000013EA3BAB0C0 49] Android_Mali_G71, [0000013EA4080900][0000013EA3BAF380 49] Android_Mali_G72, [0000013EA3FE5C00][0000013EA3BB3640 49] Android_Mali_G72_Vulkan, [0000013EA3FAB600][0000013EA3BB7900 49] Android_Mali_G76, [0000013EA3FE4600][0000013EA3BBBBC0 49] Android_Mali_G76_Vulkan, [0000013EA3FAAC00][0000013EA3B962C0 49] Android_Mali_G77, [0000013EA3FE6100][0000013EA3BBE540 49] Android_Mali_G77_Vulkan, [0000013EA3FAB400][0000013EA3BC6800 49] Android_Mali_G78, [0000013EA3FE4400][0000013EA3BCAAC0 49] Android_Mali_G78_Vulkan, [0000013EA3FAB500][0000013EA3BCED80 49] Android_Mali_G710, [0000013EA3FE7300][0000013EA3BD3040 49] Android_Mali_G710_Vulkan, [0000013EA3FA9A00][0000013EA3BD7300 49] Android_Vulkan_SM5, [0000013EA3FE4B00][0000013EA3BDB5C0 49] Android_PowerVR_G6xxx, [0000013EA3FA9100][0000013EA3BDF880 49] Android_PowerVR_GT7xxx, [0000013EA3FE4200][0000013EA3BE3B40 49] Android_PowerVR_GE8xxx, [0000013EA3FA9B00][0000013EA3BE6280 49] Android_PowerVR_GM9xxx, [0000013EA3FE7600][0000013EA3BC2500 49] Android_PowerVR_GM9xxx_Vulkan, [0000013EA3FAB000][0000013EA3BEA780 49] Android_TegraK1, [0000013EA3FE6900][0000013EA3BF2A40 49] Android_Unknown_Vulkan, [0000013EA3FAAD00][0000013EA3BF6D00 49] Lumin, [0000013EA3FE5F00][0000013EA3BFAFC0 49] Lumin_Desktop, [0000013EA3FAA100][0000013EA3BFF280 49] HoloLens, 
[2024.05.18-20.56.26:143][  0]LogMeshReduction: Using QuadricMeshReduction for automatic static mesh reduction
[2024.05.18-20.56.26:143][  0]LogMeshReduction: Using SimplygonMeshReduction for automatic skeletal mesh reduction
[2024.05.18-20.56.26:143][  0]LogMeshReduction: Using ProxyLODMeshReduction for automatic mesh merging
[2024.05.18-20.56.26:143][  0]LogMeshReduction: No distributed automatic mesh merging module available
[2024.05.18-20.56.26:143][  0]LogMeshMerging: No distributed automatic mesh merging module available
[2024.05.18-20.56.26:165][  0]LogNetVersion: MarioAnahuac 1.0.0, NetCL: 17155196, EngineNetVer: 17, GameNetVer: 0 (Checksum: 2040080247)
[2024.05.18-20.56.26:650][  0]LogTexture: Default maximum texture size for cubemaps generated from long-lat sources has been changed from 512 to unlimited. In order to preserve old behaiour for '/Engine/MapTemplates/Sky/DaylightAmbientCubemap.DaylightAmbientCubemap', its maximum texture size has been explicitly set to 512.
[2024.05.18-20.56.26:718][  0]LogHMD: PokeAHoleMaterial loaded successfully
[2024.05.18-20.56.26:726][  0]LogUObjectArray: 17178 objects as part of root set at end of initial load.
[2024.05.18-20.56.26:726][  0]LogUObjectAllocator: 4302048 out of 0 bytes used by permanent object pool.
[2024.05.18-20.56.26:726][  0]LogUObjectArray: CloseDisregardForGC: 0/0 objects in disregard for GC pool
[2024.05.18-20.56.27:195][  0]LogPython: Using Python 3.7.7
[2024.05.18-20.56.27:657][  0]LogNiagaraDebuggerClient: Niagara Debugger Client Initialized | Session: 4E671AD44C4D3A810505A28E39EAD1C3 | Instance: 8496218E4D6C199FC8DFA8BD43844792 (LUISCERàN-20936).
[2024.05.18-20.56.27:888][  0]LogTcpMessaging: Initializing TcpMessaging bridge
[2024.05.18-20.56.27:897][  0]LogUdpMessaging: Initializing bridge on interface 0.0.0.0:0 to multicast group 230.0.0.1:6666.
[2024.05.18-20.56.28:248][  0]SourceControl: Source control is disabled
[2024.05.18-20.56.28:248][  0]SourceControl: Source control is disabled
[2024.05.18-20.56.28:258][  0]SourceControl: Source control is disabled
[2024.05.18-20.56.28:265][  0]SourceControl: Source control is disabled
[2024.05.18-20.56.28:276][  0]SourceControl: Source control is disabled
[2024.05.18-20.56.28:301][  0]LogUProjectInfo: Found projects:
[2024.05.18-20.56.28:310][  0]LogVSAccessor: Display: Unable to create Visual Studio setup instance: 80040154
[2024.05.18-20.56.28:310][  0]LogVSAccessor: Display: Unable to create Visual Studio setup instance: 80040154
[2024.05.18-20.56.28:310][  0]LogVSAccessor: Display: Unable to create Visual Studio setup instance: 80040154
[2024.05.18-20.56.28:547][  0]LogOpenImageDenoise: OIDN starting up
[2024.05.18-20.56.28:636][  0]LogAndroidPermission: UAndroidPermissionCallbackProxy::GetInstance
[2024.05.18-20.56.28:668][  0]LogAudioCaptureCore: Display: No Audio Capture implementations found. Audio input will be silent.
[2024.05.18-20.56.28:668][  0]LogAudioCaptureCore: Display: No Audio Capture implementations found. Audio input will be silent.
[2024.05.18-20.56.28:839][  0]LogCollectionManager: Loaded 0 collections in 0.002479 seconds
[2024.05.18-20.56.28:873][  0]LogFileCache: Scanning file cache for directory 'C:/Users/alber/OneDrive/Documentos/Unreal Projects/MarioAnahuacOrdinario/MarioAnahuacOrdinario/Saved/Collections/' took 0.00s
[2024.05.18-20.56.28:873][  0]LogFileCache: Scanning file cache for directory 'C:/Users/alber/OneDrive/Documentos/Unreal Projects/MarioAnahuacOrdinario/MarioAnahuacOrdinario/Content/Developers/alber/Collections/' took 0.00s
[2024.05.18-20.56.28:873][  0]LogFileCache: Scanning file cache for directory 'C:/Users/alber/OneDrive/Documentos/Unreal Projects/MarioAnahuacOrdinario/MarioAnahuacOrdinario/Content/Collections/' took 0.00s
[2024.05.18-20.56.28:873][  0]LogOcInput: OculusInput pre-init called
[2024.05.18-20.56.29:138][  0]LogEngine: Initializing Engine...
[2024.05.18-20.56.29:147][  0]LogHMD: Failed to enumerate extensions. Please check that you have a valid OpenXR runtime installed.
[2024.05.18-20.56.29:148][  0]LogHMD: Failed to initialize OpenVR with code 110
[2024.05.18-20.56.29:148][  0]LogMagicLeap: Warning: VR disabled because ZI is not enabled.  To enable, in the editor, Edit -> Project Settings -> Plugins -> Magic Leap Plugin -> Enable Zero Iteration
[2024.05.18-20.56.29:151][  0]LogStats: UGameplayTagsManager::InitializeManager -  0.001 s
[2024.05.18-20.56.29:269][  0]LogInit: Initializing FReadOnlyCVARCache
[2024.05.18-20.56.29:281][  0]LogAIModule: Creating AISystem for world Untitled
[2024.05.18-20.56.29:282][  0]LogAudio: Display: Initializing Audio Device Manager...
[2024.05.18-20.56.29:287][  0]LogAudio: Display: Loading Default Audio Settings Objects...
[2024.05.18-20.56.29:288][  0]LogAudio: Display: No default SoundConcurrencyObject specified (or failed to load).
[2024.05.18-20.56.29:288][  0]LogAudio: Display: Audio Device Manager Initialized
[2024.05.18-20.56.29:288][  0]LogAudio: Display: Creating Audio Device:                 Id: 1, Scope: Shared, Realtime: True
[2024.05.18-20.56.29:289][  0]LogAudioMixer: Display: Audio Mixer Platform Settings:
[2024.05.18-20.56.29:289][  0]LogAudioMixer: Display: 	Sample Rate:						  48000
[2024.05.18-20.56.29:289][  0]LogAudioMixer: Display: 	Callback Buffer Frame Size Requested: 1024
[2024.05.18-20.56.29:289][  0]LogAudioMixer: Display: 	Callback Buffer Frame Size To Use:	  1024
[2024.05.18-20.56.29:289][  0]LogAudioMixer: Display: 	Number of buffers to queue:			  2
[2024.05.18-20.56.29:289][  0]LogAudioMixer: Display: 	Max Channels (voices):				  32
[2024.05.18-20.56.29:289][  0]LogAudioMixer: Display: 	Number of Async Source Workers:		  0
[2024.05.18-20.56.29:289][  0]LogAudio: Display: AudioDevice MaxSources: 32
[2024.05.18-20.56.29:289][  0]LogAudio: Display: Audio Spatialization Plugin: None (built-in).
[2024.05.18-20.56.29:289][  0]LogAudio: Display: Audio Reverb Plugin: None (built-in).
[2024.05.18-20.56.29:289][  0]LogAudio: Display: Audio Occlusion Plugin: None (built-in).
[2024.05.18-20.56.29:289][  0]LogAudioMixer: Display: Initializing audio mixer.
[2024.05.18-20.56.29:339][  0]LogAudioMixer: Display: 0: FrontLeft
[2024.05.18-20.56.29:339][  0]LogAudioMixer: Display: 1: FrontRight
[2024.05.18-20.56.29:367][  0]LogAudioMixer: Display: Using Audio Device Audífono de los auriculares con micrófono (G435 Wireless Gaming Headset)
[2024.05.18-20.56.29:372][  0]LogAudioMixer: Display: Initializing Sound Submixes...
[2024.05.18-20.56.29:375][  0]LogAudioMixer: Display: Creating Master Submix 'MasterSubmixDefault'
[2024.05.18-20.56.29:376][  0]LogAudioMixer: Display: Creating Master Submix 'MasterReverbSubmixDefault'
[2024.05.18-20.56.29:377][  0]LogAudioMixer: Display: Creating Master Submix 'MasterEQSubmixDefault'
[2024.05.18-20.56.29:377][  0]LogAudioMixer: FMixerPlatformXAudio2::StartAudioStream() called
[2024.05.18-20.56.29:377][  0]LogAudioMixer: Display: Output buffers initialized: Frames=1024, Channels=2, Samples=2048
[2024.05.18-20.56.29:378][  0]LogAudioMixer: Display: Starting AudioMixerPlatformInterface::RunInternal()
[2024.05.18-20.56.29:378][  0]LogAudioMixer: Display: FMixerPlatformXAudio2::SubmitBuffer() called for the first time
[2024.05.18-20.56.29:378][  0]LogInit: FAudioDevice initialized.
[2024.05.18-20.56.29:378][  0]LogAudio: Display: Audio Device (ID: 1) registered with world 'Untitled'.
[2024.05.18-20.56.29:378][  0]LogNetVersion: Set ProjectVersion to 1.0.0.0. Version Checksum will be recalculated on next use.
[2024.05.18-20.56.29:426][  0]LogDerivedDataCache: Saved boot cache 0.05s 94MB C:/Users/alber/AppData/Local/UnrealEngine/4.27/DerivedDataCache/Boot.ddc.
[2024.05.18-20.56.29:426][  0]LogInit: Texture streaming: Enabled
[2024.05.18-20.56.29:445][  0]LogAnalytics: Display: [UEEditor.Rocket.Release] APIServer = https://datarouter.ol.epicgames.com/. AppVersion = 4.27.2-18319896+++UE4+Release-4.27
[2024.05.18-20.56.29:450][  0]LogEngineSessionManager: EngineSessionManager initialized
[2024.05.18-20.56.29:450][  0]LogEditorSessionSummary: Verbose: Initializing EditorSessionSummaryWriter for editor session tracking
[2024.05.18-20.56.29:454][  0]LogEditorSessionSummary: EditorSessionSummaryWriter initialized
[2024.05.18-20.56.29:490][  0]LogInit: Transaction tracking system initialized
[2024.05.18-20.56.29:525][  0]BlueprintLog: New page: Editor Load
[2024.05.18-20.56.29:620][  0]LocalizationService: Localization service is disabled
[2024.05.18-20.56.29:658][  0]TimingProfiler: Initialize
[2024.05.18-20.56.29:658][  0]TimingProfiler: OnSessionChanged
[2024.05.18-20.56.29:658][  0]LoadingProfiler: Initialize
[2024.05.18-20.56.29:658][  0]LoadingProfiler: OnSessionChanged
[2024.05.18-20.56.29:658][  0]NetworkingProfiler: Initialize
[2024.05.18-20.56.29:659][  0]NetworkingProfiler: OnSessionChanged
[2024.05.18-20.56.29:659][  0]MemoryProfiler: Initialize
[2024.05.18-20.56.29:659][  0]MemoryProfiler: OnSessionChanged
[2024.05.18-20.56.29:732][  0]LogVSAccessor: Display: Unable to create Visual Studio setup instance: 80040154
[2024.05.18-20.56.29:733][  0]LogVSAccessor: Display: Unable to create Visual Studio setup instance: 80040154
[2024.05.18-20.56.29:734][  0]LogVSAccessor: Display: Unable to create Visual Studio setup instance: 80040154
[2024.05.18-20.56.29:833][  0]LogCook: Display: CookSettings for Memory: MemoryMaxUsedVirtual 0MiB, MemoryMaxUsedPhysical 16384MiB, MemoryMinFreeVirtual 0MiB, MemoryMinFreePhysical 1024MiB
[2024.05.18-20.56.29:833][  0]LogCook: Display: Mobile HDR setting 1
[2024.05.18-20.56.30:070][  0]LogFileCache: Scanning file cache for directory 'C:/Users/alber/OneDrive/Documentos/Unreal Projects/MarioAnahuacOrdinario/MarioAnahuacOrdinario/Content/' took 0.02s
[2024.05.18-20.56.30:209][  0]LogInit: Display: Engine is initialized. Leaving FEngineLoop::Init()
[2024.05.18-20.56.30:212][  0]SourceControl: Source control is disabled
[2024.05.18-20.56.30:212][  0]LogUnrealEdMisc: Loading editor; pre map load, took 9.710
[2024.05.18-20.56.30:212][  0]Cmd: MAP LOAD FILE="../../../../../../Users/alber/OneDrive/Documentos/Unreal Projects/MarioAnahuacOrdinario/MarioAnahuacOrdinario/Content/Niveles/Nivel-1.umap" TEMPLATE=0 SHOWPROGRESS=1 FEATURELEVEL=3
[2024.05.18-20.56.30:213][  0]LightingResults: New page: Lighting Build
[2024.05.18-20.56.30:215][  0]LogWorld: UWorld::CleanupWorld for Untitled, bSessionEnded=true, bCleanupResources=true
[2024.05.18-20.56.30:215][  0]LogSlate: InvalidateAllWidgets triggered.  All widgets were invalidated
[2024.05.18-20.56.30:215][  0]MapCheck: New page: Map Check
[2024.05.18-20.56.30:215][  0]LightingResults: New page: Lighting Build
[2024.05.18-20.56.30:222][  0]LogAudio: Display: Audio Device unregistered from world 'None'.
[2024.05.18-20.56.30:225][  0]LogUObjectHash: Compacting FUObjectHashTables data took   0.61ms
[2024.05.18-20.56.30:851][  0]LogAudio: Display: Audio Device (ID: 1) registered with world 'Nivel-1'.
[2024.05.18-20.56.30:851][  0]LogAIModule: Creating AISystem for world Nivel-1
[2024.05.18-20.56.30:915][  0]LogEditorServer: Finished looking for orphan Actors (0.000 secs)
[2024.05.18-20.56.30:929][  0]LogUObjectHash: Compacting FUObjectHashTables data took   1.11ms
[2024.05.18-20.56.30:929][  0]Cmd: MAP CHECKDEP NOCLEARLOG
[2024.05.18-20.56.30:929][  0]MapCheck: Map check complete: 0 Error(s), 0 Warning(s), took 0.188ms to complete.
[2024.05.18-20.56.30:929][  0]LogFileHelpers: Loading map 'Nivel-1' took 0.717
[2024.05.18-20.56.30:933][  0]LogUnrealEdMisc: Total Editor Startup Time, took 10.430
[2024.05.18-20.56.31:042][  0]LogSlate: Updating window title bar state: overlay mode, drag disabled, window buttons hidden, title bar hidden
[2024.05.18-20.56.31:047][  0]LogSlate: Updating window title bar state: overlay mode, drag disabled, window buttons hidden, title bar hidden
[2024.05.18-20.56.31:052][  0]LogSlate: Updating window title bar state: overlay mode, drag disabled, window buttons hidden, title bar hidden
[2024.05.18-20.56.31:057][  0]LogSlate: Updating window title bar state: overlay mode, drag disabled, window buttons hidden, title bar hidden
[2024.05.18-20.56.31:072][  0]LogNativeClassHierarchy: Verbose: Native class hierarchy populated in 0.0080 seconds. Added 3822 classes and 928 folders.
[2024.05.18-20.56.31:077][  0]LogNativeClassHierarchy: Verbose: Native class hierarchy updated for 'WidgetCarousel' in 0.0003 seconds. Added 0 classes and 0 folders.
[2024.05.18-20.56.31:079][  0]LogPakFile: PakFile PrimaryIndexSize=187
[2024.05.18-20.56.31:079][  0]LogPakFile: PakFile PathHashIndexSize=101
[2024.05.18-20.56.31:079][  0]LogPakFile: PakFile FullDirectoryIndexSize=148
[2024.05.18-20.56.31:079][  0]LogShaderLibrary: Display: ShaderCodeLibraryPakFileMountedCallback: PakFile 'C:/Program Files/Epic Games/UE_4.27/FeaturePacks/FP_FirstPerson.upack' (chunk index -1, root 'root:/') mounted
[2024.05.18-20.56.31:079][  0]LogShaderLibrary: Display: ShaderCodeLibraryPakFileMountedCallback: pending pak file info (ChunkID:-1 Root:root:/ File:C:/Program Files/Epic Games/UE_4.27/FeaturePacks/FP_FirstPerson.upack)
[2024.05.18-20.56.31:079][  0]LogPakFile: OnPakFileMounted2Time == 0.000055
[2024.05.18-20.56.31:081][  0]LogPakFile: PakFile PrimaryIndexSize=189
[2024.05.18-20.56.31:081][  0]LogPakFile: PakFile PathHashIndexSize=101
[2024.05.18-20.56.31:081][  0]LogPakFile: PakFile FullDirectoryIndexSize=152
[2024.05.18-20.56.31:081][  0]LogShaderLibrary: Display: ShaderCodeLibraryPakFileMountedCallback: PakFile 'C:/Program Files/Epic Games/UE_4.27/FeaturePacks/FP_FirstPersonBP.upack' (chunk index -1, root 'root:/') mounted
[2024.05.18-20.56.31:081][  0]LogShaderLibrary: Display: ShaderCodeLibraryPakFileMountedCallback: pending pak file info (ChunkID:-1 Root:root:/ File:C:/Program Files/Epic Games/UE_4.27/FeaturePacks/FP_FirstPersonBP.upack)
[2024.05.18-20.56.31:081][  0]LogPakFile: OnPakFileMounted2Time == 0.000040
[2024.05.18-20.56.31:083][  0]LogPakFile: PakFile PrimaryIndexSize=191
[2024.05.18-20.56.31:083][  0]LogPakFile: PakFile PathHashIndexSize=101
[2024.05.18-20.56.31:083][  0]LogPakFile: PakFile FullDirectoryIndexSize=160
[2024.05.18-20.56.31:083][  0]LogShaderLibrary: Display: ShaderCodeLibraryPakFileMountedCallback: PakFile 'C:/Program Files/Epic Games/UE_4.27/FeaturePacks/MobileStarterContent.upack' (chunk index -1, root 'root:/') mounted
[2024.05.18-20.56.31:083][  0]LogShaderLibrary: Display: ShaderCodeLibraryPakFileMountedCallback: pending pak file info (ChunkID:-1 Root:root:/ File:C:/Program Files/Epic Games/UE_4.27/FeaturePacks/MobileStarterContent.upack)
[2024.05.18-20.56.31:083][  0]LogPakFile: OnPakFileMounted2Time == 0.000029
[2024.05.18-20.56.31:084][  0]LogPakFile: PakFile PrimaryIndexSize=185
[2024.05.18-20.56.31:085][  0]LogPakFile: PakFile PathHashIndexSize=101
[2024.05.18-20.56.31:085][  0]LogPakFile: PakFile FullDirectoryIndexSize=148
[2024.05.18-20.56.31:085][  0]LogShaderLibrary: Display: ShaderCodeLibraryPakFileMountedCallback: PakFile 'C:/Program Files/Epic Games/UE_4.27/FeaturePacks/StarterContent.upack' (chunk index -1, root 'root:/') mounted
[2024.05.18-20.56.31:085][  0]LogShaderLibrary: Display: ShaderCodeLibraryPakFileMountedCallback: pending pak file info (ChunkID:-1 Root:root:/ File:C:/Program Files/Epic Games/UE_4.27/FeaturePacks/StarterContent.upack)
[2024.05.18-20.56.31:085][  0]LogPakFile: OnPakFileMounted2Time == 0.000033
[2024.05.18-20.56.31:086][  0]LogPakFile: PakFile PrimaryIndexSize=190
[2024.05.18-20.56.31:086][  0]LogPakFile: PakFile PathHashIndexSize=101
[2024.05.18-20.56.31:086][  0]LogPakFile: PakFile FullDirectoryIndexSize=154
[2024.05.18-20.56.31:086][  0]LogShaderLibrary: Display: ShaderCodeLibraryPakFileMountedCallback: PakFile 'C:/Program Files/Epic Games/UE_4.27/FeaturePacks/TP_2DSideScroller.upack' (chunk index -1, root 'root:/') mounted
[2024.05.18-20.56.31:086][  0]LogShaderLibrary: Display: ShaderCodeLibraryPakFileMountedCallback: pending pak file info (ChunkID:-1 Root:root:/ File:C:/Program Files/Epic Games/UE_4.27/FeaturePacks/TP_2DSideScroller.upack)
[2024.05.18-20.56.31:086][  0]LogPakFile: OnPakFileMounted2Time == 0.000033
[2024.05.18-20.56.31:088][  0]LogPakFile: PakFile PrimaryIndexSize=192
[2024.05.18-20.56.31:088][  0]LogPakFile: PakFile PathHashIndexSize=101
[2024.05.18-20.56.31:088][  0]LogPakFile: PakFile FullDirectoryIndexSize=158
[2024.05.18-20.56.31:088][  0]LogShaderLibrary: Display: ShaderCodeLibraryPakFileMountedCallback: PakFile 'C:/Program Files/Epic Games/UE_4.27/FeaturePacks/TP_2DSideScrollerBP.upack' (chunk index -1, root 'root:/') mounted
[2024.05.18-20.56.31:088][  0]LogShaderLibrary: Display: ShaderCodeLibraryPakFileMountedCallback: pending pak file info (ChunkID:-1 Root:root:/ File:C:/Program Files/Epic Games/UE_4.27/FeaturePacks/TP_2DSideScrollerBP.upack)
[2024.05.18-20.56.31:088][  0]LogPakFile: OnPakFileMounted2Time == 0.000038
[2024.05.18-20.56.31:089][  0]LogPakFile: PakFile PrimaryIndexSize=182
[2024.05.18-20.56.31:090][  0]LogPakFile: PakFile PathHashIndexSize=101
[2024.05.18-20.56.31:090][  0]LogPakFile: PakFile FullDirectoryIndexSize=138
[2024.05.18-20.56.31:090][  0]LogShaderLibrary: Display: ShaderCodeLibraryPakFileMountedCallback: PakFile 'C:/Program Files/Epic Games/UE_4.27/FeaturePacks/TP_Flying.upack' (chunk index -1, root 'root:/') mounted
[2024.05.18-20.56.31:090][  0]LogShaderLibrary: Display: ShaderCodeLibraryPakFileMountedCallback: pending pak file info (ChunkID:-1 Root:root:/ File:C:/Program Files/Epic Games/UE_4.27/FeaturePacks/TP_Flying.upack)
[2024.05.18-20.56.31:090][  0]LogPakFile: OnPakFileMounted2Time == 0.000027
[2024.05.18-20.56.31:091][  0]LogPakFile: PakFile PrimaryIndexSize=184
[2024.05.18-20.56.31:091][  0]LogPakFile: PakFile PathHashIndexSize=101
[2024.05.18-20.56.31:091][  0]LogPakFile: PakFile FullDirectoryIndexSize=142
[2024.05.18-20.56.31:091][  0]LogShaderLibrary: Display: ShaderCodeLibraryPakFileMountedCallback: PakFile 'C:/Program Files/Epic Games/UE_4.27/FeaturePacks/TP_FlyingBP.upack' (chunk index -1, root 'root:/') mounted
[2024.05.18-20.56.31:091][  0]LogShaderLibrary: Display: ShaderCodeLibraryPakFileMountedCallback: pending pak file info (ChunkID:-1 Root:root:/ File:C:/Program Files/Epic Games/UE_4.27/FeaturePacks/TP_FlyingBP.upack)
[2024.05.18-20.56.31:091][  0]LogPakFile: OnPakFileMounted2Time == 0.000031
[2024.05.18-20.56.31:093][  0]LogPakFile: PakFile PrimaryIndexSize=188
[2024.05.18-20.56.31:093][  0]LogPakFile: PakFile PathHashIndexSize=101
[2024.05.18-20.56.31:093][  0]LogPakFile: PakFile FullDirectoryIndexSize=150
[2024.05.18-20.56.31:093][  0]LogShaderLibrary: Display: ShaderCodeLibraryPakFileMountedCallback: PakFile 'C:/Program Files/Epic Games/UE_4.27/FeaturePacks/TP_HandheldARBP.upack' (chunk index -1, root 'root:/') mounted
[2024.05.18-20.56.31:093][  0]LogShaderLibrary: Display: ShaderCodeLibraryPakFileMountedCallback: pending pak file info (ChunkID:-1 Root:root:/ File:C:/Program Files/Epic Games/UE_4.27/FeaturePacks/TP_HandheldARBP.upack)
[2024.05.18-20.56.31:093][  0]LogPakFile: OnPakFileMounted2Time == 0.000022
[2024.05.18-20.56.31:095][  0]LogPakFile: PakFile PrimaryIndexSize=182
[2024.05.18-20.56.31:095][  0]LogPakFile: PakFile PathHashIndexSize=101
[2024.05.18-20.56.31:095][  0]LogPakFile: PakFile FullDirectoryIndexSize=138
[2024.05.18-20.56.31:095][  0]LogShaderLibrary: Display: ShaderCodeLibraryPakFileMountedCallback: PakFile 'C:/Program Files/Epic Games/UE_4.27/FeaturePacks/TP_Puzzle.upack' (chunk index -1, root 'root:/') mounted
[2024.05.18-20.56.31:095][  0]LogShaderLibrary: Display: ShaderCodeLibraryPakFileMountedCallback: pending pak file info (ChunkID:-1 Root:root:/ File:C:/Program Files/Epic Games/UE_4.27/FeaturePacks/TP_Puzzle.upack)
[2024.05.18-20.56.31:095][  0]LogPakFile: OnPakFileMounted2Time == 0.000030
[2024.05.18-20.56.31:096][  0]LogPakFile: PakFile PrimaryIndexSize=184
[2024.05.18-20.56.31:097][  0]LogPakFile: PakFile PathHashIndexSize=101
[2024.05.18-20.56.31:097][  0]LogPakFile: PakFile FullDirectoryIndexSize=142
[2024.05.18-20.56.31:097][  0]LogShaderLibrary: Display: ShaderCodeLibraryPakFileMountedCallback: PakFile 'C:/Program Files/Epic Games/UE_4.27/FeaturePacks/TP_PuzzleBP.upack' (chunk index -1, root 'root:/') mounted
[2024.05.18-20.56.31:097][  0]LogShaderLibrary: Display: ShaderCodeLibraryPakFileMountedCallback: pending pak file info (ChunkID:-1 Root:root:/ File:C:/Program Files/Epic Games/UE_4.27/FeaturePacks/TP_PuzzleBP.upack)
[2024.05.18-20.56.31:097][  0]LogPakFile: OnPakFileMounted2Time == 0.000039
[2024.05.18-20.56.31:098][  0]LogPakFile: PakFile PrimaryIndexSize=183
[2024.05.18-20.56.31:098][  0]LogPakFile: PakFile PathHashIndexSize=101
[2024.05.18-20.56.31:098][  0]LogPakFile: PakFile FullDirectoryIndexSize=140
[2024.05.18-20.56.31:098][  0]LogShaderLibrary: Display: ShaderCodeLibraryPakFileMountedCallback: PakFile 'C:/Program Files/Epic Games/UE_4.27/FeaturePacks/TP_Rolling.upack' (chunk index -1, root 'root:/') mounted
[2024.05.18-20.56.31:098][  0]LogShaderLibrary: Display: ShaderCodeLibraryPakFileMountedCallback: pending pak file info (ChunkID:-1 Root:root:/ File:C:/Program Files/Epic Games/UE_4.27/FeaturePacks/TP_Rolling.upack)
[2024.05.18-20.56.31:098][  0]LogPakFile: OnPakFileMounted2Time == 0.000023
[2024.05.18-20.56.31:099][  0]LogPakFile: PakFile PrimaryIndexSize=185
[2024.05.18-20.56.31:099][  0]LogPakFile: PakFile PathHashIndexSize=101
[2024.05.18-20.56.31:099][  0]LogPakFile: PakFile FullDirectoryIndexSize=144
[2024.05.18-20.56.31:099][  0]LogShaderLibrary: Display: ShaderCodeLibraryPakFileMountedCallback: PakFile 'C:/Program Files/Epic Games/UE_4.27/FeaturePacks/TP_RollingBP.upack' (chunk index -1, root 'root:/') mounted
[2024.05.18-20.56.31:099][  0]LogShaderLibrary: Display: ShaderCodeLibraryPakFileMountedCallback: pending pak file info (ChunkID:-1 Root:root:/ File:C:/Program Files/Epic Games/UE_4.27/FeaturePacks/TP_RollingBP.upack)
[2024.05.18-20.56.31:099][  0]LogPakFile: OnPakFileMounted2Time == 0.000034
[2024.05.18-20.56.31:101][  0]LogPakFile: PakFile PrimaryIndexSize=188
[2024.05.18-20.56.31:101][  0]LogPakFile: PakFile PathHashIndexSize=101
[2024.05.18-20.56.31:101][  0]LogPakFile: PakFile FullDirectoryIndexSize=150
[2024.05.18-20.56.31:101][  0]LogShaderLibrary: Display: ShaderCodeLibraryPakFileMountedCallback: PakFile 'C:/Program Files/Epic Games/UE_4.27/FeaturePacks/TP_SideScroller.upack' (chunk index -1, root 'root:/') mounted
[2024.05.18-20.56.31:101][  0]LogShaderLibrary: Display: ShaderCodeLibraryPakFileMountedCallback: pending pak file info (ChunkID:-1 Root:root:/ File:C:/Program Files/Epic Games/UE_4.27/FeaturePacks/TP_SideScroller.upack)
[2024.05.18-20.56.31:101][  0]LogPakFile: OnPakFileMounted2Time == 0.000028
[2024.05.18-20.56.31:102][  0]LogPakFile: PakFile PrimaryIndexSize=190
[2024.05.18-20.56.31:102][  0]LogPakFile: PakFile PathHashIndexSize=101
[2024.05.18-20.56.31:102][  0]LogPakFile: PakFile FullDirectoryIndexSize=154
[2024.05.18-20.56.31:102][  0]LogShaderLibrary: Display: ShaderCodeLibraryPakFileMountedCallback: PakFile 'C:/Program Files/Epic Games/UE_4.27/FeaturePacks/TP_SideScrollerBP.upack' (chunk index -1, root 'root:/') mounted
[2024.05.18-20.56.31:102][  0]LogShaderLibrary: Display: ShaderCodeLibraryPakFileMountedCallback: pending pak file info (ChunkID:-1 Root:root:/ File:C:/Program Files/Epic Games/UE_4.27/FeaturePacks/TP_SideScrollerBP.upack)
[2024.05.18-20.56.31:102][  0]LogPakFile: OnPakFileMounted2Time == 0.000047
[2024.05.18-20.56.31:104][  0]LogPakFile: PakFile PrimaryIndexSize=187
[2024.05.18-20.56.31:104][  0]LogPakFile: PakFile PathHashIndexSize=101
[2024.05.18-20.56.31:104][  0]LogPakFile: PakFile FullDirectoryIndexSize=148
[2024.05.18-20.56.31:104][  0]LogShaderLibrary: Display: ShaderCodeLibraryPakFileMountedCallback: PakFile 'C:/Program Files/Epic Games/UE_4.27/FeaturePacks/TP_ThirdPerson.upack' (chunk index -1, root 'root:/') mounted
[2024.05.18-20.56.31:104][  0]LogShaderLibrary: Display: ShaderCodeLibraryPakFileMountedCallback: pending pak file info (ChunkID:-1 Root:root:/ File:C:/Program Files/Epic Games/UE_4.27/FeaturePacks/TP_ThirdPerson.upack)
[2024.05.18-20.56.31:104][  0]LogPakFile: OnPakFileMounted2Time == 0.000042
[2024.05.18-20.56.31:106][  0]LogPakFile: PakFile PrimaryIndexSize=189
[2024.05.18-20.56.31:106][  0]LogPakFile: PakFile PathHashIndexSize=101
[2024.05.18-20.56.31:106][  0]LogPakFile: PakFile FullDirectoryIndexSize=152
[2024.05.18-20.56.31:106][  0]LogShaderLibrary: Display: ShaderCodeLibraryPakFileMountedCallback: PakFile 'C:/Program Files/Epic Games/UE_4.27/FeaturePacks/TP_ThirdPersonBP.upack' (chunk index -1, root 'root:/') mounted
[2024.05.18-20.56.31:106][  0]LogShaderLibrary: Display: ShaderCodeLibraryPakFileMountedCallback: pending pak file info (ChunkID:-1 Root:root:/ File:C:/Program Files/Epic Games/UE_4.27/FeaturePacks/TP_ThirdPersonBP.upack)
[2024.05.18-20.56.31:106][  0]LogPakFile: OnPakFileMounted2Time == 0.000027
[2024.05.18-20.56.31:107][  0]LogPakFile: PakFile PrimaryIndexSize=183
[2024.05.18-20.56.31:107][  0]LogPakFile: PakFile PathHashIndexSize=101
[2024.05.18-20.56.31:107][  0]LogPakFile: PakFile FullDirectoryIndexSize=140
[2024.05.18-20.56.31:107][  0]LogShaderLibrary: Display: ShaderCodeLibraryPakFileMountedCallback: PakFile 'C:/Program Files/Epic Games/UE_4.27/FeaturePacks/TP_TopDown.upack' (chunk index -1, root 'root:/') mounted
[2024.05.18-20.56.31:107][  0]LogShaderLibrary: Display: ShaderCodeLibraryPakFileMountedCallback: pending pak file info (ChunkID:-1 Root:root:/ File:C:/Program Files/Epic Games/UE_4.27/FeaturePacks/TP_TopDown.upack)
[2024.05.18-20.56.31:107][  0]LogPakFile: OnPakFileMounted2Time == 0.000048
[2024.05.18-20.56.31:109][  0]LogPakFile: PakFile PrimaryIndexSize=185
[2024.05.18-20.56.31:109][  0]LogPakFile: PakFile PathHashIndexSize=101
[2024.05.18-20.56.31:109][  0]LogPakFile: PakFile FullDirectoryIndexSize=144
[2024.05.18-20.56.31:109][  0]LogShaderLibrary: Display: ShaderCodeLibraryPakFileMountedCallback: PakFile 'C:/Program Files/Epic Games/UE_4.27/FeaturePacks/TP_TopDownBP.upack' (chunk index -1, root 'root:/') mounted
[2024.05.18-20.56.31:109][  0]LogShaderLibrary: Display: ShaderCodeLibraryPakFileMountedCallback: pending pak file info (ChunkID:-1 Root:root:/ File:C:/Program Files/Epic Games/UE_4.27/FeaturePacks/TP_TopDownBP.upack)
[2024.05.18-20.56.31:109][  0]LogPakFile: OnPakFileMounted2Time == 0.000036
[2024.05.18-20.56.31:111][  0]LogPakFile: PakFile PrimaryIndexSize=185
[2024.05.18-20.56.31:111][  0]LogPakFile: PakFile PathHashIndexSize=101
[2024.05.18-20.56.31:111][  0]LogPakFile: PakFile FullDirectoryIndexSize=144
[2024.05.18-20.56.31:111][  0]LogShaderLibrary: Display: ShaderCodeLibraryPakFileMountedCallback: PakFile 'C:/Program Files/Epic Games/UE_4.27/FeaturePacks/TP_TwinStick.upack' (chunk index -1, root 'root:/') mounted
[2024.05.18-20.56.31:111][  0]LogShaderLibrary: Display: ShaderCodeLibraryPakFileMountedCallback: pending pak file info (ChunkID:-1 Root:root:/ File:C:/Program Files/Epic Games/UE_4.27/FeaturePacks/TP_TwinStick.upack)
[2024.05.18-20.56.31:111][  0]LogPakFile: OnPakFileMounted2Time == 0.000039
[2024.05.18-20.56.31:112][  0]LogPakFile: PakFile PrimaryIndexSize=187
[2024.05.18-20.56.31:112][  0]LogPakFile: PakFile PathHashIndexSize=101
[2024.05.18-20.56.31:112][  0]LogPakFile: PakFile FullDirectoryIndexSize=148
[2024.05.18-20.56.31:112][  0]LogShaderLibrary: Display: ShaderCodeLibraryPakFileMountedCallback: PakFile 'C:/Program Files/Epic Games/UE_4.27/FeaturePacks/TP_TwinStickBP.upack' (chunk index -1, root 'root:/') mounted
[2024.05.18-20.56.31:112][  0]LogShaderLibrary: Display: ShaderCodeLibraryPakFileMountedCallback: pending pak file info (ChunkID:-1 Root:root:/ File:C:/Program Files/Epic Games/UE_4.27/FeaturePacks/TP_TwinStickBP.upack)
[2024.05.18-20.56.31:112][  0]LogPakFile: OnPakFileMounted2Time == 0.000027
[2024.05.18-20.56.31:114][  0]LogPakFile: PakFile PrimaryIndexSize=183
[2024.05.18-20.56.31:114][  0]LogPakFile: PakFile PathHashIndexSize=101
[2024.05.18-20.56.31:114][  0]LogPakFile: PakFile FullDirectoryIndexSize=140
[2024.05.18-20.56.31:114][  0]LogShaderLibrary: Display: ShaderCodeLibraryPakFileMountedCallback: PakFile 'C:/Program Files/Epic Games/UE_4.27/FeaturePacks/TP_Vehicle.upack' (chunk index -1, root 'root:/') mounted
[2024.05.18-20.56.31:114][  0]LogShaderLibrary: Display: ShaderCodeLibraryPakFileMountedCallback: pending pak file info (ChunkID:-1 Root:root:/ File:C:/Program Files/Epic Games/UE_4.27/FeaturePacks/TP_Vehicle.upack)
[2024.05.18-20.56.31:114][  0]LogPakFile: OnPakFileMounted2Time == 0.000027
[2024.05.18-20.56.31:115][  0]LogPakFile: PakFile PrimaryIndexSize=186
[2024.05.18-20.56.31:115][  0]LogPakFile: PakFile PathHashIndexSize=101
[2024.05.18-20.56.31:115][  0]LogPakFile: PakFile FullDirectoryIndexSize=146
[2024.05.18-20.56.31:115][  0]LogShaderLibrary: Display: ShaderCodeLibraryPakFileMountedCallback: PakFile 'C:/Program Files/Epic Games/UE_4.27/FeaturePacks/TP_VehicleAdv.upack' (chunk index -1, root 'root:/') mounted
[2024.05.18-20.56.31:115][  0]LogShaderLibrary: Display: ShaderCodeLibraryPakFileMountedCallback: pending pak file info (ChunkID:-1 Root:root:/ File:C:/Program Files/Epic Games/UE_4.27/FeaturePacks/TP_VehicleAdv.upack)
[2024.05.18-20.56.31:115][  0]LogPakFile: OnPakFileMounted2Time == 0.000027
[2024.05.18-20.56.31:117][  0]LogPakFile: PakFile PrimaryIndexSize=188
[2024.05.18-20.56.31:117][  0]LogPakFile: PakFile PathHashIndexSize=101
[2024.05.18-20.56.31:117][  0]LogPakFile: PakFile FullDirectoryIndexSize=150
[2024.05.18-20.56.31:117][  0]LogShaderLibrary: Display: ShaderCodeLibraryPakFileMountedCallback: PakFile 'C:/Program Files/Epic Games/UE_4.27/FeaturePacks/TP_VehicleAdvBP.upack' (chunk index -1, root 'root:/') mounted
[2024.05.18-20.56.31:117][  0]LogShaderLibrary: Display: ShaderCodeLibraryPakFileMountedCallback: pending pak file info (ChunkID:-1 Root:root:/ File:C:/Program Files/Epic Games/UE_4.27/FeaturePacks/TP_VehicleAdvBP.upack)
[2024.05.18-20.56.31:117][  0]LogPakFile: OnPakFileMounted2Time == 0.000029
[2024.05.18-20.56.31:118][  0]LogPakFile: PakFile PrimaryIndexSize=185
[2024.05.18-20.56.31:118][  0]LogPakFile: PakFile PathHashIndexSize=101
[2024.05.18-20.56.31:118][  0]LogPakFile: PakFile FullDirectoryIndexSize=144
[2024.05.18-20.56.31:118][  0]LogShaderLibrary: Display: ShaderCodeLibraryPakFileMountedCallback: PakFile 'C:/Program Files/Epic Games/UE_4.27/FeaturePacks/TP_VehicleBP.upack' (chunk index -1, root 'root:/') mounted
[2024.05.18-20.56.31:118][  0]LogShaderLibrary: Display: ShaderCodeLibraryPakFileMountedCallback: pending pak file info (ChunkID:-1 Root:root:/ File:C:/Program Files/Epic Games/UE_4.27/FeaturePacks/TP_VehicleBP.upack)
[2024.05.18-20.56.31:118][  0]LogPakFile: OnPakFileMounted2Time == 0.000026
[2024.05.18-20.56.31:120][  0]LogPakFile: PakFile PrimaryIndexSize=192
[2024.05.18-20.56.31:120][  0]LogPakFile: PakFile PathHashIndexSize=101
[2024.05.18-20.56.31:120][  0]LogPakFile: PakFile FullDirectoryIndexSize=158
[2024.05.18-20.56.31:120][  0]LogShaderLibrary: Display: ShaderCodeLibraryPakFileMountedCallback: PakFile 'C:/Program Files/Epic Games/UE_4.27/FeaturePacks/TP_VirtualRealityBP.upack' (chunk index -1, root 'root:/') mounted
[2024.05.18-20.56.31:120][  0]LogShaderLibrary: Display: ShaderCodeLibraryPakFileMountedCallback: pending pak file info (ChunkID:-1 Root:root:/ File:C:/Program Files/Epic Games/UE_4.27/FeaturePacks/TP_VirtualRealityBP.upack)
[2024.05.18-20.56.31:120][  0]LogPakFile: OnPakFileMounted2Time == 0.000025
[2024.05.18-20.56.31:329][  0]LogNativeClassHierarchy: Verbose: Native class hierarchy updated for 'AddContentDialog' in 0.0003 seconds. Added 0 classes and 0 folders.
[2024.05.18-20.56.31:330][  0]LogNativeClassHierarchy: Verbose: Native class hierarchy updated for 'SceneOutliner' in 0.0002 seconds. Added 2 classes and 0 folders.
[2024.05.18-20.56.31:508][  0]LogSlate: Took 0.001410 seconds to synchronously load lazily loaded font '../../../Engine/Content/Slate/Fonts/Roboto-Regular.ttf' (155K)
[2024.05.18-20.56.31:510][  0]LogSlate: Took 0.000590 seconds to synchronously load lazily loaded font '../../../Engine/Content/Editor/Slate/Fonts/FontAwesome.ttf' (139K)
[2024.05.18-20.56.31:512][  0]LogSlate: Took 0.000823 seconds to synchronously load lazily loaded font '../../../Engine/Content/Slate/Fonts/Roboto-Bold.ttf' (160K)
[2024.05.18-20.56.31:603][  0]LogRenderer: Reallocating scene render targets to support 964x488 Format 10 NumSamples 1 (Frame:1).
[2024.05.18-20.56.31:641][  0]LogSlate: Took 0.000504 seconds to synchronously load lazily loaded font '../../../Engine/Content/Slate/Fonts/Roboto-Light.ttf' (167K)
[2024.05.18-20.56.31:704][  0]LogNativeClassHierarchy: Verbose: Native class hierarchy updated for 'HierarchicalLODOutliner' in 0.0003 seconds. Added 0 classes and 0 folders.
[2024.05.18-20.56.31:704][  0]LogLoad: (Engine Initialization) Total time: 11.20 seconds
[2024.05.18-20.56.31:704][  0]LogLoad: (Engine Initialization) Total Blueprint compile time: 0.00 seconds
[2024.05.18-20.56.31:768][  0]LogAssetRegistry: Asset discovery search completed in 6.1252 seconds
[2024.05.18-20.56.31:775][  0]LogCollectionManager: Fixed up redirectors for 0 collections in 0.000003 seconds (updated 0 objects)
[2024.05.18-20.56.31:778][  0]LogContentStreaming: Texture pool size now 1000 MB
[2024.05.18-20.57.46:957][469]LogTemp: Repeating last play command: Selected Viewport
[2024.05.18-20.57.46:965][469]LogPlayLevel: PlayLevel: No blueprints needed recompiling
[2024.05.18-20.57.46:969][469]PIE: New page: PIE session: Nivel-1 (18 may. 2024 9:57:46)
[2024.05.18-20.57.46:976][469]LogOnline: OSS: Creating online subsystem instance for: NULL
[2024.05.18-20.57.46:977][469]LogOnline: OSS: TryLoadSubsystemAndSetDefault: Loaded subsystem for module [NULL]
[2024.05.18-20.57.46:979][469]LogPlayLevel: Creating play world package: /Game/Niveles/UEDPIE_0_Nivel-1
[2024.05.18-20.57.47:001][469]LogPlayLevel: PIE: StaticDuplicateObject took: (0.021900s)
[2024.05.18-20.57.47:002][469]LogAIModule: Creating AISystem for world Nivel-1
[2024.05.18-20.57.47:003][469]LogPlayLevel: PIE: World Init took: (0.001889s)
[2024.05.18-20.57.47:003][469]LogPlayLevel: PIE: Created PIE world by copying editor world from /Game/Niveles/Nivel-1.Nivel-1 to /Game/Niveles/UEDPIE_0_Nivel-1.Nivel-1 (0.024492s)
[2024.05.18-20.57.47:008][469]LogUObjectHash: Compacting FUObjectHashTables data took   0.64ms
[2024.05.18-20.57.47:009][469]LogAudio: Display: Creating Audio Device:                 Id: 2, Scope: Unique, Realtime: True
[2024.05.18-20.57.47:010][469]LogAudioMixer: Display: Audio Mixer Platform Settings:
[2024.05.18-20.57.47:010][469]LogAudioMixer: Display: 	Sample Rate:						  48000
[2024.05.18-20.57.47:010][469]LogAudioMixer: Display: 	Callback Buffer Frame Size Requested: 1024
[2024.05.18-20.57.47:010][469]LogAudioMixer: Display: 	Callback Buffer Frame Size To Use:	  1024
[2024.05.18-20.57.47:010][469]LogAudioMixer: Display: 	Number of buffers to queue:			  2
[2024.05.18-20.57.47:010][469]LogAudioMixer: Display: 	Max Channels (voices):				  32
[2024.05.18-20.57.47:010][469]LogAudioMixer: Display: 	Number of Async Source Workers:		  0
[2024.05.18-20.57.47:010][469]LogAudio: Display: AudioDevice MaxSources: 32
[2024.05.18-20.57.47:010][469]LogAudio: Display: Audio Spatialization Plugin: None (built-in).
[2024.05.18-20.57.47:010][469]LogAudio: Display: Audio Reverb Plugin: None (built-in).
[2024.05.18-20.57.47:010][469]LogAudio: Display: Audio Occlusion Plugin: None (built-in).
[2024.05.18-20.57.47:010][469]LogAudioMixer: Display: Initializing audio mixer.
[2024.05.18-20.57.47:013][469]LogAudioMixer: Display: 0: FrontLeft
[2024.05.18-20.57.47:013][469]LogAudioMixer: Display: 1: FrontRight
[2024.05.18-20.57.47:035][469]LogAudioMixer: Display: Using Audio Device Audífono de los auriculares con micrófono (G435 Wireless Gaming Headset)
[2024.05.18-20.57.47:037][469]LogAudioMixer: Display: Initializing Sound Submixes...
[2024.05.18-20.57.47:037][469]LogAudioMixer: Display: Creating Master Submix 'MasterSubmixDefault'
[2024.05.18-20.57.47:037][469]LogAudioMixer: Display: Creating Master Submix 'MasterReverbSubmixDefault'
[2024.05.18-20.57.47:038][469]LogAudioMixer: Display: Creating Master Submix 'MasterEQSubmixDefault'
[2024.05.18-20.57.47:038][469]LogAudioMixer: FMixerPlatformXAudio2::StartAudioStream() called
[2024.05.18-20.57.47:038][469]LogAudioMixer: Display: Output buffers initialized: Frames=1024, Channels=2, Samples=2048
[2024.05.18-20.57.47:039][469]LogAudioMixer: Display: Starting AudioMixerPlatformInterface::RunInternal()
[2024.05.18-20.57.47:039][469]LogAudioMixer: Display: FMixerPlatformXAudio2::SubmitBuffer() called for the first time
[2024.05.18-20.57.47:039][469]LogInit: FAudioDevice initialized.
[2024.05.18-20.57.47:039][469]LogAudio: Display: Audio Device (ID: 2) registered with world 'Nivel-1'.
[2024.05.18-20.57.47:050][469]LogLoad: Game class is 'SideScrollerGameMode_C'
[2024.05.18-20.57.47:064][469]LogWorld: Bringing World /Game/Niveles/UEDPIE_0_Nivel-1.Nivel-1 up for play (max tick rate 60) at 2024.05.18-14.57.47
[2024.05.18-20.57.47:081][469]LogWorld: Bringing up level for play took: 0.024441
[2024.05.18-20.57.47:082][469]LogOnline: OSS: Creating online subsystem instance for: :Context_2
[2024.05.18-20.57.47:092][469]LogNativeClassHierarchy: Verbose: Native class hierarchy updated for 'MovieSceneCapture' in 0.0004 seconds. Added 20 classes and 0 folders.
[2024.05.18-20.57.47:121][469]PIE: Server logged in
[2024.05.18-20.57.47:123][469]PIE: Play in editor total start time 0.163 seconds.
[2024.05.18-20.58.17:211][270]LogSlate: Updating window title bar state: overlay mode, drag disabled, window buttons hidden, title bar hidden
[2024.05.18-20.58.17:211][270]LogWorld: BeginTearingDown for /Game/Niveles/UEDPIE_0_Nivel-1
[2024.05.18-20.58.17:214][270]LogWorld: UWorld::CleanupWorld for Nivel-1, bSessionEnded=true, bCleanupResources=true
[2024.05.18-20.58.17:219][270]LogSlate: InvalidateAllWidgets triggered.  All widgets were invalidated
[2024.05.18-20.58.17:230][270]LogPlayLevel: Display: Shutting down PIE online subsystems
[2024.05.18-20.58.17:233][270]LogSlate: InvalidateAllWidgets triggered.  All widgets were invalidated
[2024.05.18-20.58.17:238][270]LogAudio: Display: Audio Device unregistered from world 'None'.
[2024.05.18-20.58.17:240][270]LogAudioMixer: FMixerPlatformXAudio2::StopAudioStream() called
[2024.05.18-20.58.17:241][270]LogAudioMixer: FMixerPlatformXAudio2::StopAudioStream() called
[2024.05.18-20.58.17:246][270]LogSlate: Updating window title bar state: overlay mode, drag disabled, window buttons hidden, title bar hidden
[2024.05.18-20.58.17:254][270]LogUObjectHash: Compacting FUObjectHashTables data took   0.97ms
[2024.05.18-20.58.17:272][271]LogPlayLevel: Display: Destroying online subsystem :Context_2
[2024.05.18-20.59.26:485][184]LogEditorViewport: Clicking on Actor (LMB): StaticMeshActor (Pipe_Dokan1__m_Dokan3)
[2024.05.18-20.59.31:464][481]LogEditorViewport: Clicking on Actor (LMB): StaticMeshActor (Pl_GrassWall_4m)
[2024.05.18-20.59.35:051][695]LogTemp: Repeating last play command: Selected Viewport
[2024.05.18-20.59.35:056][695]LogPlayLevel: PlayLevel: No blueprints needed recompiling
[2024.05.18-20.59.35:056][695]PIE: New page: PIE session: Nivel-1 (18 may. 2024 9:59:35)
[2024.05.18-20.59.35:056][695]LogPlayLevel: Creating play world package: /Game/Niveles/UEDPIE_0_Nivel-1
[2024.05.18-20.59.35:076][695]LogPlayLevel: PIE: StaticDuplicateObject took: (0.020048s)
[2024.05.18-20.59.35:077][695]LogAIModule: Creating AISystem for world Nivel-1
[2024.05.18-20.59.35:077][695]LogPlayLevel: PIE: World Init took: (0.001322s)
[2024.05.18-20.59.35:077][695]LogPlayLevel: PIE: Created PIE world by copying editor world from /Game/Niveles/Nivel-1.Nivel-1 to /Game/Niveles/UEDPIE_0_Nivel-1.Nivel-1 (0.021515s)
[2024.05.18-20.59.35:082][695]LogUObjectHash: Compacting FUObjectHashTables data took   0.59ms
[2024.05.18-20.59.35:083][695]LogAudio: Display: Creating Audio Device:                 Id: 3, Scope: Unique, Realtime: True
[2024.05.18-20.59.35:083][695]LogAudioMixer: Display: Audio Mixer Platform Settings:
[2024.05.18-20.59.35:083][695]LogAudioMixer: Display: 	Sample Rate:						  48000
[2024.05.18-20.59.35:083][695]LogAudioMixer: Display: 	Callback Buffer Frame Size Requested: 1024
[2024.05.18-20.59.35:083][695]LogAudioMixer: Display: 	Callback Buffer Frame Size To Use:	  1024
[2024.05.18-20.59.35:083][695]LogAudioMixer: Display: 	Number of buffers to queue:			  2
[2024.05.18-20.59.35:083][695]LogAudioMixer: Display: 	Max Channels (voices):				  32
[2024.05.18-20.59.35:083][695]LogAudioMixer: Display: 	Number of Async Source Workers:		  0
[2024.05.18-20.59.35:083][695]LogAudio: Display: AudioDevice MaxSources: 32
[2024.05.18-20.59.35:083][695]LogAudio: Display: Audio Spatialization Plugin: None (built-in).
[2024.05.18-20.59.35:083][695]LogAudio: Display: Audio Reverb Plugin: None (built-in).
[2024.05.18-20.59.35:083][695]LogAudio: Display: Audio Occlusion Plugin: None (built-in).
[2024.05.18-20.59.35:083][695]LogAudioMixer: Display: Initializing audio mixer.
[2024.05.18-20.59.35:086][695]LogAudioMixer: Display: 0: FrontLeft
[2024.05.18-20.59.35:086][695]LogAudioMixer: Display: 1: FrontRight
[2024.05.18-20.59.35:109][695]LogAudioMixer: Display: Using Audio Device Audífono de los auriculares con micrófono (G435 Wireless Gaming Headset)
[2024.05.18-20.59.35:109][695]LogAudioMixer: Display: Initializing Sound Submixes...
[2024.05.18-20.59.35:109][695]LogAudioMixer: Display: Creating Master Submix 'MasterSubmixDefault'
[2024.05.18-20.59.35:109][695]LogAudioMixer: Display: Creating Master Submix 'MasterReverbSubmixDefault'
[2024.05.18-20.59.35:110][695]LogAudioMixer: Display: Creating Master Submix 'MasterEQSubmixDefault'
[2024.05.18-20.59.35:110][695]LogAudioMixer: FMixerPlatformXAudio2::StartAudioStream() called
[2024.05.18-20.59.35:110][695]LogAudioMixer: Display: Output buffers initialized: Frames=1024, Channels=2, Samples=2048
[2024.05.18-20.59.35:111][695]LogAudioMixer: Display: Starting AudioMixerPlatformInterface::RunInternal()
[2024.05.18-20.59.35:111][695]LogAudioMixer: Display: FMixerPlatformXAudio2::SubmitBuffer() called for the first time
[2024.05.18-20.59.35:111][695]LogInit: FAudioDevice initialized.
[2024.05.18-20.59.35:111][695]LogAudio: Display: Audio Device (ID: 3) registered with world 'Nivel-1'.
[2024.05.18-20.59.35:120][695]LogLoad: Game class is 'SideScrollerGameMode_C'
[2024.05.18-20.59.35:126][695]LogWorld: Bringing World /Game/Niveles/UEDPIE_0_Nivel-1.Nivel-1 up for play (max tick rate 60) at 2024.05.18-14.59.35
[2024.05.18-20.59.35:128][695]LogWorld: Bringing up level for play took: 0.008364
[2024.05.18-20.59.35:128][695]LogOnline: OSS: Creating online subsystem instance for: :Context_4
[2024.05.18-20.59.35:134][695]PIE: Server logged in
[2024.05.18-20.59.35:135][695]PIE: Play in editor total start time 0.079 seconds.
[2024.05.18-21.00.21:979][503]LogSlate: Updating window title bar state: overlay mode, drag disabled, window buttons hidden, title bar hidden
[2024.05.18-21.00.21:979][503]LogWorld: BeginTearingDown for /Game/Niveles/UEDPIE_0_Nivel-1
[2024.05.18-21.00.21:980][503]LogWorld: UWorld::CleanupWorld for Nivel-1, bSessionEnded=true, bCleanupResources=true
[2024.05.18-21.00.21:982][503]LogSlate: InvalidateAllWidgets triggered.  All widgets were invalidated
[2024.05.18-21.00.21:989][503]LogPlayLevel: Display: Shutting down PIE online subsystems
[2024.05.18-21.00.22:002][503]LogSlate: InvalidateAllWidgets triggered.  All widgets were invalidated
[2024.05.18-21.00.22:007][503]LogAudio: Display: Audio Device unregistered from world 'None'.
[2024.05.18-21.00.22:007][503]LogAudioMixer: FMixerPlatformXAudio2::StopAudioStream() called
[2024.05.18-21.00.22:008][503]LogAudioMixer: FMixerPlatformXAudio2::StopAudioStream() called
[2024.05.18-21.00.22:012][503]LogSlate: Updating window title bar state: overlay mode, drag disabled, window buttons hidden, title bar hidden
[2024.05.18-21.00.22:015][503]LogUObjectHash: Compacting FUObjectHashTables data took   0.59ms
[2024.05.18-21.00.22:066][505]LogPlayLevel: Display: Destroying online subsystem :Context_4
[2024.05.18-21.00.23:832][611]LogEditorViewport: Clicking on Actor (LMB): BP_Sky_Sphere_C (BP_Sky_Sphere6)
[2024.05.18-21.00.24:364][642]LogEditorViewport: Clicking on Actor (LMB): BP_Sky_Sphere_C (BP_Sky_Sphere6)
[2024.05.18-21.00.24:631][658]LogEditorViewport: Clicking on Actor (double click): BP_Sky_Sphere_C (BP_Sky_Sphere6)
[2024.05.18-21.00.26:814][789]LogEditorViewport: Clicking on Actor (LMB): BP_Sky_Sphere_C (BP_Sky_Sphere3)
[2024.05.18-21.00.27:313][818]LogEditorViewport: Clicking on Actor (LMB): BP_Sky_Sphere_C (BP_Sky_Sphere3)
[2024.05.18-21.00.27:763][845]LogEditorViewport: Clicking on Actor (LMB): BP_Camara_C (BP_Camara)
[2024.05.18-21.00.31:874][ 90]LogTemp: Repeating last play command: Selected Viewport
[2024.05.18-21.00.31:877][ 90]LogPlayLevel: PlayLevel: No blueprints needed recompiling
[2024.05.18-21.00.31:878][ 90]PIE: New page: PIE session: Nivel-1 (18 may. 2024 10:00:31)
[2024.05.18-21.00.31:878][ 90]LogPlayLevel: Creating play world package: /Game/Niveles/UEDPIE_0_Nivel-1
[2024.05.18-21.00.31:897][ 90]LogPlayLevel: PIE: StaticDuplicateObject took: (0.019388s)
[2024.05.18-21.00.31:898][ 90]LogAIModule: Creating AISystem for world Nivel-1
[2024.05.18-21.00.31:898][ 90]LogPlayLevel: PIE: World Init took: (0.000857s)
[2024.05.18-21.00.31:898][ 90]LogPlayLevel: PIE: Created PIE world by copying editor world from /Game/Niveles/Nivel-1.Nivel-1 to /Game/Niveles/UEDPIE_0_Nivel-1.Nivel-1 (0.020354s)
[2024.05.18-21.00.31:902][ 90]LogUObjectHash: Compacting FUObjectHashTables data took   0.56ms
[2024.05.18-21.00.31:902][ 90]LogAudio: Display: Creating Audio Device:                 Id: 4, Scope: Unique, Realtime: True
[2024.05.18-21.00.31:902][ 90]LogAudioMixer: Display: Audio Mixer Platform Settings:
[2024.05.18-21.00.31:902][ 90]LogAudioMixer: Display: 	Sample Rate:						  48000
[2024.05.18-21.00.31:902][ 90]LogAudioMixer: Display: 	Callback Buffer Frame Size Requested: 1024
[2024.05.18-21.00.31:902][ 90]LogAudioMixer: Display: 	Callback Buffer Frame Size To Use:	  1024
[2024.05.18-21.00.31:902][ 90]LogAudioMixer: Display: 	Number of buffers to queue:			  2
[2024.05.18-21.00.31:902][ 90]LogAudioMixer: Display: 	Max Channels (voices):				  32
[2024.05.18-21.00.31:902][ 90]LogAudioMixer: Display: 	Number of Async Source Workers:		  0
[2024.05.18-21.00.31:902][ 90]LogAudio: Display: AudioDevice MaxSources: 32
[2024.05.18-21.00.31:903][ 90]LogAudio: Display: Audio Spatialization Plugin: None (built-in).
[2024.05.18-21.00.31:903][ 90]LogAudio: Display: Audio Reverb Plugin: None (built-in).
[2024.05.18-21.00.31:903][ 90]LogAudio: Display: Audio Occlusion Plugin: None (built-in).
[2024.05.18-21.00.31:903][ 90]LogAudioMixer: Display: Initializing audio mixer.
[2024.05.18-21.00.31:906][ 90]LogAudioMixer: Display: 0: FrontLeft
[2024.05.18-21.00.31:906][ 90]LogAudioMixer: Display: 1: FrontRight
[2024.05.18-21.00.31:929][ 90]LogAudioMixer: Display: Using Audio Device Audífono de los auriculares con micrófono (G435 Wireless Gaming Headset)
[2024.05.18-21.00.31:929][ 90]LogAudioMixer: Display: Initializing Sound Submixes...
[2024.05.18-21.00.31:929][ 90]LogAudioMixer: Display: Creating Master Submix 'MasterSubmixDefault'
[2024.05.18-21.00.31:929][ 90]LogAudioMixer: Display: Creating Master Submix 'MasterReverbSubmixDefault'
[2024.05.18-21.00.31:930][ 90]LogAudioMixer: Display: Creating Master Submix 'MasterEQSubmixDefault'
[2024.05.18-21.00.31:930][ 90]LogAudioMixer: FMixerPlatformXAudio2::StartAudioStream() called
[2024.05.18-21.00.31:930][ 90]LogAudioMixer: Display: Output buffers initialized: Frames=1024, Channels=2, Samples=2048
[2024.05.18-21.00.31:931][ 90]LogAudioMixer: Display: Starting AudioMixerPlatformInterface::RunInternal()
[2024.05.18-21.00.31:931][ 90]LogAudioMixer: Display: FMixerPlatformXAudio2::SubmitBuffer() called for the first time
[2024.05.18-21.00.31:931][ 90]LogInit: FAudioDevice initialized.
[2024.05.18-21.00.31:931][ 90]LogAudio: Display: Audio Device (ID: 4) registered with world 'Nivel-1'.
[2024.05.18-21.00.31:942][ 90]LogLoad: Game class is 'SideScrollerGameMode_C'
[2024.05.18-21.00.31:950][ 90]LogWorld: Bringing World /Game/Niveles/UEDPIE_0_Nivel-1.Nivel-1 up for play (max tick rate 60) at 2024.05.18-15.00.31
[2024.05.18-21.00.31:951][ 90]LogWorld: Bringing up level for play took: 0.008877
[2024.05.18-21.00.31:951][ 90]LogOnline: OSS: Creating online subsystem instance for: :Context_5
[2024.05.18-21.00.31:957][ 90]PIE: Server logged in
[2024.05.18-21.00.31:958][ 90]PIE: Play in editor total start time 0.081 seconds.
[2024.05.18-21.00.33:148][159]LogSlate: Updating window title bar state: overlay mode, drag disabled, window buttons hidden, title bar hidden
[2024.05.18-21.00.33:148][159]LogWorld: BeginTearingDown for /Game/Niveles/UEDPIE_0_Nivel-1
[2024.05.18-21.00.33:149][159]LogWorld: UWorld::CleanupWorld for Nivel-1, bSessionEnded=true, bCleanupResources=true
[2024.05.18-21.00.33:152][159]LogSlate: InvalidateAllWidgets triggered.  All widgets were invalidated
[2024.05.18-21.00.33:159][159]LogPlayLevel: Display: Shutting down PIE online subsystems
[2024.05.18-21.00.33:164][159]LogSlate: InvalidateAllWidgets triggered.  All widgets were invalidated
[2024.05.18-21.00.33:168][159]LogAudio: Display: Audio Device unregistered from world 'None'.
[2024.05.18-21.00.33:168][159]LogAudioMixer: FMixerPlatformXAudio2::StopAudioStream() called
[2024.05.18-21.00.33:170][159]LogAudioMixer: FMixerPlatformXAudio2::StopAudioStream() called
[2024.05.18-21.00.33:173][159]LogSlate: Updating window title bar state: overlay mode, drag disabled, window buttons hidden, title bar hidden
[2024.05.18-21.00.33:176][159]LogUObjectHash: Compacting FUObjectHashTables data took   0.58ms
[2024.05.18-21.00.33:220][161]LogPlayLevel: Display: Destroying online subsystem :Context_5
[2024.05.18-21.00.36:320][347]LogTemp: Repeating last play command: Selected Viewport
[2024.05.18-21.00.36:324][347]LogPlayLevel: PlayLevel: No blueprints needed recompiling
[2024.05.18-21.00.36:324][347]PIE: New page: PIE session: Nivel-1 (18 may. 2024 10:00:36)
[2024.05.18-21.00.36:347][347]LogPlayLevel: Creating play world package: /Game/Niveles/UEDPIE_0_Nivel-1
[2024.05.18-21.00.36:370][347]LogPlayLevel: PIE: StaticDuplicateObject took: (0.023205s)
[2024.05.18-21.00.36:371][347]LogAIModule: Creating AISystem for world Nivel-1
[2024.05.18-21.00.36:371][347]LogPlayLevel: PIE: World Init took: (0.000853s)
[2024.05.18-21.00.36:371][347]LogPlayLevel: PIE: Created PIE world by copying editor world from /Game/Niveles/Nivel-1.Nivel-1 to /Game/Niveles/UEDPIE_0_Nivel-1.Nivel-1 (0.024279s)
[2024.05.18-21.00.36:374][347]LogUObjectHash: Compacting FUObjectHashTables data took   0.63ms
[2024.05.18-21.00.36:376][347]LogAudio: Display: Creating Audio Device:                 Id: 5, Scope: Unique, Realtime: True
[2024.05.18-21.00.36:376][347]LogAudioMixer: Display: Audio Mixer Platform Settings:
[2024.05.18-21.00.36:376][347]LogAudioMixer: Display: 	Sample Rate:						  48000
[2024.05.18-21.00.36:376][347]LogAudioMixer: Display: 	Callback Buffer Frame Size Requested: 1024
[2024.05.18-21.00.36:376][347]LogAudioMixer: Display: 	Callback Buffer Frame Size To Use:	  1024
[2024.05.18-21.00.36:376][347]LogAudioMixer: Display: 	Number of buffers to queue:			  2
[2024.05.18-21.00.36:376][347]LogAudioMixer: Display: 	Max Channels (voices):				  32
[2024.05.18-21.00.36:376][347]LogAudioMixer: Display: 	Number of Async Source Workers:		  0
[2024.05.18-21.00.36:376][347]LogAudio: Display: AudioDevice MaxSources: 32
[2024.05.18-21.00.36:376][347]LogAudio: Display: Audio Spatialization Plugin: None (built-in).
[2024.05.18-21.00.36:376][347]LogAudio: Display: Audio Reverb Plugin: None (built-in).
[2024.05.18-21.00.36:377][347]LogAudio: Display: Audio Occlusion Plugin: None (built-in).
[2024.05.18-21.00.36:377][347]LogAudioMixer: Display: Initializing audio mixer.
[2024.05.18-21.00.36:379][347]LogAudioMixer: Display: 0: FrontLeft
[2024.05.18-21.00.36:379][347]LogAudioMixer: Display: 1: FrontRight
[2024.05.18-21.00.36:401][347]LogAudioMixer: Display: Using Audio Device Audífono de los auriculares con micrófono (G435 Wireless Gaming Headset)
[2024.05.18-21.00.36:402][347]LogAudioMixer: Display: Initializing Sound Submixes...
[2024.05.18-21.00.36:402][347]LogAudioMixer: Display: Creating Master Submix 'MasterSubmixDefault'
[2024.05.18-21.00.36:402][347]LogAudioMixer: Display: Creating Master Submix 'MasterReverbSubmixDefault'
[2024.05.18-21.00.36:402][347]LogAudioMixer: Display: Creating Master Submix 'MasterEQSubmixDefault'
[2024.05.18-21.00.36:402][347]LogAudioMixer: FMixerPlatformXAudio2::StartAudioStream() called
[2024.05.18-21.00.36:402][347]LogAudioMixer: Display: Output buffers initialized: Frames=1024, Channels=2, Samples=2048
[2024.05.18-21.00.36:404][347]LogAudioMixer: Display: Starting AudioMixerPlatformInterface::RunInternal()
[2024.05.18-21.00.36:404][347]LogAudioMixer: Display: FMixerPlatformXAudio2::SubmitBuffer() called for the first time
[2024.05.18-21.00.36:404][347]LogInit: FAudioDevice initialized.
[2024.05.18-21.00.36:404][347]LogAudio: Display: Audio Device (ID: 5) registered with world 'Nivel-1'.
[2024.05.18-21.00.36:415][347]LogLoad: Game class is 'SideScrollerGameMode_C'
[2024.05.18-21.00.36:422][347]LogWorld: Bringing World /Game/Niveles/UEDPIE_0_Nivel-1.Nivel-1 up for play (max tick rate 60) at 2024.05.18-15.00.36
[2024.05.18-21.00.36:424][347]LogWorld: Bringing up level for play took: 0.008793
[2024.05.18-21.00.36:424][347]LogOnline: OSS: Creating online subsystem instance for: :Context_6
[2024.05.18-21.00.36:429][347]PIE: Server logged in
[2024.05.18-21.00.36:430][347]PIE: Play in editor total start time 0.106 seconds.
[2024.05.18-21.00.37:258][394]LogSlate: Updating window title bar state: overlay mode, drag disabled, window buttons hidden, title bar hidden
[2024.05.18-21.00.37:258][394]LogWorld: BeginTearingDown for /Game/Niveles/UEDPIE_0_Nivel-1
[2024.05.18-21.00.37:259][394]LogWorld: UWorld::CleanupWorld for Nivel-1, bSessionEnded=true, bCleanupResources=true
[2024.05.18-21.00.37:264][394]LogSlate: InvalidateAllWidgets triggered.  All widgets were invalidated
[2024.05.18-21.00.37:273][394]LogPlayLevel: Display: Shutting down PIE online subsystems
[2024.05.18-21.00.37:278][394]LogSlate: InvalidateAllWidgets triggered.  All widgets were invalidated
[2024.05.18-21.00.37:284][394]LogAudio: Display: Audio Device unregistered from world 'None'.
[2024.05.18-21.00.37:284][394]LogAudioMixer: FMixerPlatformXAudio2::StopAudioStream() called
[2024.05.18-21.00.37:286][394]LogAudioMixer: FMixerPlatformXAudio2::StopAudioStream() called
[2024.05.18-21.00.37:289][394]LogSlate: Updating window title bar state: overlay mode, drag disabled, window buttons hidden, title bar hidden
[2024.05.18-21.00.37:292][394]LogUObjectHash: Compacting FUObjectHashTables data took   0.55ms
[2024.05.18-21.00.37:339][396]LogPlayLevel: Display: Destroying online subsystem :Context_6
[2024.05.18-21.00.40:557][589]LogTemp: Repeating last play command: Selected Viewport
[2024.05.18-21.00.40:561][589]LogPlayLevel: PlayLevel: No blueprints needed recompiling
[2024.05.18-21.00.40:561][589]PIE: New page: PIE session: Nivel-1 (18 may. 2024 10:00:40)
[2024.05.18-21.00.40:561][589]LogPlayLevel: Creating play world package: /Game/Niveles/UEDPIE_0_Nivel-1
[2024.05.18-21.00.40:580][589]LogPlayLevel: PIE: StaticDuplicateObject took: (0.019607s)
[2024.05.18-21.00.40:581][589]LogAIModule: Creating AISystem for world Nivel-1
[2024.05.18-21.00.40:581][589]LogPlayLevel: PIE: World Init took: (0.000826s)
[2024.05.18-21.00.40:581][589]LogPlayLevel: PIE: Created PIE world by copying editor world from /Game/Niveles/Nivel-1.Nivel-1 to /Game/Niveles/UEDPIE_0_Nivel-1.Nivel-1 (0.020545s)
[2024.05.18-21.00.40:585][589]LogUObjectHash: Compacting FUObjectHashTables data took   0.55ms
[2024.05.18-21.00.40:586][589]LogAudio: Display: Creating Audio Device:                 Id: 6, Scope: Unique, Realtime: True
[2024.05.18-21.00.40:586][589]LogAudioMixer: Display: Audio Mixer Platform Settings:
[2024.05.18-21.00.40:586][589]LogAudioMixer: Display: 	Sample Rate:						  48000
[2024.05.18-21.00.40:586][589]LogAudioMixer: Display: 	Callback Buffer Frame Size Requested: 1024
[2024.05.18-21.00.40:586][589]LogAudioMixer: Display: 	Callback Buffer Frame Size To Use:	  1024
[2024.05.18-21.00.40:586][589]LogAudioMixer: Display: 	Number of buffers to queue:			  2
[2024.05.18-21.00.40:586][589]LogAudioMixer: Display: 	Max Channels (voices):				  32
[2024.05.18-21.00.40:586][589]LogAudioMixer: Display: 	Number of Async Source Workers:		  0
[2024.05.18-21.00.40:586][589]LogAudio: Display: AudioDevice MaxSources: 32
[2024.05.18-21.00.40:587][589]LogAudio: Display: Audio Spatialization Plugin: None (built-in).
[2024.05.18-21.00.40:587][589]LogAudio: Display: Audio Reverb Plugin: None (built-in).
[2024.05.18-21.00.40:587][589]LogAudio: Display: Audio Occlusion Plugin: None (built-in).
[2024.05.18-21.00.40:587][589]LogAudioMixer: Display: Initializing audio mixer.
[2024.05.18-21.00.40:589][589]LogAudioMixer: Display: 0: FrontLeft
[2024.05.18-21.00.40:589][589]LogAudioMixer: Display: 1: FrontRight
[2024.05.18-21.00.40:612][589]LogAudioMixer: Display: Using Audio Device Audífono de los auriculares con micrófono (G435 Wireless Gaming Headset)
[2024.05.18-21.00.40:612][589]LogAudioMixer: Display: Initializing Sound Submixes...
[2024.05.18-21.00.40:612][589]LogAudioMixer: Display: Creating Master Submix 'MasterSubmixDefault'
[2024.05.18-21.00.40:612][589]LogAudioMixer: Display: Creating Master Submix 'MasterReverbSubmixDefault'
[2024.05.18-21.00.40:612][589]LogAudioMixer: Display: Creating Master Submix 'MasterEQSubmixDefault'
[2024.05.18-21.00.40:612][589]LogAudioMixer: FMixerPlatformXAudio2::StartAudioStream() called
[2024.05.18-21.00.40:612][589]LogAudioMixer: Display: Output buffers initialized: Frames=1024, Channels=2, Samples=2048
[2024.05.18-21.00.40:614][589]LogAudioMixer: Display: Starting AudioMixerPlatformInterface::RunInternal()
[2024.05.18-21.00.40:614][589]LogAudioMixer: Display: FMixerPlatformXAudio2::SubmitBuffer() called for the first time
[2024.05.18-21.00.40:614][589]LogInit: FAudioDevice initialized.
[2024.05.18-21.00.40:614][589]LogAudio: Display: Audio Device (ID: 6) registered with world 'Nivel-1'.
[2024.05.18-21.00.40:625][589]LogLoad: Game class is 'SideScrollerGameMode_C'
[2024.05.18-21.00.40:634][589]LogWorld: Bringing World /Game/Niveles/UEDPIE_0_Nivel-1.Nivel-1 up for play (max tick rate 60) at 2024.05.18-15.00.40
[2024.05.18-21.00.40:636][589]LogWorld: Bringing up level for play took: 0.009647
[2024.05.18-21.00.40:636][589]LogOnline: OSS: Creating online subsystem instance for: :Context_7
[2024.05.18-21.00.40:641][589]PIE: Server logged in
[2024.05.18-21.00.40:642][589]PIE: Play in editor total start time 0.082 seconds.
[2024.05.18-21.00.41:599][644]LogSlate: Updating window title bar state: overlay mode, drag disabled, window buttons hidden, title bar hidden
[2024.05.18-21.00.41:599][644]LogWorld: BeginTearingDown for /Game/Niveles/UEDPIE_0_Nivel-1
[2024.05.18-21.00.41:599][644]LogWorld: UWorld::CleanupWorld for Nivel-1, bSessionEnded=true, bCleanupResources=true
[2024.05.18-21.00.41:601][644]LogSlate: InvalidateAllWidgets triggered.  All widgets were invalidated
[2024.05.18-21.00.41:611][644]LogPlayLevel: Display: Shutting down PIE online subsystems
[2024.05.18-21.00.41:617][644]LogSlate: InvalidateAllWidgets triggered.  All widgets were invalidated
[2024.05.18-21.00.41:622][644]LogAudio: Display: Audio Device unregistered from world 'None'.
[2024.05.18-21.00.41:622][644]LogAudioMixer: FMixerPlatformXAudio2::StopAudioStream() called
[2024.05.18-21.00.41:623][644]LogAudioMixer: FMixerPlatformXAudio2::StopAudioStream() called
[2024.05.18-21.00.41:627][644]LogSlate: Updating window title bar state: overlay mode, drag disabled, window buttons hidden, title bar hidden
[2024.05.18-21.00.41:630][644]LogUObjectHash: Compacting FUObjectHashTables data took   0.60ms
[2024.05.18-21.00.41:672][646]LogPlayLevel: Display: Destroying online subsystem :Context_7
[2024.05.18-21.00.43:021][727]LogEditorViewport: Clicking on Actor (LMB): BP_Sky_Sphere_C (BP_Sky_Sphere6)
[2024.05.18-21.00.43:332][745]LogEditorViewport: Clicking on Actor (LMB): BP_Sky_Sphere_C (BP_Sky_Sphere6)
[2024.05.18-21.00.43:665][765]LogEditorViewport: Clicking on Actor (LMB): BP_Camara_C (BP_Camara)
[2024.05.18-21.00.46:475][932]LogTemp: Repeating last play command: Selected Viewport
[2024.05.18-21.00.46:481][932]LogPlayLevel: PlayLevel: No blueprints needed recompiling
[2024.05.18-21.00.46:481][932]PIE: New page: PIE session: Nivel-1 (18 may. 2024 10:00:46)
[2024.05.18-21.00.46:481][932]LogPlayLevel: Creating play world package: /Game/Niveles/UEDPIE_0_Nivel-1
[2024.05.18-21.00.46:501][932]LogPlayLevel: PIE: StaticDuplicateObject took: (0.020306s)
[2024.05.18-21.00.46:502][932]LogAIModule: Creating AISystem for world Nivel-1
[2024.05.18-21.00.46:502][932]LogPlayLevel: PIE: World Init took: (0.000975s)
[2024.05.18-21.00.46:502][932]LogPlayLevel: PIE: Created PIE world by copying editor world from /Game/Niveles/Nivel-1.Nivel-1 to /Game/Niveles/UEDPIE_0_Nivel-1.Nivel-1 (0.021434s)
[2024.05.18-21.00.46:507][932]LogUObjectHash: Compacting FUObjectHashTables data took   0.56ms
[2024.05.18-21.00.46:507][932]LogAudio: Display: Creating Audio Device:                 Id: 7, Scope: Unique, Realtime: True
[2024.05.18-21.00.46:508][932]LogAudioMixer: Display: Audio Mixer Platform Settings:
[2024.05.18-21.00.46:508][932]LogAudioMixer: Display: 	Sample Rate:						  48000
[2024.05.18-21.00.46:508][932]LogAudioMixer: Display: 	Callback Buffer Frame Size Requested: 1024
[2024.05.18-21.00.46:508][932]LogAudioMixer: Display: 	Callback Buffer Frame Size To Use:	  1024
[2024.05.18-21.00.46:508][932]LogAudioMixer: Display: 	Number of buffers to queue:			  2
[2024.05.18-21.00.46:508][932]LogAudioMixer: Display: 	Max Channels (voices):				  32
[2024.05.18-21.00.46:508][932]LogAudioMixer: Display: 	Number of Async Source Workers:		  0
[2024.05.18-21.00.46:508][932]LogAudio: Display: AudioDevice MaxSources: 32
[2024.05.18-21.00.46:508][932]LogAudio: Display: Audio Spatialization Plugin: None (built-in).
[2024.05.18-21.00.46:508][932]LogAudio: Display: Audio Reverb Plugin: None (built-in).
[2024.05.18-21.00.46:508][932]LogAudio: Display: Audio Occlusion Plugin: None (built-in).
[2024.05.18-21.00.46:508][932]LogAudioMixer: Display: Initializing audio mixer.
[2024.05.18-21.00.46:510][932]LogAudioMixer: Display: 0: FrontLeft
[2024.05.18-21.00.46:510][932]LogAudioMixer: Display: 1: FrontRight
[2024.05.18-21.00.46:533][932]LogAudioMixer: Display: Using Audio Device Audífono de los auriculares con micrófono (G435 Wireless Gaming Headset)
[2024.05.18-21.00.46:533][932]LogAudioMixer: Display: Initializing Sound Submixes...
[2024.05.18-21.00.46:533][932]LogAudioMixer: Display: Creating Master Submix 'MasterSubmixDefault'
[2024.05.18-21.00.46:533][932]LogAudioMixer: Display: Creating Master Submix 'MasterReverbSubmixDefault'
[2024.05.18-21.00.46:533][932]LogAudioMixer: Display: Creating Master Submix 'MasterEQSubmixDefault'
[2024.05.18-21.00.46:533][932]LogAudioMixer: FMixerPlatformXAudio2::StartAudioStream() called
[2024.05.18-21.00.46:533][932]LogAudioMixer: Display: Output buffers initialized: Frames=1024, Channels=2, Samples=2048
[2024.05.18-21.00.46:534][932]LogAudioMixer: Display: Starting AudioMixerPlatformInterface::RunInternal()
[2024.05.18-21.00.46:534][932]LogAudioMixer: Display: FMixerPlatformXAudio2::SubmitBuffer() called for the first time
[2024.05.18-21.00.46:534][932]LogInit: FAudioDevice initialized.
[2024.05.18-21.00.46:534][932]LogAudio: Display: Audio Device (ID: 7) registered with world 'Nivel-1'.
[2024.05.18-21.00.46:547][932]LogLoad: Game class is 'SideScrollerGameMode_C'
[2024.05.18-21.00.46:555][932]LogWorld: Bringing World /Game/Niveles/UEDPIE_0_Nivel-1.Nivel-1 up for play (max tick rate 60) at 2024.05.18-15.00.46
[2024.05.18-21.00.46:557][932]LogWorld: Bringing up level for play took: 0.009370
[2024.05.18-21.00.46:558][932]LogOnline: OSS: Creating online subsystem instance for: :Context_8
[2024.05.18-21.00.46:562][932]PIE: Server logged in
[2024.05.18-21.00.46:563][932]PIE: Play in editor total start time 0.083 seconds.
[2024.05.18-21.00.47:709][999]LogSlate: Updating window title bar state: overlay mode, drag disabled, window buttons hidden, title bar hidden
[2024.05.18-21.00.47:710][999]LogWorld: BeginTearingDown for /Game/Niveles/UEDPIE_0_Nivel-1
[2024.05.18-21.00.47:710][999]LogWorld: UWorld::CleanupWorld for Nivel-1, bSessionEnded=true, bCleanupResources=true
[2024.05.18-21.00.47:713][999]LogSlate: InvalidateAllWidgets triggered.  All widgets were invalidated
[2024.05.18-21.00.47:725][999]LogPlayLevel: Display: Shutting down PIE online subsystems
[2024.05.18-21.00.47:730][999]LogSlate: InvalidateAllWidgets triggered.  All widgets were invalidated
[2024.05.18-21.00.47:735][999]LogAudio: Display: Audio Device unregistered from world 'None'.
[2024.05.18-21.00.47:735][999]LogAudioMixer: FMixerPlatformXAudio2::StopAudioStream() called
[2024.05.18-21.00.47:736][999]LogAudioMixer: FMixerPlatformXAudio2::StopAudioStream() called
[2024.05.18-21.00.47:740][999]LogSlate: Updating window title bar state: overlay mode, drag disabled, window buttons hidden, title bar hidden
[2024.05.18-21.00.47:742][999]LogUObjectHash: Compacting FUObjectHashTables data took   0.56ms
[2024.05.18-21.00.47:786][  1]LogPlayLevel: Display: Destroying online subsystem :Context_8
[2024.05.18-21.00.49:303][ 92]LogEditorViewport: Clicking on Actor (context menu): StaticMeshActor (Pipe_Dokan1__m_Dokan4)
[2024.05.18-21.00.49:528][100]Cmd: TRANSACTION UNDO
[2024.05.18-21.00.49:530][100]LogEditorTransaction: Undo Clicking on Actors (context menu)
[2024.05.18-21.00.49:552][100]LogSlate: Took 0.000560 seconds to synchronously load lazily loaded font '../../../Engine/Content/Slate/Fonts/Roboto-Light.ttf' (167K)
[2024.05.18-21.00.50:136][126]Cmd: TRANSACTION UNDO
[2024.05.18-21.00.50:136][126]LogEditorTransaction: Undo Select Spline Segment
[2024.05.18-21.00.50:318][137]Cmd: TRANSACTION UNDO
[2024.05.18-21.00.50:318][137]LogEditorTransaction: Undo Select Spline Segment
[2024.05.18-21.00.50:485][147]Cmd: TRANSACTION UNDO
[2024.05.18-21.00.50:485][147]LogEditorTransaction: Undo Move Actors
[2024.05.18-21.00.50:642][156]Cmd: TRANSACTION UNDO
[2024.05.18-21.00.50:642][156]LogEditorTransaction: Undo Select Spline Point
[2024.05.18-21.00.50:833][167]Cmd: TRANSACTION UNDO
[2024.05.18-21.00.50:833][167]LogEditorTransaction: Undo Clicking on Actors
[2024.05.18-21.00.50:992][176]Cmd: TRANSACTION UNDO
[2024.05.18-21.00.50:992][176]LogEditorTransaction: Undo Clicking on Actors
[2024.05.18-21.00.51:166][186]Cmd: TRANSACTION UNDO
[2024.05.18-21.00.51:166][186]LogEditorTransaction: Undo Move Actors
[2024.05.18-21.00.52:719][279]Cmd: TRANSACTION UNDO
[2024.05.18-21.00.52:719][279]LogEditorTransaction: Undo Select Spline Point
[2024.05.18-21.00.53:002][296]Cmd: TRANSACTION UNDO
[2024.05.18-21.00.53:002][296]LogEditorTransaction: Undo Move Actors
[2024.05.18-21.00.53:525][326]Cmd: TRANSACTION UNDO
[2024.05.18-21.00.53:525][326]LogEditorTransaction: Undo Select Spline Point
[2024.05.18-21.00.53:746][339]Cmd: TRANSACTION UNDO
[2024.05.18-21.00.53:746][339]LogEditorTransaction: Undo Move Actors
[2024.05.18-21.00.55:448][440]LogTemp: Repeating last play command: Selected Viewport
[2024.05.18-21.00.55:453][440]LogPlayLevel: PlayLevel: No blueprints needed recompiling
[2024.05.18-21.00.55:453][440]PIE: New page: PIE session: Nivel-1 (18 may. 2024 10:00:55)
[2024.05.18-21.00.55:453][440]LogPlayLevel: Creating play world package: /Game/Niveles/UEDPIE_0_Nivel-1
[2024.05.18-21.00.55:473][440]LogPlayLevel: PIE: StaticDuplicateObject took: (0.019749s)
[2024.05.18-21.00.55:474][440]LogAIModule: Creating AISystem for world Nivel-1
[2024.05.18-21.00.55:474][440]LogPlayLevel: PIE: World Init took: (0.000868s)
[2024.05.18-21.00.55:474][440]LogPlayLevel: PIE: Created PIE world by copying editor world from /Game/Niveles/Nivel-1.Nivel-1 to /Game/Niveles/UEDPIE_0_Nivel-1.Nivel-1 (0.020734s)
[2024.05.18-21.00.55:479][440]LogUObjectHash: Compacting FUObjectHashTables data took   0.55ms
[2024.05.18-21.00.55:480][440]LogAudio: Display: Creating Audio Device:                 Id: 8, Scope: Unique, Realtime: True
[2024.05.18-21.00.55:480][440]LogAudioMixer: Display: Audio Mixer Platform Settings:
[2024.05.18-21.00.55:480][440]LogAudioMixer: Display: 	Sample Rate:						  48000
[2024.05.18-21.00.55:480][440]LogAudioMixer: Display: 	Callback Buffer Frame Size Requested: 1024
[2024.05.18-21.00.55:480][440]LogAudioMixer: Display: 	Callback Buffer Frame Size To Use:	  1024
[2024.05.18-21.00.55:480][440]LogAudioMixer: Display: 	Number of buffers to queue:			  2
[2024.05.18-21.00.55:480][440]LogAudioMixer: Display: 	Max Channels (voices):				  32
[2024.05.18-21.00.55:480][440]LogAudioMixer: Display: 	Number of Async Source Workers:		  0
[2024.05.18-21.00.55:480][440]LogAudio: Display: AudioDevice MaxSources: 32
[2024.05.18-21.00.55:480][440]LogAudio: Display: Audio Spatialization Plugin: None (built-in).
[2024.05.18-21.00.55:480][440]LogAudio: Display: Audio Reverb Plugin: None (built-in).
[2024.05.18-21.00.55:480][440]LogAudio: Display: Audio Occlusion Plugin: None (built-in).
[2024.05.18-21.00.55:480][440]LogAudioMixer: Display: Initializing audio mixer.
[2024.05.18-21.00.55:482][440]LogAudioMixer: Display: 0: FrontLeft
[2024.05.18-21.00.55:482][440]LogAudioMixer: Display: 1: FrontRight
[2024.05.18-21.00.55:507][440]LogAudioMixer: Display: Using Audio Device Audífono de los auriculares con micrófono (G435 Wireless Gaming Headset)
[2024.05.18-21.00.55:507][440]LogAudioMixer: Display: Initializing Sound Submixes...
[2024.05.18-21.00.55:507][440]LogAudioMixer: Display: Creating Master Submix 'MasterSubmixDefault'
[2024.05.18-21.00.55:507][440]LogAudioMixer: Display: Creating Master Submix 'MasterReverbSubmixDefault'
[2024.05.18-21.00.55:507][440]LogAudioMixer: Display: Creating Master Submix 'MasterEQSubmixDefault'
[2024.05.18-21.00.55:507][440]LogAudioMixer: FMixerPlatformXAudio2::StartAudioStream() called
[2024.05.18-21.00.55:507][440]LogAudioMixer: Display: Output buffers initialized: Frames=1024, Channels=2, Samples=2048
[2024.05.18-21.00.55:508][440]LogAudioMixer: Display: Starting AudioMixerPlatformInterface::RunInternal()
[2024.05.18-21.00.55:508][440]LogAudioMixer: Display: FMixerPlatformXAudio2::SubmitBuffer() called for the first time
[2024.05.18-21.00.55:508][440]LogInit: FAudioDevice initialized.
[2024.05.18-21.00.55:508][440]LogAudio: Display: Audio Device (ID: 8) registered with world 'Nivel-1'.
[2024.05.18-21.00.55:519][440]LogLoad: Game class is 'SideScrollerGameMode_C'
[2024.05.18-21.00.55:528][440]LogWorld: Bringing World /Game/Niveles/UEDPIE_0_Nivel-1.Nivel-1 up for play (max tick rate 60) at 2024.05.18-15.00.55
[2024.05.18-21.00.55:529][440]LogWorld: Bringing up level for play took: 0.009082
[2024.05.18-21.00.55:530][440]LogOnline: OSS: Creating online subsystem instance for: :Context_9
[2024.05.18-21.00.55:534][440]PIE: Server logged in
[2024.05.18-21.00.55:535][440]PIE: Play in editor total start time 0.082 seconds.
[2024.05.18-21.00.56:090][470]LogSlate: Updating window title bar state: overlay mode, drag disabled, window buttons hidden, title bar hidden
[2024.05.18-21.00.56:090][470]LogWorld: BeginTearingDown for /Game/Niveles/UEDPIE_0_Nivel-1
[2024.05.18-21.00.56:090][470]LogWorld: UWorld::CleanupWorld for Nivel-1, bSessionEnded=true, bCleanupResources=true
[2024.05.18-21.00.56:093][470]LogSlate: InvalidateAllWidgets triggered.  All widgets were invalidated
[2024.05.18-21.00.56:102][470]LogPlayLevel: Display: Shutting down PIE online subsystems
[2024.05.18-21.00.56:107][470]LogSlate: InvalidateAllWidgets triggered.  All widgets were invalidated
[2024.05.18-21.00.56:111][470]LogSlate: Updating window title bar state: overlay mode, drag disabled, window buttons hidden, title bar hidden
[2024.05.18-21.00.56:112][470]LogAudioMixer: FMixerPlatformXAudio2::StopAudioStream() called
[2024.05.18-21.00.56:113][470]LogAudioMixer: FMixerPlatformXAudio2::StopAudioStream() called
[2024.05.18-21.00.56:121][470]LogUObjectHash: Compacting FUObjectHashTables data took   0.58ms
[2024.05.18-21.00.56:154][472]LogPlayLevel: Display: Destroying online subsystem :Context_9
[2024.05.18-21.01.00:271][719]LogTemp: Repeating last play command: Selected Viewport
[2024.05.18-21.01.00:276][719]LogPlayLevel: PlayLevel: No blueprints needed recompiling
[2024.05.18-21.01.00:276][719]PIE: New page: PIE session: Nivel-1 (18 may. 2024 10:01:00)
[2024.05.18-21.01.00:276][719]LogPlayLevel: Creating play world package: /Game/Niveles/UEDPIE_0_Nivel-1
[2024.05.18-21.01.00:296][719]LogPlayLevel: PIE: StaticDuplicateObject took: (0.019992s)
[2024.05.18-21.01.00:296][719]LogAIModule: Creating AISystem for world Nivel-1
[2024.05.18-21.01.00:296][719]LogPlayLevel: PIE: World Init took: (0.000823s)
[2024.05.18-21.01.00:296][719]LogPlayLevel: PIE: Created PIE world by copying editor world from /Game/Niveles/Nivel-1.Nivel-1 to /Game/Niveles/UEDPIE_0_Nivel-1.Nivel-1 (0.020926s)
[2024.05.18-21.01.00:301][719]LogUObjectHash: Compacting FUObjectHashTables data took   0.53ms
[2024.05.18-21.01.00:301][719]LogAudio: Display: Creating Audio Device:                 Id: 9, Scope: Unique, Realtime: True
[2024.05.18-21.01.00:301][719]LogAudioMixer: Display: Audio Mixer Platform Settings:
[2024.05.18-21.01.00:301][719]LogAudioMixer: Display: 	Sample Rate:						  48000
[2024.05.18-21.01.00:301][719]LogAudioMixer: Display: 	Callback Buffer Frame Size Requested: 1024
[2024.05.18-21.01.00:301][719]LogAudioMixer: Display: 	Callback Buffer Frame Size To Use:	  1024
[2024.05.18-21.01.00:301][719]LogAudioMixer: Display: 	Number of buffers to queue:			  2
[2024.05.18-21.01.00:301][719]LogAudioMixer: Display: 	Max Channels (voices):				  32
[2024.05.18-21.01.00:301][719]LogAudioMixer: Display: 	Number of Async Source Workers:		  0
[2024.05.18-21.01.00:302][719]LogAudio: Display: AudioDevice MaxSources: 32
[2024.05.18-21.01.00:302][719]LogAudio: Display: Audio Spatialization Plugin: None (built-in).
[2024.05.18-21.01.00:302][719]LogAudio: Display: Audio Reverb Plugin: None (built-in).
[2024.05.18-21.01.00:302][719]LogAudio: Display: Audio Occlusion Plugin: None (built-in).
[2024.05.18-21.01.00:302][719]LogAudioMixer: Display: Initializing audio mixer.
[2024.05.18-21.01.00:304][719]LogAudioMixer: Display: 0: FrontLeft
[2024.05.18-21.01.00:304][719]LogAudioMixer: Display: 1: FrontRight
[2024.05.18-21.01.00:327][719]LogAudioMixer: Display: Using Audio Device Audífono de los auriculares con micrófono (G435 Wireless Gaming Headset)
[2024.05.18-21.01.00:327][719]LogAudioMixer: Display: Initializing Sound Submixes...
[2024.05.18-21.01.00:327][719]LogAudioMixer: Display: Creating Master Submix 'MasterSubmixDefault'
[2024.05.18-21.01.00:327][719]LogAudioMixer: Display: Creating Master Submix 'MasterReverbSubmixDefault'
[2024.05.18-21.01.00:329][719]LogAudioMixer: Display: Creating Master Submix 'MasterEQSubmixDefault'
[2024.05.18-21.01.00:329][719]LogAudioMixer: FMixerPlatformXAudio2::StartAudioStream() called
[2024.05.18-21.01.00:329][719]LogAudioMixer: Display: Output buffers initialized: Frames=1024, Channels=2, Samples=2048
[2024.05.18-21.01.00:330][719]LogAudioMixer: Display: Starting AudioMixerPlatformInterface::RunInternal()
[2024.05.18-21.01.00:330][719]LogAudioMixer: Display: FMixerPlatformXAudio2::SubmitBuffer() called for the first time
[2024.05.18-21.01.00:330][719]LogInit: FAudioDevice initialized.
[2024.05.18-21.01.00:330][719]LogAudio: Display: Audio Device (ID: 9) registered with world 'Nivel-1'.
[2024.05.18-21.01.00:339][719]LogLoad: Game class is 'SideScrollerGameMode_C'
[2024.05.18-21.01.00:346][719]LogWorld: Bringing World /Game/Niveles/UEDPIE_0_Nivel-1.Nivel-1 up for play (max tick rate 60) at 2024.05.18-15.01.00
[2024.05.18-21.01.00:348][719]LogWorld: Bringing up level for play took: 0.008455
[2024.05.18-21.01.00:348][719]LogOnline: OSS: Creating online subsystem instance for: :Context_10
[2024.05.18-21.01.00:353][719]PIE: Server logged in
[2024.05.18-21.01.00:354][719]PIE: Play in editor total start time 0.079 seconds.
[2024.05.18-21.01.04:030][937]LogSlate: Updating window title bar state: overlay mode, drag disabled, window buttons hidden, title bar hidden
[2024.05.18-21.01.04:030][937]LogWorld: BeginTearingDown for /Game/Niveles/UEDPIE_0_Nivel-1
[2024.05.18-21.01.04:031][937]LogWorld: UWorld::CleanupWorld for Nivel-1, bSessionEnded=true, bCleanupResources=true
[2024.05.18-21.01.04:033][937]LogSlate: InvalidateAllWidgets triggered.  All widgets were invalidated
[2024.05.18-21.01.04:041][937]LogPlayLevel: Display: Shutting down PIE online subsystems
[2024.05.18-21.01.04:046][937]LogSlate: InvalidateAllWidgets triggered.  All widgets were invalidated
[2024.05.18-21.01.04:050][937]LogAudio: Display: Audio Device unregistered from world 'None'.
[2024.05.18-21.01.04:050][937]LogAudioMixer: FMixerPlatformXAudio2::StopAudioStream() called
[2024.05.18-21.01.04:051][937]LogAudioMixer: FMixerPlatformXAudio2::StopAudioStream() called
[2024.05.18-21.01.04:054][937]LogSlate: Updating window title bar state: overlay mode, drag disabled, window buttons hidden, title bar hidden
[2024.05.18-21.01.04:058][937]LogUObjectHash: Compacting FUObjectHashTables data took   0.57ms
[2024.05.18-21.01.04:106][939]LogPlayLevel: Display: Destroying online subsystem :Context_10
[2024.05.18-21.01.07:822][162]LogTemp: Repeating last play command: Selected Viewport
[2024.05.18-21.01.07:826][162]LogPlayLevel: PlayLevel: No blueprints needed recompiling
[2024.05.18-21.01.07:826][162]PIE: New page: PIE session: Nivel-1 (18 may. 2024 10:01:07)
[2024.05.18-21.01.07:859][162]LogPlayLevel: Creating play world package: /Game/Niveles/UEDPIE_0_Nivel-1
[2024.05.18-21.01.07:879][162]LogPlayLevel: PIE: StaticDuplicateObject took: (0.020110s)
[2024.05.18-21.01.07:880][162]LogAIModule: Creating AISystem for world Nivel-1
[2024.05.18-21.01.07:880][162]LogPlayLevel: PIE: World Init took: (0.000932s)
[2024.05.18-21.01.07:880][162]LogPlayLevel: PIE: Created PIE world by copying editor world from /Game/Niveles/Nivel-1.Nivel-1 to /Game/Niveles/UEDPIE_0_Nivel-1.Nivel-1 (0.021227s)
[2024.05.18-21.01.07:884][162]LogUObjectHash: Compacting FUObjectHashTables data took   0.71ms
[2024.05.18-21.01.07:885][162]LogAudio: Display: Creating Audio Device:                 Id: 10, Scope: Unique, Realtime: True
[2024.05.18-21.01.07:885][162]LogAudioMixer: Display: Audio Mixer Platform Settings:
[2024.05.18-21.01.07:885][162]LogAudioMixer: Display: 	Sample Rate:						  48000
[2024.05.18-21.01.07:885][162]LogAudioMixer: Display: 	Callback Buffer Frame Size Requested: 1024
[2024.05.18-21.01.07:885][162]LogAudioMixer: Display: 	Callback Buffer Frame Size To Use:	  1024
[2024.05.18-21.01.07:885][162]LogAudioMixer: Display: 	Number of buffers to queue:			  2
[2024.05.18-21.01.07:885][162]LogAudioMixer: Display: 	Max Channels (voices):				  32
[2024.05.18-21.01.07:885][162]LogAudioMixer: Display: 	Number of Async Source Workers:		  0
[2024.05.18-21.01.07:885][162]LogAudio: Display: AudioDevice MaxSources: 32
[2024.05.18-21.01.07:885][162]LogAudio: Display: Audio Spatialization Plugin: None (built-in).
[2024.05.18-21.01.07:885][162]LogAudio: Display: Audio Reverb Plugin: None (built-in).
[2024.05.18-21.01.07:885][162]LogAudio: Display: Audio Occlusion Plugin: None (built-in).
[2024.05.18-21.01.07:885][162]LogAudioMixer: Display: Initializing audio mixer.
[2024.05.18-21.01.07:888][162]LogAudioMixer: Display: 0: FrontLeft
[2024.05.18-21.01.07:888][162]LogAudioMixer: Display: 1: FrontRight
[2024.05.18-21.01.07:914][162]LogAudioMixer: Display: Using Audio Device Audífono de los auriculares con micrófono (G435 Wireless Gaming Headset)
[2024.05.18-21.01.07:914][162]LogAudioMixer: Display: Initializing Sound Submixes...
[2024.05.18-21.01.07:914][162]LogAudioMixer: Display: Creating Master Submix 'MasterSubmixDefault'
[2024.05.18-21.01.07:914][162]LogAudioMixer: Display: Creating Master Submix 'MasterReverbSubmixDefault'
[2024.05.18-21.01.07:914][162]LogAudioMixer: Display: Creating Master Submix 'MasterEQSubmixDefault'
[2024.05.18-21.01.07:914][162]LogAudioMixer: FMixerPlatformXAudio2::StartAudioStream() called
[2024.05.18-21.01.07:914][162]LogAudioMixer: Display: Output buffers initialized: Frames=1024, Channels=2, Samples=2048
[2024.05.18-21.01.07:916][162]LogAudioMixer: Display: Starting AudioMixerPlatformInterface::RunInternal()
[2024.05.18-21.01.07:916][162]LogAudioMixer: Display: FMixerPlatformXAudio2::SubmitBuffer() called for the first time
[2024.05.18-21.01.07:916][162]LogInit: FAudioDevice initialized.
[2024.05.18-21.01.07:916][162]LogAudio: Display: Audio Device (ID: 10) registered with world 'Nivel-1'.
[2024.05.18-21.01.07:928][162]LogLoad: Game class is 'SideScrollerGameMode_C'
[2024.05.18-21.01.07:935][162]LogWorld: Bringing World /Game/Niveles/UEDPIE_0_Nivel-1.Nivel-1 up for play (max tick rate 60) at 2024.05.18-15.01.07
[2024.05.18-21.01.07:937][162]LogWorld: Bringing up level for play took: 0.008969
[2024.05.18-21.01.07:937][162]LogOnline: OSS: Creating online subsystem instance for: :Context_11
[2024.05.18-21.01.07:941][162]PIE: Server logged in
[2024.05.18-21.01.07:942][162]PIE: Play in editor total start time 0.117 seconds.
[2024.05.18-21.01.13:801][511]LogSlate: Updating window title bar state: overlay mode, drag disabled, window buttons hidden, title bar hidden
[2024.05.18-21.01.13:801][511]LogWorld: BeginTearingDown for /Game/Niveles/UEDPIE_0_Nivel-1
[2024.05.18-21.01.13:802][511]LogWorld: UWorld::CleanupWorld for Nivel-1, bSessionEnded=true, bCleanupResources=true
[2024.05.18-21.01.13:805][511]LogSlate: InvalidateAllWidgets triggered.  All widgets were invalidated
[2024.05.18-21.01.13:816][511]LogPlayLevel: Display: Shutting down PIE online subsystems
[2024.05.18-21.01.13:822][511]LogSlate: InvalidateAllWidgets triggered.  All widgets were invalidated
[2024.05.18-21.01.13:826][511]LogAudio: Display: Audio Device unregistered from world 'None'.
[2024.05.18-21.01.13:826][511]LogAudioMixer: FMixerPlatformXAudio2::StopAudioStream() called
[2024.05.18-21.01.13:828][511]LogAudioMixer: FMixerPlatformXAudio2::StopAudioStream() called
[2024.05.18-21.01.13:831][511]LogSlate: Updating window title bar state: overlay mode, drag disabled, window buttons hidden, title bar hidden
[2024.05.18-21.01.13:834][511]LogUObjectHash: Compacting FUObjectHashTables data took   0.55ms
[2024.05.18-21.01.13:881][513]LogPlayLevel: Display: Destroying online subsystem :Context_11
[2024.05.18-21.01.17:265][715]LogTemp: Repeating last play command: Selected Viewport
[2024.05.18-21.01.17:269][715]LogPlayLevel: PlayLevel: No blueprints needed recompiling
[2024.05.18-21.01.17:269][715]PIE: New page: PIE session: Nivel-1 (18 may. 2024 10:01:17)
[2024.05.18-21.01.17:289][715]LogPlayLevel: Creating play world package: /Game/Niveles/UEDPIE_0_Nivel-1
[2024.05.18-21.01.17:314][715]LogPlayLevel: PIE: StaticDuplicateObject took: (0.024115s)
[2024.05.18-21.01.17:315][715]LogAIModule: Creating AISystem for world Nivel-1
[2024.05.18-21.01.17:315][715]LogPlayLevel: PIE: World Init took: (0.001250s)
[2024.05.18-21.01.17:315][715]LogPlayLevel: PIE: Created PIE world by copying editor world from /Game/Niveles/Nivel-1.Nivel-1 to /Game/Niveles/UEDPIE_0_Nivel-1.Nivel-1 (0.025605s)
[2024.05.18-21.01.17:319][715]LogUObjectHash: Compacting FUObjectHashTables data took   0.61ms
[2024.05.18-21.01.17:320][715]LogAudio: Display: Creating Audio Device:                 Id: 11, Scope: Unique, Realtime: True
[2024.05.18-21.01.17:320][715]LogAudioMixer: Display: Audio Mixer Platform Settings:
[2024.05.18-21.01.17:320][715]LogAudioMixer: Display: 	Sample Rate:						  48000
[2024.05.18-21.01.17:320][715]LogAudioMixer: Display: 	Callback Buffer Frame Size Requested: 1024
[2024.05.18-21.01.17:320][715]LogAudioMixer: Display: 	Callback Buffer Frame Size To Use:	  1024
[2024.05.18-21.01.17:320][715]LogAudioMixer: Display: 	Number of buffers to queue:			  2
[2024.05.18-21.01.17:320][715]LogAudioMixer: Display: 	Max Channels (voices):				  32
[2024.05.18-21.01.17:320][715]LogAudioMixer: Display: 	Number of Async Source Workers:		  0
[2024.05.18-21.01.17:320][715]LogAudio: Display: AudioDevice MaxSources: 32
[2024.05.18-21.01.17:321][715]LogAudio: Display: Audio Spatialization Plugin: None (built-in).
[2024.05.18-21.01.17:321][715]LogAudio: Display: Audio Reverb Plugin: None (built-in).
[2024.05.18-21.01.17:321][715]LogAudio: Display: Audio Occlusion Plugin: None (built-in).
[2024.05.18-21.01.17:321][715]LogAudioMixer: Display: Initializing audio mixer.
[2024.05.18-21.01.17:323][715]LogAudioMixer: Display: 0: FrontLeft
[2024.05.18-21.01.17:323][715]LogAudioMixer: Display: 1: FrontRight
[2024.05.18-21.01.17:346][715]LogAudioMixer: Display: Using Audio Device Audífono de los auriculares con micrófono (G435 Wireless Gaming Headset)
[2024.05.18-21.01.17:346][715]LogAudioMixer: Display: Initializing Sound Submixes...
[2024.05.18-21.01.17:346][715]LogAudioMixer: Display: Creating Master Submix 'MasterSubmixDefault'
[2024.05.18-21.01.17:346][715]LogAudioMixer: Display: Creating Master Submix 'MasterReverbSubmixDefault'
[2024.05.18-21.01.17:346][715]LogAudioMixer: Display: Creating Master Submix 'MasterEQSubmixDefault'
[2024.05.18-21.01.17:346][715]LogAudioMixer: FMixerPlatformXAudio2::StartAudioStream() called
[2024.05.18-21.01.17:346][715]LogAudioMixer: Display: Output buffers initialized: Frames=1024, Channels=2, Samples=2048
[2024.05.18-21.01.17:347][715]LogAudioMixer: Display: Starting AudioMixerPlatformInterface::RunInternal()
[2024.05.18-21.01.17:347][715]LogAudioMixer: Display: FMixerPlatformXAudio2::SubmitBuffer() called for the first time
[2024.05.18-21.01.17:347][715]LogInit: FAudioDevice initialized.
[2024.05.18-21.01.17:347][715]LogAudio: Display: Audio Device (ID: 11) registered with world 'Nivel-1'.
[2024.05.18-21.01.17:357][715]LogLoad: Game class is 'SideScrollerGameMode_C'
[2024.05.18-21.01.17:364][715]LogWorld: Bringing World /Game/Niveles/UEDPIE_0_Nivel-1.Nivel-1 up for play (max tick rate 60) at 2024.05.18-15.01.17
[2024.05.18-21.01.17:365][715]LogWorld: Bringing up level for play took: 0.008352
[2024.05.18-21.01.17:365][715]LogOnline: OSS: Creating online subsystem instance for: :Context_12
[2024.05.18-21.01.17:371][715]PIE: Server logged in
[2024.05.18-21.01.17:371][715]PIE: Play in editor total start time 0.103 seconds.
[2024.05.18-21.01.24:241][125]LogSlate: Updating window title bar state: overlay mode, drag disabled, window buttons hidden, title bar hidden
[2024.05.18-21.01.24:241][125]LogWorld: BeginTearingDown for /Game/Niveles/UEDPIE_0_Nivel-1
[2024.05.18-21.01.24:242][125]LogWorld: UWorld::CleanupWorld for Nivel-1, bSessionEnded=true, bCleanupResources=true
[2024.05.18-21.01.24:244][125]LogSlate: InvalidateAllWidgets triggered.  All widgets were invalidated
[2024.05.18-21.01.24:255][125]LogPlayLevel: Display: Shutting down PIE online subsystems
[2024.05.18-21.01.24:261][125]LogSlate: InvalidateAllWidgets triggered.  All widgets were invalidated
[2024.05.18-21.01.24:265][125]LogAudio: Display: Audio Device unregistered from world 'None'.
[2024.05.18-21.01.24:265][125]LogAudioMixer: FMixerPlatformXAudio2::StopAudioStream() called
[2024.05.18-21.01.24:266][125]LogAudioMixer: FMixerPlatformXAudio2::StopAudioStream() called
[2024.05.18-21.01.24:269][125]LogSlate: Updating window title bar state: overlay mode, drag disabled, window buttons hidden, title bar hidden
[2024.05.18-21.01.24:274][125]LogUObjectHash: Compacting FUObjectHashTables data took   0.54ms
[2024.05.18-21.01.24:319][127]LogPlayLevel: Display: Destroying online subsystem :Context_12
[2024.05.18-21.01.25:686][209]LogEditorViewport: Clicking on Actor (LMB): Nombre_C (Nombre)
[2024.05.18-21.01.28:779][394]LogEditorViewport: Clicking on Actor (LMB): BP_Sky_Sphere_C (BP_Sky_Sphere6)
[2024.05.18-21.01.29:087][412]LogEditorViewport: Clicking on Actor (LMB): BP_Camara_C (BP_Camara)
[2024.05.18-21.01.31:351][547]LogEditorViewport: Clicking on Actor (LMB): StaticMeshActor (Pl_16m_Platform)
[2024.05.18-21.01.31:826][574]LogEditorViewport: Clicking on Actor (LMB): Nombre_C (Nombre)
[2024.05.18-21.01.33:871][696]LogTemp: Repeating last play command: Selected Viewport
[2024.05.18-21.01.33:875][696]LogPlayLevel: PlayLevel: No blueprints needed recompiling
[2024.05.18-21.01.33:875][696]PIE: New page: PIE session: Nivel-1 (18 may. 2024 10:01:33)
[2024.05.18-21.01.33:875][696]LogPlayLevel: Creating play world package: /Game/Niveles/UEDPIE_0_Nivel-1
[2024.05.18-21.01.33:895][696]LogPlayLevel: PIE: StaticDuplicateObject took: (0.019894s)
[2024.05.18-21.01.33:896][696]LogAIModule: Creating AISystem for world Nivel-1
[2024.05.18-21.01.33:896][696]LogPlayLevel: PIE: World Init took: (0.000832s)
[2024.05.18-21.01.33:896][696]LogPlayLevel: PIE: Created PIE world by copying editor world from /Game/Niveles/Nivel-1.Nivel-1 to /Game/Niveles/UEDPIE_0_Nivel-1.Nivel-1 (0.020845s)
[2024.05.18-21.01.33:900][696]LogUObjectHash: Compacting FUObjectHashTables data took   0.55ms
[2024.05.18-21.01.33:901][696]LogAudio: Display: Creating Audio Device:                 Id: 12, Scope: Unique, Realtime: True
[2024.05.18-21.01.33:901][696]LogAudioMixer: Display: Audio Mixer Platform Settings:
[2024.05.18-21.01.33:901][696]LogAudioMixer: Display: 	Sample Rate:						  48000
[2024.05.18-21.01.33:901][696]LogAudioMixer: Display: 	Callback Buffer Frame Size Requested: 1024
[2024.05.18-21.01.33:901][696]LogAudioMixer: Display: 	Callback Buffer Frame Size To Use:	  1024
[2024.05.18-21.01.33:901][696]LogAudioMixer: Display: 	Number of buffers to queue:			  2
[2024.05.18-21.01.33:901][696]LogAudioMixer: Display: 	Max Channels (voices):				  32
[2024.05.18-21.01.33:901][696]LogAudioMixer: Display: 	Number of Async Source Workers:		  0
[2024.05.18-21.01.33:901][696]LogAudio: Display: AudioDevice MaxSources: 32
[2024.05.18-21.01.33:902][696]LogAudio: Display: Audio Spatialization Plugin: None (built-in).
[2024.05.18-21.01.33:902][696]LogAudio: Display: Audio Reverb Plugin: None (built-in).
[2024.05.18-21.01.33:902][696]LogAudio: Display: Audio Occlusion Plugin: None (built-in).
[2024.05.18-21.01.33:902][696]LogAudioMixer: Display: Initializing audio mixer.
[2024.05.18-21.01.33:904][696]LogAudioMixer: Display: 0: FrontLeft
[2024.05.18-21.01.33:904][696]LogAudioMixer: Display: 1: FrontRight
[2024.05.18-21.01.33:927][696]LogAudioMixer: Display: Using Audio Device Audífono de los auriculares con micrófono (G435 Wireless Gaming Headset)
[2024.05.18-21.01.33:928][696]LogAudioMixer: Display: Initializing Sound Submixes...
[2024.05.18-21.01.33:928][696]LogAudioMixer: Display: Creating Master Submix 'MasterSubmixDefault'
[2024.05.18-21.01.33:928][696]LogAudioMixer: Display: Creating Master Submix 'MasterReverbSubmixDefault'
[2024.05.18-21.01.33:928][696]LogAudioMixer: Display: Creating Master Submix 'MasterEQSubmixDefault'
[2024.05.18-21.01.33:928][696]LogAudioMixer: FMixerPlatformXAudio2::StartAudioStream() called
[2024.05.18-21.01.33:928][696]LogAudioMixer: Display: Output buffers initialized: Frames=1024, Channels=2, Samples=2048
[2024.05.18-21.01.33:929][696]LogAudioMixer: Display: Starting AudioMixerPlatformInterface::RunInternal()
[2024.05.18-21.01.33:930][696]LogAudioMixer: Display: FMixerPlatformXAudio2::SubmitBuffer() called for the first time
[2024.05.18-21.01.33:930][696]LogInit: FAudioDevice initialized.
[2024.05.18-21.01.33:930][696]LogAudio: Display: Audio Device (ID: 12) registered with world 'Nivel-1'.
[2024.05.18-21.01.33:939][696]LogLoad: Game class is 'SideScrollerGameMode_C'
[2024.05.18-21.01.33:947][696]LogWorld: Bringing World /Game/Niveles/UEDPIE_0_Nivel-1.Nivel-1 up for play (max tick rate 60) at 2024.05.18-15.01.33
[2024.05.18-21.01.33:948][696]LogWorld: Bringing up level for play took: 0.008796
[2024.05.18-21.01.33:948][696]LogOnline: OSS: Creating online subsystem instance for: :Context_13
[2024.05.18-21.01.33:954][696]PIE: Server logged in
[2024.05.18-21.01.33:955][696]PIE: Play in editor total start time 0.08 seconds.
[2024.05.18-21.01.39:882][ 50]LogSlate: Updating window title bar state: overlay mode, drag disabled, window buttons hidden, title bar hidden
[2024.05.18-21.01.39:883][ 50]LogWorld: BeginTearingDown for /Game/Niveles/UEDPIE_0_Nivel-1
[2024.05.18-21.01.39:883][ 50]LogWorld: UWorld::CleanupWorld for Nivel-1, bSessionEnded=true, bCleanupResources=true
[2024.05.18-21.01.39:886][ 50]LogSlate: InvalidateAllWidgets triggered.  All widgets were invalidated
[2024.05.18-21.01.39:893][ 50]LogPlayLevel: Display: Shutting down PIE online subsystems
[2024.05.18-21.01.39:899][ 50]LogSlate: InvalidateAllWidgets triggered.  All widgets were invalidated
[2024.05.18-21.01.39:904][ 50]LogAudio: Display: Audio Device unregistered from world 'None'.
[2024.05.18-21.01.39:904][ 50]LogAudioMixer: FMixerPlatformXAudio2::StopAudioStream() called
[2024.05.18-21.01.39:905][ 50]LogAudioMixer: FMixerPlatformXAudio2::StopAudioStream() called
[2024.05.18-21.01.39:909][ 50]LogSlate: Updating window title bar state: overlay mode, drag disabled, window buttons hidden, title bar hidden
[2024.05.18-21.01.39:912][ 50]LogUObjectHash: Compacting FUObjectHashTables data took   0.59ms
[2024.05.18-21.01.39:962][ 52]LogPlayLevel: Display: Destroying online subsystem :Context_13
[2024.05.18-21.08.24:635][466]LogUObjectHash: Compacting FUObjectHashTables data took   0.76ms
[2024.05.18-21.08.24:746][466]LogSavePackage: Moving '../../../../../../Users/alber/OneDrive/Documentos/Unreal Projects/MarioAnahuacOrdinario/MarioAnahuacOrdinario/Saved/Nivel-1_Auto1AB6FBCFF4F322DC4D3CD758F414E54AD.tmp' to '../../../../../../Users/alber/OneDrive/Documentos/Unreal Projects/MarioAnahuacOrdinario/MarioAnahuacOrdinario/Saved/Autosaves/Game/Niveles/Nivel-1_Auto1.umap'
[2024.05.18-21.08.24:748][466]LogFileHelpers: Editor autosave (incl. external actors) for '/Game/Niveles/Nivel-1' took 0.117
[2024.05.18-21.08.24:748][466]LogFileHelpers: Editor autosave (incl. sublevels & external actors) for all levels took 0.117
[2024.05.18-21.09.05:459][588]LogAudioMixer: Warning: Changing default audio render device to new device: {0.0.0.00000000}.{49c1378e-49e7-4699-b223-39b63e5b54b8}.
[2024.05.18-21.09.05:459][588]LogAudioMixer: Resetting audio stream to device id 
[2024.05.18-21.09.05:463][588]LogAudioMixer: Display: 0: FrontLeft
[2024.05.18-21.09.05:463][588]LogAudioMixer: Display: 1: FrontRight
[2024.05.18-21.14.10:503][900]LogTemp: Repeating last play command: Selected Viewport
[2024.05.18-21.14.10:512][900]LogPlayLevel: PlayLevel: No blueprints needed recompiling
[2024.05.18-21.14.10:512][900]PIE: New page: PIE session: Nivel-1 (18 may. 2024 10:14:10)
[2024.05.18-21.14.10:512][900]LogPlayLevel: Creating play world package: /Game/Niveles/UEDPIE_0_Nivel-1
[2024.05.18-21.14.10:561][900]LogPlayLevel: PIE: StaticDuplicateObject took: (0.048844s)
[2024.05.18-21.14.10:562][900]LogAIModule: Creating AISystem for world Nivel-1
[2024.05.18-21.14.10:563][900]LogPlayLevel: PIE: World Init took: (0.001612s)
[2024.05.18-21.14.10:563][900]LogPlayLevel: PIE: Created PIE world by copying editor world from /Game/Niveles/Nivel-1.Nivel-1 to /Game/Niveles/UEDPIE_0_Nivel-1.Nivel-1 (0.050788s)
[2024.05.18-21.14.10:569][900]LogUObjectHash: Compacting FUObjectHashTables data took   1.18ms
[2024.05.18-21.14.10:571][900]LogAudio: Display: Creating Audio Device:                 Id: 13, Scope: Unique, Realtime: True
[2024.05.18-21.14.10:571][900]LogAudioMixer: Display: Audio Mixer Platform Settings:
[2024.05.18-21.14.10:571][900]LogAudioMixer: Display: 	Sample Rate:						  48000
[2024.05.18-21.14.10:571][900]LogAudioMixer: Display: 	Callback Buffer Frame Size Requested: 1024
[2024.05.18-21.14.10:571][900]LogAudioMixer: Display: 	Callback Buffer Frame Size To Use:	  1024
[2024.05.18-21.14.10:571][900]LogAudioMixer: Display: 	Number of buffers to queue:			  2
[2024.05.18-21.14.10:571][900]LogAudioMixer: Display: 	Max Channels (voices):				  32
[2024.05.18-21.14.10:571][900]LogAudioMixer: Display: 	Number of Async Source Workers:		  0
[2024.05.18-21.14.10:571][900]LogAudio: Display: AudioDevice MaxSources: 32
[2024.05.18-21.14.10:571][900]LogAudio: Display: Audio Spatialization Plugin: None (built-in).
[2024.05.18-21.14.10:571][900]LogAudio: Display: Audio Reverb Plugin: None (built-in).
[2024.05.18-21.14.10:572][900]LogAudio: Display: Audio Occlusion Plugin: None (built-in).
[2024.05.18-21.14.10:572][900]LogAudioMixer: Display: Initializing audio mixer.
[2024.05.18-21.14.10:578][900]LogAudioMixer: Display: 0: FrontLeft
[2024.05.18-21.14.10:578][900]LogAudioMixer: Display: 1: FrontRight
[2024.05.18-21.14.10:660][900]LogAudioMixer: Display: Using Audio Device Altavoces (Realtek(R) Audio)
[2024.05.18-21.14.10:660][900]LogAudioMixer: Display: Initializing Sound Submixes...
[2024.05.18-21.14.10:662][900]LogAudioMixer: Display: Creating Master Submix 'MasterSubmixDefault'
[2024.05.18-21.14.10:662][900]LogAudioMixer: Display: Creating Master Submix 'MasterReverbSubmixDefault'
[2024.05.18-21.14.10:664][900]LogAudioMixer: Display: Creating Master Submix 'MasterEQSubmixDefault'
[2024.05.18-21.14.10:664][900]LogAudioMixer: FMixerPlatformXAudio2::StartAudioStream() called
[2024.05.18-21.14.10:664][900]LogAudioMixer: Display: Output buffers initialized: Frames=1024, Channels=2, Samples=2048
[2024.05.18-21.14.10:665][900]LogAudioMixer: Display: Starting AudioMixerPlatformInterface::RunInternal()
[2024.05.18-21.14.10:665][900]LogAudioMixer: Display: FMixerPlatformXAudio2::SubmitBuffer() called for the first time
[2024.05.18-21.14.10:665][900]LogInit: FAudioDevice initialized.
[2024.05.18-21.14.10:665][900]LogAudio: Display: Audio Device (ID: 13) registered with world 'Nivel-1'.
[2024.05.18-21.14.10:679][900]LogLoad: Game class is 'SideScrollerGameMode_C'
[2024.05.18-21.14.10:697][900]LogWorld: Bringing World /Game/Niveles/UEDPIE_0_Nivel-1.Nivel-1 up for play (max tick rate 60) at 2024.05.18-15.14.10
[2024.05.18-21.14.10:700][900]LogWorld: Bringing up level for play took: 0.020210
[2024.05.18-21.14.10:701][900]LogOnline: OSS: Creating online subsystem instance for: :Context_14
[2024.05.18-21.14.10:711][900]PIE: Server logged in
[2024.05.18-21.14.10:712][900]PIE: Play in editor total start time 0.202 seconds.
[2024.05.18-21.14.12:308][992]LogSlate: Updating window title bar state: overlay mode, drag disabled, window buttons hidden, title bar hidden
[2024.05.18-21.14.12:308][992]LogWorld: BeginTearingDown for /Game/Niveles/UEDPIE_0_Nivel-1
[2024.05.18-21.14.12:308][992]LogWorld: UWorld::CleanupWorld for Nivel-1, bSessionEnded=true, bCleanupResources=true
[2024.05.18-21.14.12:313][992]LogSlate: InvalidateAllWidgets triggered.  All widgets were invalidated
[2024.05.18-21.14.12:326][992]LogPlayLevel: Display: Shutting down PIE online subsystems
[2024.05.18-21.14.12:334][992]LogSlate: InvalidateAllWidgets triggered.  All widgets were invalidated
[2024.05.18-21.14.12:338][992]LogSlate: Updating window title bar state: overlay mode, drag disabled, window buttons hidden, title bar hidden
[2024.05.18-21.14.12:340][992]LogAudioMixer: FMixerPlatformXAudio2::StopAudioStream() called
[2024.05.18-21.14.12:343][992]LogAudioMixer: FMixerPlatformXAudio2::StopAudioStream() called
[2024.05.18-21.14.12:351][992]LogUObjectHash: Compacting FUObjectHashTables data took   0.84ms
[2024.05.18-21.14.12:379][993]LogPlayLevel: Display: Destroying online subsystem :Context_14
[2024.05.18-21.16.58:614][939]LogEditorViewport: Clicking on Actor (LMB): StaticMeshActor (Pl_Tree_10)
[2024.05.18-21.17.01:472][105]LogEditorViewport: Clicking on Actor (LMB): Pipe_C (Pipe4)
[2024.05.18-21.17.03:236][207]LogAssetEditorSubsystem: Opening Asset editor for Blueprint /Game/Blueprint/Pipe.Pipe
[2024.05.18-21.17.03:625][207]LogNativeClassHierarchy: Verbose: Native class hierarchy updated for 'BlueprintGraph' in 0.0009 seconds. Added 126 classes and 0 folders.
[2024.05.18-21.17.04:796][207]LogSlate: Took 0.002740 seconds to synchronously load lazily loaded font '../../../Engine/Content/Slate/Fonts/Roboto-BoldCondensed.ttf' (158K)
[2024.05.18-21.17.06:699][292]LogSlate: Window 'Pipe' being destroyed
[2024.05.18-21.17.08:094][375]LogTemp: Repeating last play command: Selected Viewport
[2024.05.18-21.17.08:102][375]LogPlayLevel: PlayLevel: No blueprints needed recompiling
[2024.05.18-21.17.08:102][375]PIE: New page: PIE session: Nivel-1 (18 may. 2024 10:17:08)
[2024.05.18-21.17.08:102][375]LogPlayLevel: Creating play world package: /Game/Niveles/UEDPIE_0_Nivel-1
[2024.05.18-21.17.08:138][375]LogPlayLevel: PIE: StaticDuplicateObject took: (0.036200s)
[2024.05.18-21.17.08:139][375]LogAIModule: Creating AISystem for world Nivel-1
[2024.05.18-21.17.08:139][375]LogPlayLevel: PIE: World Init took: (0.001434s)
[2024.05.18-21.17.08:139][375]LogPlayLevel: PIE: Created PIE world by copying editor world from /Game/Niveles/Nivel-1.Nivel-1 to /Game/Niveles/UEDPIE_0_Nivel-1.Nivel-1 (0.037811s)
[2024.05.18-21.17.08:166][375]LogUObjectHash: Compacting FUObjectHashTables data took   3.08ms
[2024.05.18-21.17.08:167][375]LogAudio: Display: Creating Audio Device:                 Id: 14, Scope: Unique, Realtime: True
[2024.05.18-21.17.08:167][375]LogAudioMixer: Display: Audio Mixer Platform Settings:
[2024.05.18-21.17.08:167][375]LogAudioMixer: Display: 	Sample Rate:						  48000
[2024.05.18-21.17.08:167][375]LogAudioMixer: Display: 	Callback Buffer Frame Size Requested: 1024
[2024.05.18-21.17.08:167][375]LogAudioMixer: Display: 	Callback Buffer Frame Size To Use:	  1024
[2024.05.18-21.17.08:167][375]LogAudioMixer: Display: 	Number of buffers to queue:			  2
[2024.05.18-21.17.08:167][375]LogAudioMixer: Display: 	Max Channels (voices):				  32
[2024.05.18-21.17.08:167][375]LogAudioMixer: Display: 	Number of Async Source Workers:		  0
[2024.05.18-21.17.08:167][375]LogAudio: Display: AudioDevice MaxSources: 32
[2024.05.18-21.17.08:168][375]LogAudio: Display: Audio Spatialization Plugin: None (built-in).
[2024.05.18-21.17.08:168][375]LogAudio: Display: Audio Reverb Plugin: None (built-in).
[2024.05.18-21.17.08:168][375]LogAudio: Display: Audio Occlusion Plugin: None (built-in).
[2024.05.18-21.17.08:168][375]LogAudioMixer: Display: Initializing audio mixer.
[2024.05.18-21.17.08:172][375]LogAudioMixer: Display: 0: FrontLeft
[2024.05.18-21.17.08:172][375]LogAudioMixer: Display: 1: FrontRight
[2024.05.18-21.17.08:237][375]LogAudioMixer: Display: Using Audio Device Altavoces (Realtek(R) Audio)
[2024.05.18-21.17.08:237][375]LogAudioMixer: Display: Initializing Sound Submixes...
[2024.05.18-21.17.08:237][375]LogAudioMixer: Display: Creating Master Submix 'MasterSubmixDefault'
[2024.05.18-21.17.08:237][375]LogAudioMixer: Display: Creating Master Submix 'MasterReverbSubmixDefault'
[2024.05.18-21.17.08:237][375]LogAudioMixer: Display: Creating Master Submix 'MasterEQSubmixDefault'
[2024.05.18-21.17.08:237][375]LogAudioMixer: FMixerPlatformXAudio2::StartAudioStream() called
[2024.05.18-21.17.08:237][375]LogAudioMixer: Display: Output buffers initialized: Frames=1024, Channels=2, Samples=2048
[2024.05.18-21.17.08:239][375]LogAudioMixer: Display: Starting AudioMixerPlatformInterface::RunInternal()
[2024.05.18-21.17.08:239][375]LogAudioMixer: Display: FMixerPlatformXAudio2::SubmitBuffer() called for the first time
[2024.05.18-21.17.08:240][375]LogInit: FAudioDevice initialized.
[2024.05.18-21.17.08:240][375]LogAudio: Display: Audio Device (ID: 14) registered with world 'Nivel-1'.
[2024.05.18-21.17.08:288][375]LogSlate: Updating window title bar state: overlay mode, drag disabled, window buttons hidden, title bar hidden
[2024.05.18-21.17.08:289][375]LogLoad: Game class is 'SideScrollerGameMode_C'
[2024.05.18-21.17.08:308][375]LogWorld: Bringing World /Game/Niveles/UEDPIE_0_Nivel-1.Nivel-1 up for play (max tick rate 60) at 2024.05.18-15.17.08
[2024.05.18-21.17.08:311][375]LogWorld: Bringing up level for play took: 0.021804
[2024.05.18-21.17.08:312][375]LogOnline: OSS: Creating online subsystem instance for: :Context_16
[2024.05.18-21.17.08:320][375]PIE: Server logged in
[2024.05.18-21.17.08:321][375]PIE: Play in editor total start time 0.22 seconds.
[2024.05.18-21.17.08:374][377]LogRenderer: Reallocating scene render targets to support 1136x880 Format 10 NumSamples 1 (Frame:1).
[2024.05.18-21.17.10:786][514]LogSlate: Updating window title bar state: overlay mode, drag disabled, window buttons hidden, title bar hidden
[2024.05.18-21.17.10:787][514]LogWorld: BeginTearingDown for /Game/Niveles/UEDPIE_0_Nivel-1
[2024.05.18-21.17.10:787][514]LogSlate: Window 'MarioAnahuac Preview [NetMode: Standalone]  (64-bit/Windows) ' being destroyed
[2024.05.18-21.17.10:797][514]LogWorld: UWorld::CleanupWorld for Nivel-1, bSessionEnded=true, bCleanupResources=true
[2024.05.18-21.17.10:810][514]LogSlate: InvalidateAllWidgets triggered.  All widgets were invalidated
[2024.05.18-21.17.10:838][514]LogPlayLevel: Display: Shutting down PIE online subsystems
[2024.05.18-21.17.10:862][514]LogSlate: InvalidateAllWidgets triggered.  All widgets were invalidated
[2024.05.18-21.17.10:881][514]LogAudio: Display: Audio Device unregistered from world 'None'.
[2024.05.18-21.17.10:883][514]LogAudioMixer: FMixerPlatformXAudio2::StopAudioStream() called
[2024.05.18-21.17.10:885][514]LogAudioMixer: FMixerPlatformXAudio2::StopAudioStream() called
[2024.05.18-21.17.10:899][514]LogUObjectHash: Compacting FUObjectHashTables data took   2.57ms
[2024.05.18-21.17.10:927][515]LogPlayLevel: Display: Destroying online subsystem :Context_16
[2024.05.18-21.17.12:327][592]LogTemp: Repeating last play command: Selected Viewport
[2024.05.18-21.17.12:338][592]LogPlayLevel: PlayLevel: No blueprints needed recompiling
[2024.05.18-21.17.12:338][592]PIE: New page: PIE session: Nivel-1 (18 may. 2024 10:17:12)
[2024.05.18-21.17.12:376][592]LogPlayLevel: Creating play world package: /Game/Niveles/UEDPIE_0_Nivel-1
[2024.05.18-21.17.12:410][592]LogPlayLevel: PIE: StaticDuplicateObject took: (0.033370s)
[2024.05.18-21.17.12:411][592]LogAIModule: Creating AISystem for world Nivel-1
[2024.05.18-21.17.12:411][592]LogPlayLevel: PIE: World Init took: (0.001469s)
[2024.05.18-21.17.12:412][592]LogPlayLevel: PIE: Created PIE world by copying editor world from /Game/Niveles/Nivel-1.Nivel-1 to /Game/Niveles/UEDPIE_0_Nivel-1.Nivel-1 (0.035117s)
[2024.05.18-21.17.12:436][592]LogUObjectHash: Compacting FUObjectHashTables data took   2.22ms
[2024.05.18-21.17.12:437][592]LogAudio: Display: Creating Audio Device:                 Id: 15, Scope: Unique, Realtime: True
[2024.05.18-21.17.12:437][592]LogAudioMixer: Display: Audio Mixer Platform Settings:
[2024.05.18-21.17.12:437][592]LogAudioMixer: Display: 	Sample Rate:						  48000
[2024.05.18-21.17.12:437][592]LogAudioMixer: Display: 	Callback Buffer Frame Size Requested: 1024
[2024.05.18-21.17.12:437][592]LogAudioMixer: Display: 	Callback Buffer Frame Size To Use:	  1024
[2024.05.18-21.17.12:437][592]LogAudioMixer: Display: 	Number of buffers to queue:			  2
[2024.05.18-21.17.12:437][592]LogAudioMixer: Display: 	Max Channels (voices):				  32
[2024.05.18-21.17.12:437][592]LogAudioMixer: Display: 	Number of Async Source Workers:		  0
[2024.05.18-21.17.12:437][592]LogAudio: Display: AudioDevice MaxSources: 32
[2024.05.18-21.17.12:437][592]LogAudio: Display: Audio Spatialization Plugin: None (built-in).
[2024.05.18-21.17.12:437][592]LogAudio: Display: Audio Reverb Plugin: None (built-in).
[2024.05.18-21.17.12:437][592]LogAudio: Display: Audio Occlusion Plugin: None (built-in).
[2024.05.18-21.17.12:437][592]LogAudioMixer: Display: Initializing audio mixer.
[2024.05.18-21.17.12:441][592]LogAudioMixer: Display: 0: FrontLeft
[2024.05.18-21.17.12:441][592]LogAudioMixer: Display: 1: FrontRight
[2024.05.18-21.17.12:501][592]LogAudioMixer: Display: Using Audio Device Altavoces (Realtek(R) Audio)
[2024.05.18-21.17.12:501][592]LogAudioMixer: Display: Initializing Sound Submixes...
[2024.05.18-21.17.12:501][592]LogAudioMixer: Display: Creating Master Submix 'MasterSubmixDefault'
[2024.05.18-21.17.12:501][592]LogAudioMixer: Display: Creating Master Submix 'MasterReverbSubmixDefault'
[2024.05.18-21.17.12:501][592]LogAudioMixer: Display: Creating Master Submix 'MasterEQSubmixDefault'
[2024.05.18-21.17.12:501][592]LogAudioMixer: FMixerPlatformXAudio2::StartAudioStream() called
[2024.05.18-21.17.12:501][592]LogAudioMixer: Display: Output buffers initialized: Frames=1024, Channels=2, Samples=2048
[2024.05.18-21.17.12:503][592]LogAudioMixer: Display: Starting AudioMixerPlatformInterface::RunInternal()
[2024.05.18-21.17.12:503][592]LogAudioMixer: Display: FMixerPlatformXAudio2::SubmitBuffer() called for the first time
[2024.05.18-21.17.12:503][592]LogInit: FAudioDevice initialized.
[2024.05.18-21.17.12:503][592]LogAudio: Display: Audio Device (ID: 15) registered with world 'Nivel-1'.
[2024.05.18-21.17.12:516][592]LogLoad: Game class is 'SideScrollerGameMode_C'
[2024.05.18-21.17.12:529][592]LogWorld: Bringing World /Game/Niveles/UEDPIE_0_Nivel-1.Nivel-1 up for play (max tick rate 60) at 2024.05.18-15.17.12
[2024.05.18-21.17.12:532][592]LogWorld: Bringing up level for play took: 0.015634
[2024.05.18-21.17.12:532][592]LogOnline: OSS: Creating online subsystem instance for: :Context_17
[2024.05.18-21.17.12:540][592]PIE: Server logged in
[2024.05.18-21.17.12:541][592]PIE: Play in editor total start time 0.205 seconds.
[2024.05.18-21.17.14:188][688]LogSlate: Updating window title bar state: overlay mode, drag disabled, window buttons hidden, title bar hidden
[2024.05.18-21.17.14:188][688]LogWorld: BeginTearingDown for /Game/Niveles/UEDPIE_0_Nivel-1
[2024.05.18-21.17.14:189][688]LogWorld: UWorld::CleanupWorld for Nivel-1, bSessionEnded=true, bCleanupResources=true
[2024.05.18-21.17.14:192][688]LogSlate: InvalidateAllWidgets triggered.  All widgets were invalidated
[2024.05.18-21.17.14:207][688]LogPlayLevel: Display: Shutting down PIE online subsystems
[2024.05.18-21.17.14:216][688]LogSlate: InvalidateAllWidgets triggered.  All widgets were invalidated
[2024.05.18-21.17.14:234][688]LogSlate: Updating window title bar state: overlay mode, drag disabled, window buttons hidden, title bar hidden
[2024.05.18-21.17.14:236][688]LogAudioMixer: FMixerPlatformXAudio2::StopAudioStream() called
[2024.05.18-21.17.14:238][688]LogAudioMixer: FMixerPlatformXAudio2::StopAudioStream() called
[2024.05.18-21.17.14:247][688]LogUObjectHash: Compacting FUObjectHashTables data took   1.70ms
[2024.05.18-21.17.14:279][689]LogPlayLevel: Display: Destroying online subsystem :Context_17
[2024.05.18-21.17.33:427][857]LogTemp: Repeating last play command: Selected Viewport
[2024.05.18-21.17.33:432][857]LogPlayLevel: PlayLevel: No blueprints needed recompiling
[2024.05.18-21.17.33:432][857]PIE: New page: PIE session: Nivel-1 (18 may. 2024 10:17:33)
[2024.05.18-21.17.33:457][857]LogPlayLevel: Creating play world package: /Game/Niveles/UEDPIE_0_Nivel-1
[2024.05.18-21.17.33:486][857]LogPlayLevel: PIE: StaticDuplicateObject took: (0.028790s)
[2024.05.18-21.17.33:487][857]LogAIModule: Creating AISystem for world Nivel-1
[2024.05.18-21.17.33:487][857]LogPlayLevel: PIE: World Init took: (0.001110s)
[2024.05.18-21.17.33:487][857]LogPlayLevel: PIE: Created PIE world by copying editor world from /Game/Niveles/Nivel-1.Nivel-1 to /Game/Niveles/UEDPIE_0_Nivel-1.Nivel-1 (0.030111s)
[2024.05.18-21.17.33:508][857]LogUObjectHash: Compacting FUObjectHashTables data took   1.62ms
[2024.05.18-21.17.33:508][857]LogAudio: Display: Creating Audio Device:                 Id: 16, Scope: Unique, Realtime: True
[2024.05.18-21.17.33:508][857]LogAudioMixer: Display: Audio Mixer Platform Settings:
[2024.05.18-21.17.33:508][857]LogAudioMixer: Display: 	Sample Rate:						  48000
[2024.05.18-21.17.33:508][857]LogAudioMixer: Display: 	Callback Buffer Frame Size Requested: 1024
[2024.05.18-21.17.33:508][857]LogAudioMixer: Display: 	Callback Buffer Frame Size To Use:	  1024
[2024.05.18-21.17.33:508][857]LogAudioMixer: Display: 	Number of buffers to queue:			  2
[2024.05.18-21.17.33:508][857]LogAudioMixer: Display: 	Max Channels (voices):				  32
[2024.05.18-21.17.33:508][857]LogAudioMixer: Display: 	Number of Async Source Workers:		  0
[2024.05.18-21.17.33:508][857]LogAudio: Display: AudioDevice MaxSources: 32
[2024.05.18-21.17.33:510][857]LogAudio: Display: Audio Spatialization Plugin: None (built-in).
[2024.05.18-21.17.33:510][857]LogAudio: Display: Audio Reverb Plugin: None (built-in).
[2024.05.18-21.17.33:510][857]LogAudio: Display: Audio Occlusion Plugin: None (built-in).
[2024.05.18-21.17.33:510][857]LogAudioMixer: Display: Initializing audio mixer.
[2024.05.18-21.17.33:513][857]LogAudioMixer: Display: 0: FrontLeft
[2024.05.18-21.17.33:513][857]LogAudioMixer: Display: 1: FrontRight
[2024.05.18-21.17.33:565][857]LogAudioMixer: Display: Using Audio Device Altavoces (Realtek(R) Audio)
[2024.05.18-21.17.33:565][857]LogAudioMixer: Display: Initializing Sound Submixes...
[2024.05.18-21.17.33:565][857]LogAudioMixer: Display: Creating Master Submix 'MasterSubmixDefault'
[2024.05.18-21.17.33:565][857]LogAudioMixer: Display: Creating Master Submix 'MasterReverbSubmixDefault'
[2024.05.18-21.17.33:565][857]LogAudioMixer: Display: Creating Master Submix 'MasterEQSubmixDefault'
[2024.05.18-21.17.33:565][857]LogAudioMixer: FMixerPlatformXAudio2::StartAudioStream() called
[2024.05.18-21.17.33:565][857]LogAudioMixer: Display: Output buffers initialized: Frames=1024, Channels=2, Samples=2048
[2024.05.18-21.17.33:568][857]LogAudioMixer: Display: Starting AudioMixerPlatformInterface::RunInternal()
[2024.05.18-21.17.33:568][857]LogAudioMixer: Display: FMixerPlatformXAudio2::SubmitBuffer() called for the first time
[2024.05.18-21.17.33:568][857]LogInit: FAudioDevice initialized.
[2024.05.18-21.17.33:568][857]LogAudio: Display: Audio Device (ID: 16) registered with world 'Nivel-1'.
[2024.05.18-21.17.33:578][857]LogLoad: Game class is 'SideScrollerGameMode_C'
[2024.05.18-21.17.33:591][857]LogWorld: Bringing World /Game/Niveles/UEDPIE_0_Nivel-1.Nivel-1 up for play (max tick rate 60) at 2024.05.18-15.17.33
[2024.05.18-21.17.33:594][857]LogWorld: Bringing up level for play took: 0.014883
[2024.05.18-21.17.33:594][857]LogOnline: OSS: Creating online subsystem instance for: :Context_18
[2024.05.18-21.17.33:601][857]PIE: Server logged in
[2024.05.18-21.17.33:601][857]PIE: Play in editor total start time 0.17 seconds.
[2024.05.18-21.17.52:751][  1]LogSlate: Updating window title bar state: overlay mode, drag disabled, window buttons hidden, title bar hidden
[2024.05.18-21.17.52:751][  1]LogWorld: BeginTearingDown for /Game/Niveles/UEDPIE_0_Nivel-1
[2024.05.18-21.17.52:752][  1]LogWorld: UWorld::CleanupWorld for Nivel-1, bSessionEnded=true, bCleanupResources=true
[2024.05.18-21.17.52:756][  1]LogSlate: InvalidateAllWidgets triggered.  All widgets were invalidated
[2024.05.18-21.17.52:765][  1]LogPlayLevel: Display: Shutting down PIE online subsystems
[2024.05.18-21.17.52:774][  1]LogSlate: InvalidateAllWidgets triggered.  All widgets were invalidated
[2024.05.18-21.17.52:793][  1]LogSlate: Updating window title bar state: overlay mode, drag disabled, window buttons hidden, title bar hidden
[2024.05.18-21.17.52:795][  1]LogAudioMixer: FMixerPlatformXAudio2::StopAudioStream() called
[2024.05.18-21.17.52:796][  1]LogAudioMixer: FMixerPlatformXAudio2::StopAudioStream() called
[2024.05.18-21.17.52:806][  1]LogUObjectHash: Compacting FUObjectHashTables data took   1.45ms
[2024.05.18-21.17.52:836][  2]LogPlayLevel: Display: Destroying online subsystem :Context_18
[2024.05.18-21.18.04:466][102]LogTemp: Repeating last play command: Selected Viewport
[2024.05.18-21.18.04:473][102]LogPlayLevel: PlayLevel: No blueprints needed recompiling
[2024.05.18-21.18.04:473][102]PIE: New page: PIE session: Nivel-1 (18 may. 2024 10:18:04)
[2024.05.18-21.18.04:499][102]LogPlayLevel: Creating play world package: /Game/Niveles/UEDPIE_0_Nivel-1
[2024.05.18-21.18.04:530][102]LogPlayLevel: PIE: StaticDuplicateObject took: (0.030489s)
[2024.05.18-21.18.04:531][102]LogAIModule: Creating AISystem for world Nivel-1
[2024.05.18-21.18.04:532][102]LogPlayLevel: PIE: World Init took: (0.001712s)
[2024.05.18-21.18.04:532][102]LogPlayLevel: PIE: Created PIE world by copying editor world from /Game/Niveles/Nivel-1.Nivel-1 to /Game/Niveles/UEDPIE_0_Nivel-1.Nivel-1 (0.032467s)
[2024.05.18-21.18.04:555][102]LogUObjectHash: Compacting FUObjectHashTables data took   1.66ms
[2024.05.18-21.18.04:555][102]LogAudio: Display: Creating Audio Device:                 Id: 17, Scope: Unique, Realtime: True
[2024.05.18-21.18.04:556][102]LogAudioMixer: Display: Audio Mixer Platform Settings:
[2024.05.18-21.18.04:556][102]LogAudioMixer: Display: 	Sample Rate:						  48000
[2024.05.18-21.18.04:556][102]LogAudioMixer: Display: 	Callback Buffer Frame Size Requested: 1024
[2024.05.18-21.18.04:556][102]LogAudioMixer: Display: 	Callback Buffer Frame Size To Use:	  1024
[2024.05.18-21.18.04:556][102]LogAudioMixer: Display: 	Number of buffers to queue:			  2
[2024.05.18-21.18.04:556][102]LogAudioMixer: Display: 	Max Channels (voices):				  32
[2024.05.18-21.18.04:556][102]LogAudioMixer: Display: 	Number of Async Source Workers:		  0
[2024.05.18-21.18.04:556][102]LogAudio: Display: AudioDevice MaxSources: 32
[2024.05.18-21.18.04:556][102]LogAudio: Display: Audio Spatialization Plugin: None (built-in).
[2024.05.18-21.18.04:556][102]LogAudio: Display: Audio Reverb Plugin: None (built-in).
[2024.05.18-21.18.04:556][102]LogAudio: Display: Audio Occlusion Plugin: None (built-in).
[2024.05.18-21.18.04:556][102]LogAudioMixer: Display: Initializing audio mixer.
[2024.05.18-21.18.04:560][102]LogAudioMixer: Display: 0: FrontLeft
[2024.05.18-21.18.04:560][102]LogAudioMixer: Display: 1: FrontRight
[2024.05.18-21.18.04:615][102]LogAudioMixer: Display: Using Audio Device Altavoces (Realtek(R) Audio)
[2024.05.18-21.18.04:615][102]LogAudioMixer: Display: Initializing Sound Submixes...
[2024.05.18-21.18.04:615][102]LogAudioMixer: Display: Creating Master Submix 'MasterSubmixDefault'
[2024.05.18-21.18.04:615][102]LogAudioMixer: Display: Creating Master Submix 'MasterReverbSubmixDefault'
[2024.05.18-21.18.04:616][102]LogAudioMixer: Display: Creating Master Submix 'MasterEQSubmixDefault'
[2024.05.18-21.18.04:616][102]LogAudioMixer: FMixerPlatformXAudio2::StartAudioStream() called
[2024.05.18-21.18.04:616][102]LogAudioMixer: Display: Output buffers initialized: Frames=1024, Channels=2, Samples=2048
[2024.05.18-21.18.04:617][102]LogAudioMixer: Display: Starting AudioMixerPlatformInterface::RunInternal()
[2024.05.18-21.18.04:617][102]LogAudioMixer: Display: FMixerPlatformXAudio2::SubmitBuffer() called for the first time
[2024.05.18-21.18.04:617][102]LogInit: FAudioDevice initialized.
[2024.05.18-21.18.04:617][102]LogAudio: Display: Audio Device (ID: 17) registered with world 'Nivel-1'.
[2024.05.18-21.18.04:632][102]LogLoad: Game class is 'SideScrollerGameMode_C'
[2024.05.18-21.18.04:646][102]LogWorld: Bringing World /Game/Niveles/UEDPIE_0_Nivel-1.Nivel-1 up for play (max tick rate 60) at 2024.05.18-15.18.04
[2024.05.18-21.18.04:650][102]LogWorld: Bringing up level for play took: 0.015902
[2024.05.18-21.18.04:650][102]LogOnline: OSS: Creating online subsystem instance for: :Context_19
[2024.05.18-21.18.04:657][102]PIE: Server logged in
[2024.05.18-21.18.04:658][102]PIE: Play in editor total start time 0.187 seconds.
[2024.05.18-21.19.12:197][144]LogNet: Browse: /Game/Niveles/Nivel-2_1
[2024.05.18-21.19.12:197][144]LogLoad: LoadMap: /Game/Niveles/Nivel-2_1
[2024.05.18-21.19.12:197][144]LogWorld: BeginTearingDown for /Game/Niveles/UEDPIE_0_Nivel-1
[2024.05.18-21.19.12:199][144]LogWorld: UWorld::CleanupWorld for Nivel-1, bSessionEnded=true, bCleanupResources=true
[2024.05.18-21.19.12:203][144]LogSlate: InvalidateAllWidgets triggered.  All widgets were invalidated
[2024.05.18-21.19.12:262][144]LogAudio: Display: Audio Device unregistered from world 'None'.
[2024.05.18-21.19.12:267][144]LogUObjectHash: Compacting FUObjectHashTables data took   1.60ms
[2024.05.18-21.19.12:297][144]LogAudio: Display: Audio Device (ID: 17) registered with world 'Nivel-2_1'.
[2024.05.18-21.19.12:298][144]LogAIModule: Creating AISystem for world Nivel-2_1
[2024.05.18-21.19.12:298][144]LogLoad: Game class is 'SideScrollerGameMode_C'
[2024.05.18-21.19.12:301][144]LogWorld: Bringing World /Game/Niveles/UEDPIE_0_Nivel-2_1.Nivel-2_1 up for play (max tick rate 60) at 2024.05.18-15.19.12
[2024.05.18-21.19.12:301][144]LogWorld: Bringing up level for play took: 0.002635
[2024.05.18-21.19.12:304][144]LogLoad: Took 0.106617 seconds to LoadMap(/Game/Niveles/Nivel-2_1)
[2024.05.18-21.19.19:315][564]LogNet: Browse: /Game/Niveles/Nivel-2
[2024.05.18-21.19.19:316][564]LogLoad: LoadMap: /Game/Niveles/Nivel-2
[2024.05.18-21.19.19:316][564]LogWorld: BeginTearingDown for /Game/Niveles/UEDPIE_0_Nivel-2_1
[2024.05.18-21.19.19:316][564]LogWorld: UWorld::CleanupWorld for Nivel-2_1, bSessionEnded=true, bCleanupResources=true
[2024.05.18-21.19.19:316][564]LogSlate: InvalidateAllWidgets triggered.  All widgets were invalidated
[2024.05.18-21.19.19:371][564]LogAudio: Display: Audio Device unregistered from world 'None'.
[2024.05.18-21.19.19:375][564]LogUObjectHash: Compacting FUObjectHashTables data took   2.18ms
[2024.05.18-21.19.19:616][564]LogAudio: Display: Audio Device (ID: 17) registered with world 'Nivel-2'.
[2024.05.18-21.19.19:617][564]LogAIModule: Creating AISystem for world Nivel-2
[2024.05.18-21.19.19:617][564]LogLoad: Game class is 'SideScrollerGameMode_C'
[2024.05.18-21.19.19:770][564]LogWorld: Bringing World /Game/Niveles/UEDPIE_0_Nivel-2.Nivel-2 up for play (max tick rate 60) at 2024.05.18-15.19.19
[2024.05.18-21.19.19:772][564]LogWorld: Bringing up level for play took: 0.154087
[2024.05.18-21.19.19:780][564]LogLoad: Took 0.464424 seconds to LoadMap(/Game/Niveles/Nivel-2)
[2024.05.18-21.20.32:179][892]LogNet: Browse: /Game/Niveles/Nivel-2_2
[2024.05.18-21.20.32:179][892]LogLoad: LoadMap: /Game/Niveles/Nivel-2_2
[2024.05.18-21.20.32:179][892]LogWorld: BeginTearingDown for /Game/Niveles/UEDPIE_0_Nivel-2
[2024.05.18-21.20.32:181][892]LogWorld: UWorld::CleanupWorld for Nivel-2, bSessionEnded=true, bCleanupResources=true
[2024.05.18-21.20.32:189][892]LogSlate: InvalidateAllWidgets triggered.  All widgets were invalidated
[2024.05.18-21.20.32:245][892]LogAudio: Display: Audio Device unregistered from world 'None'.
[2024.05.18-21.20.32:261][892]LogUObjectHash: Compacting FUObjectHashTables data took   1.83ms
[2024.05.18-21.20.32:325][892]LogAudio: Display: Audio Device (ID: 17) registered with world 'Nivel-2_2'.
[2024.05.18-21.20.32:326][892]LogAIModule: Creating AISystem for world Nivel-2_2
[2024.05.18-21.20.32:326][892]LogLoad: Game class is 'SideScrollerGameMode_C'
[2024.05.18-21.20.32:331][892]LogWorld: Bringing World /Game/Niveles/UEDPIE_0_Nivel-2_2.Nivel-2_2 up for play (max tick rate 60) at 2024.05.18-15.20.32
[2024.05.18-21.20.32:331][892]LogWorld: Bringing up level for play took: 0.004210
[2024.05.18-21.20.32:334][892]LogLoad: Took 0.156157 seconds to LoadMap(/Game/Niveles/Nivel-2_2)
[2024.05.18-21.20.49:569][925]LogNet: Browse: /Game/Niveles/Nivel-3
[2024.05.18-21.20.49:569][925]LogLoad: LoadMap: /Game/Niveles/Nivel-3
[2024.05.18-21.20.49:569][925]LogWorld: BeginTearingDown for /Game/Niveles/UEDPIE_0_Nivel-2_2
[2024.05.18-21.20.49:570][925]LogWorld: UWorld::CleanupWorld for Nivel-2_2, bSessionEnded=true, bCleanupResources=true
[2024.05.18-21.20.49:570][925]LogSlate: InvalidateAllWidgets triggered.  All widgets were invalidated
[2024.05.18-21.20.49:590][925]LogAudio: Display: Audio Device unregistered from world 'None'.
[2024.05.18-21.20.49:594][925]LogUObjectHash: Compacting FUObjectHashTables data took   1.94ms
[2024.05.18-21.20.49:805][925]LogAudio: Display: Audio Device (ID: 17) registered with world 'Nivel-3'.
[2024.05.18-21.20.49:806][925]LogAIModule: Creating AISystem for world Nivel-3
[2024.05.18-21.20.49:806][925]LogLoad: Game class is 'SideScrollerGameMode_C'
[2024.05.18-21.20.49:853][925]LogWorld: Bringing World /Game/Niveles/UEDPIE_0_Nivel-3.Nivel-3 up for play (max tick rate 60) at 2024.05.18-15.20.49
[2024.05.18-21.20.49:854][925]LogWorld: Bringing up level for play took: 0.046831
[2024.05.18-21.20.49:856][925]LogLoad: Took 0.288050 seconds to LoadMap(/Game/Niveles/Nivel-3)
[2024.05.18-21.21.39:413][886]LogNet: Browse: /Game/Niveles/Nivel4
[2024.05.18-21.21.39:413][886]LogLoad: LoadMap: /Game/Niveles/Nivel4
[2024.05.18-21.21.39:413][886]LogWorld: BeginTearingDown for /Game/Niveles/UEDPIE_0_Nivel-3
[2024.05.18-21.21.39:414][886]LogWorld: UWorld::CleanupWorld for Nivel-3, bSessionEnded=true, bCleanupResources=true
[2024.05.18-21.21.39:419][886]LogSlate: InvalidateAllWidgets triggered.  All widgets were invalidated
[2024.05.18-21.21.39:469][886]LogAudio: Display: Audio Device unregistered from world 'None'.
[2024.05.18-21.21.39:474][886]LogUObjectHash: Compacting FUObjectHashTables data took   2.13ms
[2024.05.18-21.21.39:893][886]LogAudio: Display: Audio Device (ID: 17) registered with world 'Nivel4'.
[2024.05.18-21.21.39:894][886]LogAIModule: Creating AISystem for world Nivel4
[2024.05.18-21.21.39:895][886]LogLoad: Game class is 'SideScrollerGameMode_C'
[2024.05.18-21.21.39:987][886]LogWorld: Bringing World /Game/Niveles/UEDPIE_0_Nivel4.Nivel4 up for play (max tick rate 60) at 2024.05.18-15.21.39
[2024.05.18-21.21.39:991][886]LogWorld: Bringing up level for play took: 0.095872
[2024.05.18-21.21.40:026][886]LogLoad: Took 0.612181 seconds to LoadMap(/Game/Niveles/Nivel4)
[2024.05.18-21.21.45:364][196]LogSlate: Updating window title bar state: overlay mode, drag disabled, window buttons hidden, title bar hidden
[2024.05.18-21.21.45:364][196]LogWorld: BeginTearingDown for /Game/Niveles/UEDPIE_0_Nivel4
[2024.05.18-21.21.45:367][196]LogWorld: UWorld::CleanupWorld for Nivel4, bSessionEnded=true, bCleanupResources=true
[2024.05.18-21.21.45:385][196]LogSlate: InvalidateAllWidgets triggered.  All widgets were invalidated
[2024.05.18-21.21.45:394][196]LogPlayLevel: Display: Shutting down PIE online subsystems
[2024.05.18-21.21.45:406][196]LogSlate: InvalidateAllWidgets triggered.  All widgets were invalidated
[2024.05.18-21.21.45:424][196]LogSlate: Updating window title bar state: overlay mode, drag disabled, window buttons hidden, title bar hidden
[2024.05.18-21.21.45:430][196]LogAudioMixer: FMixerPlatformXAudio2::StopAudioStream() called
[2024.05.18-21.21.45:431][196]LogAudioMixer: FMixerPlatformXAudio2::StopAudioStream() called
[2024.05.18-21.21.45:458][196]LogUObjectHash: Compacting FUObjectHashTables data took   2.96ms
[2024.05.18-21.21.45:499][197]LogPlayLevel: Display: Destroying online subsystem :Context_19
[2024.05.18-21.21.56:457][693]LogSlate: Took 0.001230 seconds to synchronously load lazily loaded font '../../../Engine/Content/Slate/Fonts/Roboto-Italic.ttf' (157K)
[2024.05.18-21.22.00:608][911]LogUObjectHash: Compacting FUObjectHashTables data took   2.19ms
[2024.05.18-21.22.01:521][911]LogSlate: Window 'Save Content' being destroyed
[2024.05.18-21.22.01:617][911]LogUObjectHash: Compacting FUObjectHashTables data took   0.67ms
[2024.05.18-21.22.01:768][911]LogSavePackage: Moving '../../../../../../Users/alber/OneDrive/Documentos/Unreal Projects/MarioAnahuacOrdinario/MarioAnahuacOrdinario/Saved/Nivel-1E7ADA3514A3FB2099E1F7CB7051F8C5B.tmp' to '../../../../../../Users/alber/OneDrive/Documentos/Unreal Projects/MarioAnahuacOrdinario/MarioAnahuacOrdinario/Content/Niveles/Nivel-1.umap'
[2024.05.18-21.22.01:803][911]LogFileHelpers: Saving map 'Nivel-1' took 0.205
[2024.05.18-21.22.02:177][911]LogAssetEditorSubsystem: Opening Asset editor for World /Game/Niveles/Nivel4.Nivel4
[2024.05.18-21.22.02:208][911]Cmd: MAP LOAD FILE="../../../../../../Users/alber/OneDrive/Documentos/Unreal Projects/MarioAnahuacOrdinario/MarioAnahuacOrdinario/Content/Niveles/Nivel4.umap" TEMPLATE=0 SHOWPROGRESS=1 FEATURELEVEL=3
[2024.05.18-21.22.02:208][911]LightingResults: New page: Lighting Build
[2024.05.18-21.22.02:208][911]LoadErrors: New page: Loading map: Nivel4.umap
[2024.05.18-21.22.02:259][911]LogWorld: UWorld::CleanupWorld for Nivel-1, bSessionEnded=true, bCleanupResources=true
[2024.05.18-21.22.02:260][911]LogSlate: InvalidateAllWidgets triggered.  All widgets were invalidated
[2024.05.18-21.22.02:260][911]MapCheck: New page: Map Check
[2024.05.18-21.22.02:260][911]LightingResults: New page: Lighting Build
[2024.05.18-21.22.02:302][911]LogAudio: Display: Audio Device unregistered from world 'None'.
[2024.05.18-21.22.02:326][911]LogUObjectHash: Compacting FUObjectHashTables data took   2.86ms
[2024.05.18-21.22.02:334][911]LogAudio: Display: Audio Device (ID: 1) registered with world 'Nivel4'.
[2024.05.18-21.22.02:458][911]LogEditorServer: Finished looking for orphan Actors (0.000 secs)
[2024.05.18-21.22.02:458][911]LogAIModule: Creating AISystem for world Nivel4
[2024.05.18-21.22.02:507][911]LogUObjectHash: Compacting FUObjectHashTables data took   1.95ms
[2024.05.18-21.22.02:510][911]Cmd: MAP CHECKDEP NOCLEARLOG
[2024.05.18-21.22.02:511][911]MapCheck: Map check complete: 0 Error(s), 0 Warning(s), took 0.444ms to complete.
[2024.05.18-21.22.02:511][911]LogFileHelpers: Loading map 'Nivel4' took 0.304
[2024.05.18-21.22.02:542][911]AssetCheck: New page: Asset Save: Nivel-1
[2024.05.18-21.22.02:543][911]LogContentValidation: Display: Validating World /Game/Niveles/Nivel-1.Nivel-1
[2024.05.18-21.22.07:777][202]LogTemp: Repeating last play command: Selected Viewport
[2024.05.18-21.22.07:785][202]LogPlayLevel: PlayLevel: No blueprints needed recompiling
[2024.05.18-21.22.07:785][202]PIE: New page: PIE session: Nivel4 (18 may. 2024 10:22:07)
[2024.05.18-21.22.07:785][202]LogPlayLevel: Creating play world package: /Game/Niveles/UEDPIE_0_Nivel4
[2024.05.18-21.22.07:975][202]LogPlayLevel: PIE: StaticDuplicateObject took: (0.189997s)
[2024.05.18-21.22.07:977][202]LogAIModule: Creating AISystem for world Nivel4
[2024.05.18-21.22.07:978][202]LogPlayLevel: PIE: World Init took: (0.002293s)
[2024.05.18-21.22.07:978][202]LogPlayLevel: PIE: Created PIE world by copying editor world from /Game/Niveles/Nivel4.Nivel4 to /Game/Niveles/UEDPIE_0_Nivel4.Nivel4 (0.193048s)
[2024.05.18-21.22.08:010][202]LogUObjectHash: Compacting FUObjectHashTables data took   3.78ms
[2024.05.18-21.22.08:012][202]LogAudio: Display: Creating Audio Device:                 Id: 18, Scope: Unique, Realtime: True
[2024.05.18-21.22.08:012][202]LogAudioMixer: Display: Audio Mixer Platform Settings:
[2024.05.18-21.22.08:012][202]LogAudioMixer: Display: 	Sample Rate:						  48000
[2024.05.18-21.22.08:012][202]LogAudioMixer: Display: 	Callback Buffer Frame Size Requested: 1024
[2024.05.18-21.22.08:012][202]LogAudioMixer: Display: 	Callback Buffer Frame Size To Use:	  1024
[2024.05.18-21.22.08:012][202]LogAudioMixer: Display: 	Number of buffers to queue:			  2
[2024.05.18-21.22.08:012][202]LogAudioMixer: Display: 	Max Channels (voices):				  32
[2024.05.18-21.22.08:012][202]LogAudioMixer: Display: 	Number of Async Source Workers:		  0
[2024.05.18-21.22.08:012][202]LogAudio: Display: AudioDevice MaxSources: 32
[2024.05.18-21.22.08:012][202]LogAudio: Display: Audio Spatialization Plugin: None (built-in).
[2024.05.18-21.22.08:012][202]LogAudio: Display: Audio Reverb Plugin: None (built-in).
[2024.05.18-21.22.08:012][202]LogAudio: Display: Audio Occlusion Plugin: None (built-in).
[2024.05.18-21.22.08:012][202]LogAudioMixer: Display: Initializing audio mixer.
[2024.05.18-21.22.08:017][202]LogAudioMixer: Display: 0: FrontLeft
[2024.05.18-21.22.08:017][202]LogAudioMixer: Display: 1: FrontRight
[2024.05.18-21.22.08:073][202]LogAudioMixer: Display: Using Audio Device Altavoces (Realtek(R) Audio)
[2024.05.18-21.22.08:073][202]LogAudioMixer: Display: Initializing Sound Submixes...
[2024.05.18-21.22.08:073][202]LogAudioMixer: Display: Creating Master Submix 'MasterSubmixDefault'
[2024.05.18-21.22.08:073][202]LogAudioMixer: Display: Creating Master Submix 'MasterReverbSubmixDefault'
[2024.05.18-21.22.08:073][202]LogAudioMixer: Display: Creating Master Submix 'MasterEQSubmixDefault'
[2024.05.18-21.22.08:073][202]LogAudioMixer: FMixerPlatformXAudio2::StartAudioStream() called
[2024.05.18-21.22.08:073][202]LogAudioMixer: Display: Output buffers initialized: Frames=1024, Channels=2, Samples=2048
[2024.05.18-21.22.08:075][202]LogAudioMixer: Display: Starting AudioMixerPlatformInterface::RunInternal()
[2024.05.18-21.22.08:075][202]LogAudioMixer: Display: FMixerPlatformXAudio2::SubmitBuffer() called for the first time
[2024.05.18-21.22.08:075][202]LogInit: FAudioDevice initialized.
[2024.05.18-21.22.08:075][202]LogAudio: Display: Audio Device (ID: 18) registered with world 'Nivel4'.
[2024.05.18-21.22.08:088][202]LogLoad: Game class is 'SideScrollerGameMode_C'
[2024.05.18-21.22.08:157][202]LogWorld: Bringing World /Game/Niveles/UEDPIE_0_Nivel4.Nivel4 up for play (max tick rate 60) at 2024.05.18-15.22.08
[2024.05.18-21.22.08:160][202]LogWorld: Bringing up level for play took: 0.071187
[2024.05.18-21.22.08:160][202]LogOnline: OSS: Creating online subsystem instance for: :Context_20
[2024.05.18-21.22.08:168][202]PIE: Server logged in
[2024.05.18-21.22.08:168][202]PIE: Play in editor total start time 0.384 seconds.
[2024.05.18-21.22.11:324][384]LogSlate: Updating window title bar state: overlay mode, drag disabled, window buttons hidden, title bar hidden
[2024.05.18-21.22.11:324][384]LogWorld: BeginTearingDown for /Game/Niveles/UEDPIE_0_Nivel4
[2024.05.18-21.22.11:326][384]LogWorld: UWorld::CleanupWorld for Nivel4, bSessionEnded=true, bCleanupResources=true
[2024.05.18-21.22.11:340][384]LogSlate: InvalidateAllWidgets triggered.  All widgets were invalidated
[2024.05.18-21.22.11:350][384]LogPlayLevel: Display: Shutting down PIE online subsystems
[2024.05.18-21.22.11:357][384]LogSlate: InvalidateAllWidgets triggered.  All widgets were invalidated
[2024.05.18-21.22.11:375][384]LogAudio: Display: Audio Device unregistered from world 'None'.
[2024.05.18-21.22.11:375][384]LogAudioMixer: FMixerPlatformXAudio2::StopAudioStream() called
[2024.05.18-21.22.11:377][384]LogAudioMixer: FMixerPlatformXAudio2::StopAudioStream() called
[2024.05.18-21.22.11:383][384]LogSlate: Updating window title bar state: overlay mode, drag disabled, window buttons hidden, title bar hidden
[2024.05.18-21.22.11:403][384]LogUObjectHash: Compacting FUObjectHashTables data took   2.65ms
[2024.05.18-21.22.11:428][385]LogPlayLevel: Display: Destroying online subsystem :Context_20
[2024.05.18-21.22.26:823][671]LogTemp: Repeating last play command: Selected Viewport
[2024.05.18-21.22.26:835][671]LogPlayLevel: PlayLevel: No blueprints needed recompiling
[2024.05.18-21.22.26:836][671]PIE: New page: PIE session: Nivel4 (18 may. 2024 10:22:26)
[2024.05.18-21.22.26:836][671]LogPlayLevel: Creating play world package: /Game/Niveles/UEDPIE_0_Nivel4
[2024.05.18-21.22.27:057][671]LogPlayLevel: PIE: StaticDuplicateObject took: (0.221276s)
[2024.05.18-21.22.27:059][671]LogAIModule: Creating AISystem for world Nivel4
[2024.05.18-21.22.27:060][671]LogPlayLevel: PIE: World Init took: (0.002877s)
[2024.05.18-21.22.27:060][671]LogPlayLevel: PIE: Created PIE world by copying editor world from /Game/Niveles/Nivel4.Nivel4 to /Game/Niveles/UEDPIE_0_Nivel4.Nivel4 (0.224642s)
[2024.05.18-21.22.27:089][671]LogUObjectHash: Compacting FUObjectHashTables data took   5.07ms
[2024.05.18-21.22.27:093][671]LogAudio: Display: Creating Audio Device:                 Id: 19, Scope: Unique, Realtime: True
[2024.05.18-21.22.27:094][671]LogAudioMixer: Display: Audio Mixer Platform Settings:
[2024.05.18-21.22.27:094][671]LogAudioMixer: Display: 	Sample Rate:						  48000
[2024.05.18-21.22.27:094][671]LogAudioMixer: Display: 	Callback Buffer Frame Size Requested: 1024
[2024.05.18-21.22.27:094][671]LogAudioMixer: Display: 	Callback Buffer Frame Size To Use:	  1024
[2024.05.18-21.22.27:094][671]LogAudioMixer: Display: 	Number of buffers to queue:			  2
[2024.05.18-21.22.27:094][671]LogAudioMixer: Display: 	Max Channels (voices):				  32
[2024.05.18-21.22.27:094][671]LogAudioMixer: Display: 	Number of Async Source Workers:		  0
[2024.05.18-21.22.27:094][671]LogAudio: Display: AudioDevice MaxSources: 32
[2024.05.18-21.22.27:094][671]LogAudio: Display: Audio Spatialization Plugin: None (built-in).
[2024.05.18-21.22.27:094][671]LogAudio: Display: Audio Reverb Plugin: None (built-in).
[2024.05.18-21.22.27:094][671]LogAudio: Display: Audio Occlusion Plugin: None (built-in).
[2024.05.18-21.22.27:094][671]LogAudioMixer: Display: Initializing audio mixer.
[2024.05.18-21.22.27:099][671]LogAudioMixer: Display: 0: FrontLeft
[2024.05.18-21.22.27:099][671]LogAudioMixer: Display: 1: FrontRight
[2024.05.18-21.22.27:164][671]LogAudioMixer: Display: Using Audio Device Altavoces (Realtek(R) Audio)
[2024.05.18-21.22.27:165][671]LogAudioMixer: Display: Initializing Sound Submixes...
[2024.05.18-21.22.27:165][671]LogAudioMixer: Display: Creating Master Submix 'MasterSubmixDefault'
[2024.05.18-21.22.27:165][671]LogAudioMixer: Display: Creating Master Submix 'MasterReverbSubmixDefault'
[2024.05.18-21.22.27:165][671]LogAudioMixer: Display: Creating Master Submix 'MasterEQSubmixDefault'
[2024.05.18-21.22.27:165][671]LogAudioMixer: FMixerPlatformXAudio2::StartAudioStream() called
[2024.05.18-21.22.27:165][671]LogAudioMixer: Display: Output buffers initialized: Frames=1024, Channels=2, Samples=2048
[2024.05.18-21.22.27:167][671]LogAudioMixer: Display: Starting AudioMixerPlatformInterface::RunInternal()
[2024.05.18-21.22.27:167][671]LogAudioMixer: Display: FMixerPlatformXAudio2::SubmitBuffer() called for the first time
[2024.05.18-21.22.27:167][671]LogInit: FAudioDevice initialized.
[2024.05.18-21.22.27:167][671]LogAudio: Display: Audio Device (ID: 19) registered with world 'Nivel4'.
[2024.05.18-21.22.27:178][671]LogLoad: Game class is 'SideScrollerGameMode_C'
[2024.05.18-21.22.27:252][671]LogWorld: Bringing World /Game/Niveles/UEDPIE_0_Nivel4.Nivel4 up for play (max tick rate 60) at 2024.05.18-15.22.27
[2024.05.18-21.22.27:257][671]LogWorld: Bringing up level for play took: 0.077946
[2024.05.18-21.22.27:258][671]LogOnline: OSS: Creating online subsystem instance for: :Context_21
[2024.05.18-21.22.27:270][671]PIE: Server logged in
[2024.05.18-21.22.27:271][671]PIE: Play in editor total start time 0.438 seconds.
[2024.05.18-21.23.20:316][841]LogNet: Browse: /Game/Niveles/Nivel4
[2024.05.18-21.23.20:316][841]LogLoad: LoadMap: /Game/Niveles/Nivel4
[2024.05.18-21.23.20:316][841]LogWorld: BeginTearingDown for /Game/Niveles/UEDPIE_0_Nivel4
[2024.05.18-21.23.20:318][841]LogWorld: UWorld::CleanupWorld for Nivel4, bSessionEnded=true, bCleanupResources=true
[2024.05.18-21.23.20:336][841]LogSlate: InvalidateAllWidgets triggered.  All widgets were invalidated
[2024.05.18-21.23.20:368][841]LogAudio: Display: Audio Device unregistered from world 'None'.
[2024.05.18-21.23.20:379][841]LogUObjectHash: Compacting FUObjectHashTables data took   1.78ms
[2024.05.18-21.23.20:394][841]LogPlayLevel: Creating play world package: /Game/Niveles/UEDPIE_0_Nivel4
[2024.05.18-21.23.20:536][841]LogPlayLevel: PIE: StaticDuplicateObject took: (0.142261s)
[2024.05.18-21.23.20:537][841]LogAIModule: Creating AISystem for world Nivel4
[2024.05.18-21.23.20:537][841]LogPlayLevel: PIE: World Init took: (0.001799s)
[2024.05.18-21.23.20:538][841]LogPlayLevel: PIE: Created PIE world by copying editor world from /Game/Niveles/Nivel4.Nivel4 to /Game/Niveles/UEDPIE_0_Nivel4.Nivel4 (0.144650s)
[2024.05.18-21.23.20:538][841]LogAudio: Display: Audio Device (ID: 19) registered with world 'Nivel4'.
[2024.05.18-21.23.20:538][841]LogLoad: Game class is 'SideScrollerGameMode_C'
[2024.05.18-21.23.20:573][841]LogWorld: Bringing World /Game/Niveles/UEDPIE_0_Nivel4.Nivel4 up for play (max tick rate 60) at 2024.05.18-15.23.20
[2024.05.18-21.23.20:577][841]LogWorld: Bringing up level for play took: 0.037742
[2024.05.18-21.23.20:584][841]LogLoad: Took 0.268627 seconds to LoadMap(/Game/Niveles/UEDPIE_0_Nivel4)
[2024.05.18-21.23.21:108][866]LogSlate: Updating window title bar state: overlay mode, drag disabled, window buttons hidden, title bar hidden
[2024.05.18-21.23.21:108][866]LogWorld: BeginTearingDown for /Game/Niveles/UEDPIE_0_Nivel4
[2024.05.18-21.23.21:110][866]LogWorld: UWorld::CleanupWorld for Nivel4, bSessionEnded=true, bCleanupResources=true
[2024.05.18-21.23.21:128][866]LogSlate: InvalidateAllWidgets triggered.  All widgets were invalidated
[2024.05.18-21.23.21:141][866]LogPlayLevel: Display: Shutting down PIE online subsystems
[2024.05.18-21.23.21:146][866]LogSlate: InvalidateAllWidgets triggered.  All widgets were invalidated
[2024.05.18-21.23.21:167][866]LogSlate: Updating window title bar state: overlay mode, drag disabled, window buttons hidden, title bar hidden
[2024.05.18-21.23.21:171][866]LogAudioMixer: FMixerPlatformXAudio2::StopAudioStream() called
[2024.05.18-21.23.21:172][866]LogAudioMixer: FMixerPlatformXAudio2::StopAudioStream() called
[2024.05.18-21.23.21:199][866]LogUObjectHash: Compacting FUObjectHashTables data took   2.23ms
[2024.05.18-21.23.21:233][867]LogPlayLevel: Display: Destroying online subsystem :Context_21
[2024.05.18-21.23.30:510][ 19]LogTemp: Repeating last play command: Selected Viewport
[2024.05.18-21.23.30:518][ 19]LogPlayLevel: PlayLevel: No blueprints needed recompiling
[2024.05.18-21.23.30:519][ 19]PIE: New page: PIE session: Nivel4 (18 may. 2024 10:23:30)
[2024.05.18-21.23.30:519][ 19]LogPlayLevel: Creating play world package: /Game/Niveles/UEDPIE_0_Nivel4
[2024.05.18-21.23.30:691][ 19]LogPlayLevel: PIE: StaticDuplicateObject took: (0.172507s)
[2024.05.18-21.23.30:694][ 19]LogAIModule: Creating AISystem for world Nivel4
[2024.05.18-21.23.30:695][ 19]LogPlayLevel: PIE: World Init took: (0.002615s)
[2024.05.18-21.23.30:695][ 19]LogPlayLevel: PIE: Created PIE world by copying editor world from /Game/Niveles/Nivel4.Nivel4 to /Game/Niveles/UEDPIE_0_Nivel4.Nivel4 (0.175795s)
[2024.05.18-21.23.30:716][ 19]LogUObjectHash: Compacting FUObjectHashTables data took   2.19ms
[2024.05.18-21.23.30:718][ 19]LogAudio: Display: Creating Audio Device:                 Id: 20, Scope: Unique, Realtime: True
[2024.05.18-21.23.30:718][ 19]LogAudioMixer: Display: Audio Mixer Platform Settings:
[2024.05.18-21.23.30:718][ 19]LogAudioMixer: Display: 	Sample Rate:						  48000
[2024.05.18-21.23.30:718][ 19]LogAudioMixer: Display: 	Callback Buffer Frame Size Requested: 1024
[2024.05.18-21.23.30:718][ 19]LogAudioMixer: Display: 	Callback Buffer Frame Size To Use:	  1024
[2024.05.18-21.23.30:718][ 19]LogAudioMixer: Display: 	Number of buffers to queue:			  2
[2024.05.18-21.23.30:718][ 19]LogAudioMixer: Display: 	Max Channels (voices):				  32
[2024.05.18-21.23.30:718][ 19]LogAudioMixer: Display: 	Number of Async Source Workers:		  0
[2024.05.18-21.23.30:720][ 19]LogAudio: Display: AudioDevice MaxSources: 32
[2024.05.18-21.23.30:720][ 19]LogAudio: Display: Audio Spatialization Plugin: None (built-in).
[2024.05.18-21.23.30:720][ 19]LogAudio: Display: Audio Reverb Plugin: None (built-in).
[2024.05.18-21.23.30:720][ 19]LogAudio: Display: Audio Occlusion Plugin: None (built-in).
[2024.05.18-21.23.30:720][ 19]LogAudioMixer: Display: Initializing audio mixer.
[2024.05.18-21.23.30:724][ 19]LogAudioMixer: Display: 0: FrontLeft
[2024.05.18-21.23.30:725][ 19]LogAudioMixer: Display: 1: FrontRight
[2024.05.18-21.23.30:782][ 19]LogAudioMixer: Display: Using Audio Device Altavoces (Realtek(R) Audio)
[2024.05.18-21.23.30:783][ 19]LogAudioMixer: Display: Initializing Sound Submixes...
[2024.05.18-21.23.30:783][ 19]LogAudioMixer: Display: Creating Master Submix 'MasterSubmixDefault'
[2024.05.18-21.23.30:783][ 19]LogAudioMixer: Display: Creating Master Submix 'MasterReverbSubmixDefault'
[2024.05.18-21.23.30:783][ 19]LogAudioMixer: Display: Creating Master Submix 'MasterEQSubmixDefault'
[2024.05.18-21.23.30:783][ 19]LogAudioMixer: FMixerPlatformXAudio2::StartAudioStream() called
[2024.05.18-21.23.30:783][ 19]LogAudioMixer: Display: Output buffers initialized: Frames=1024, Channels=2, Samples=2048
[2024.05.18-21.23.30:785][ 19]LogAudioMixer: Display: Starting AudioMixerPlatformInterface::RunInternal()
[2024.05.18-21.23.30:785][ 19]LogAudioMixer: Display: FMixerPlatformXAudio2::SubmitBuffer() called for the first time
[2024.05.18-21.23.30:785][ 19]LogInit: FAudioDevice initialized.
[2024.05.18-21.23.30:785][ 19]LogAudio: Display: Audio Device (ID: 20) registered with world 'Nivel4'.
[2024.05.18-21.23.30:796][ 19]LogLoad: Game class is 'SideScrollerGameMode_C'
[2024.05.18-21.23.30:878][ 19]LogWorld: Bringing World /Game/Niveles/UEDPIE_0_Nivel4.Nivel4 up for play (max tick rate 60) at 2024.05.18-15.23.30
[2024.05.18-21.23.30:880][ 19]LogWorld: Bringing up level for play took: 0.084082
[2024.05.18-21.23.30:880][ 19]LogOnline: OSS: Creating online subsystem instance for: :Context_22
[2024.05.18-21.23.30:889][ 19]PIE: Server logged in
[2024.05.18-21.23.30:890][ 19]PIE: Play in editor total start time 0.372 seconds.
[2024.05.18-21.24.19:856][943]LogNet: Browse: /Game/Niveles/MenuPrincipal
[2024.05.18-21.24.19:856][943]LogLoad: LoadMap: /Game/Niveles/MenuPrincipal
[2024.05.18-21.24.19:856][943]LogWorld: BeginTearingDown for /Game/Niveles/UEDPIE_0_Nivel4
[2024.05.18-21.24.19:860][943]LogWorld: UWorld::CleanupWorld for Nivel4, bSessionEnded=true, bCleanupResources=true
[2024.05.18-21.24.19:883][943]LogSlate: InvalidateAllWidgets triggered.  All widgets were invalidated
[2024.05.18-21.24.19:974][943]LogAudio: Display: Audio Device unregistered from world 'None'.
[2024.05.18-21.24.19:995][943]LogUObjectHash: Compacting FUObjectHashTables data took   3.10ms
[2024.05.18-21.24.20:048][943]LogAudio: Display: Audio Device (ID: 20) registered with world 'MenuPrincipal'.
[2024.05.18-21.24.20:049][943]LogAIModule: Creating AISystem for world MenuPrincipal
[2024.05.18-21.24.20:049][943]LogLoad: Game class is 'SideScrollerGameMode_C'
[2024.05.18-21.24.20:051][943]LogWorld: Bringing World /Game/Niveles/UEDPIE_0_MenuPrincipal.MenuPrincipal up for play (max tick rate 60) at 2024.05.18-15.24.20
[2024.05.18-21.24.20:051][943]LogWorld: Bringing up level for play took: 0.001383
[2024.05.18-21.24.20:052][943]LogGameMode: FindPlayerStart: PATHS NOT DEFINED or NO PLAYERSTART with positive rating
[2024.05.18-21.24.20:055][943]LogLoad: Took 0.198322 seconds to LoadMap(/Game/Niveles/MenuPrincipal)
[2024.05.18-21.24.37:992][  0]LogSlate: Updating window title bar state: overlay mode, drag disabled, window buttons hidden, title bar hidden
[2024.05.18-21.24.37:993][  0]LogWorld: BeginTearingDown for /Game/Niveles/UEDPIE_0_MenuPrincipal
[2024.05.18-21.24.38:031][  0]LogWorld: UWorld::CleanupWorld for MenuPrincipal, bSessionEnded=true, bCleanupResources=true
[2024.05.18-21.24.38:031][  0]LogSlate: InvalidateAllWidgets triggered.  All widgets were invalidated
[2024.05.18-21.24.38:040][  0]LogPlayLevel: Display: Shutting down PIE online subsystems
[2024.05.18-21.24.38:045][  0]LogSlate: InvalidateAllWidgets triggered.  All widgets were invalidated
[2024.05.18-21.24.38:065][  0]LogAudio: Display: Audio Device unregistered from world 'None'.
[2024.05.18-21.24.38:065][  0]LogAudioMixer: FMixerPlatformXAudio2::StopAudioStream() called
[2024.05.18-21.24.38:067][  0]LogAudioMixer: FMixerPlatformXAudio2::StopAudioStream() called
[2024.05.18-21.24.38:072][  0]LogSlate: Updating window title bar state: overlay mode, drag disabled, window buttons hidden, title bar hidden
[2024.05.18-21.24.38:076][  0]LogUObjectHash: Compacting FUObjectHashTables data took   1.97ms
[2024.05.18-21.24.38:133][  1]LogPlayLevel: Display: Destroying online subsystem :Context_22
[2024.05.18-22.10.29:542][611]LogUObjectHash: Compacting FUObjectHashTables data took  44.76ms
[2024.05.18-22.10.29:785][611]LogWorld: UWorld::CleanupWorld for World_2, bSessionEnded=true, bCleanupResources=true
[2024.05.18-22.10.29:786][611]LogSlate: InvalidateAllWidgets triggered.  All widgets were invalidated
[2024.05.18-22.10.30:197][611]LogSlate: Window 'MarioAnahuac - Unreal Editor' being destroyed
[2024.05.18-22.10.30:636][612]Cmd: QUIT_EDITOR
[2024.05.18-22.10.30:636][612]LogCore: Engine exit requested (reason: UUnrealEdEngine::CloseEditor())
[2024.05.18-22.10.30:648][612]LogCore: Engine exit requested (reason: EngineExit() was called; note: exit was already requested)
[2024.05.18-22.10.31:408][612]LogAudio: Display: Beginning Audio Device Manager Shutdown (Module: AudioMixerXAudio2)...
[2024.05.18-22.10.31:408][612]LogAudio: Display: Destroying 1 Remaining Audio Device(s)...
[2024.05.18-22.10.31:408][612]LogAudio: Display: Audio Device unregistered from world 'Nivel4'.
[2024.05.18-22.10.31:409][612]LogAudioMixer: FMixerPlatformXAudio2::StopAudioStream() called
[2024.05.18-22.10.31:416][612]LogAudioMixer: FMixerPlatformXAudio2::StopAudioStream() called
[2024.05.18-22.10.31:464][612]LogAudio: Display: Audio Device Manager Shutdown
[2024.05.18-22.10.31:465][612]LogWindowsTextInputMethodSystem: Display: IME system deactivated.
[2024.05.18-22.10.31:484][612]LogExit: Preparing to exit.
[2024.05.18-22.10.32:537][612]LogUObjectHash: Compacting FUObjectHashTables data took   3.49ms
[2024.05.18-22.10.33:039][612]LogActorComponent: UnregisterComponent: (None.None) Not registered. Aborting.
[2024.05.18-22.10.33:039][612]LogActorComponent: UnregisterComponent: (None.None) Not registered. Aborting.
[2024.05.18-22.10.33:039][612]LogActorComponent: UnregisterComponent: (None.None) Not registered. Aborting.
[2024.05.18-22.10.33:039][612]LogActorComponent: UnregisterComponent: (None.None) Not registered. Aborting.
[2024.05.18-22.10.33:039][612]LogActorComponent: UnregisterComponent: (None.None) Not registered. Aborting.
[2024.05.18-22.10.33:039][612]LogActorComponent: UnregisterComponent: (None.None) Not registered. Aborting.
[2024.05.18-22.10.33:040][612]LogActorComponent: UnregisterComponent: (None.None) Not registered. Aborting.
[2024.05.18-22.10.33:040][612]LogWorld: UWorld::CleanupWorld for None, bSessionEnded=true, bCleanupResources=true
[2024.05.18-22.10.33:041][612]LogActorComponent: UnregisterComponent: (None.None) Not registered. Aborting.
[2024.05.18-22.10.33:041][612]LogActorComponent: UnregisterComponent: (None.None) Not registered. Aborting.
[2024.05.18-22.10.33:041][612]LogActorComponent: UnregisterComponent: (None.None) Not registered. Aborting.
[2024.05.18-22.10.33:041][612]LogActorComponent: UnregisterComponent: (None.None) Not registered. Aborting.
[2024.05.18-22.10.33:042][612]LogActorComponent: UnregisterComponent: (None.None) Not registered. Aborting.
[2024.05.18-22.10.33:042][612]LogActorComponent: UnregisterComponent: (None.None) Not registered. Aborting.
[2024.05.18-22.10.33:042][612]LogActorComponent: UnregisterComponent: (None.None) Not registered. Aborting.
[2024.05.18-22.10.33:042][612]LogWorld: UWorld::CleanupWorld for None, bSessionEnded=true, bCleanupResources=true
[2024.05.18-22.10.33:273][612]LogDemo: Cleaned up 0 splitscreen connections with owner deletion
[2024.05.18-22.10.33:408][612]LogExit: Editor shut down
[2024.05.18-22.10.33:418][612]LogExit: Transaction tracking system shut down
[2024.05.18-22.10.34:538][612]LogExit: Object subsystem successfully closed.
[2024.05.18-22.10.34:592][612]LogShaderCompilers: Display: === FShaderJobCache stats ===
[2024.05.18-22.10.34:592][612]LogShaderCompilers: Display: Total job queries 0, among them cache hits 0 (0.00%)
[2024.05.18-22.10.34:592][612]LogShaderCompilers: Display: Tracking 0 distinct input hashes that result in 0 distinct outputs (0.00%)
[2024.05.18-22.10.34:592][612]LogShaderCompilers: Display: RAM used: 0.00 MB (0.00 GB) of 819.20 MB (0.80 GB) budget. Usage: 0.00%
[2024.05.18-22.10.34:592][612]LogShaderCompilers: Display: ================================================
[2024.05.18-22.10.34:683][612]LogShaderCompilers: Display: Shaders left to compile 0
[2024.05.18-22.10.34:829][612]LogModuleManager: Shutting down and abandoning module BlueprintGraph (876)
[2024.05.18-22.10.34:830][612]LogModuleManager: Shutting down and abandoning module MovieSceneCapture (874)
[2024.05.18-22.10.34:830][612]LogModuleManager: Shutting down and abandoning module Voice (872)
[2024.05.18-22.10.34:830][612]LogModuleManager: Shutting down and abandoning module HierarchicalLODOutliner (870)
[2024.05.18-22.10.34:830][612]LogModuleManager: Shutting down and abandoning module SceneOutliner (868)
[2024.05.18-22.10.34:830][612]LogModuleManager: Shutting down and abandoning module AddContentDialog (866)
[2024.05.18-22.10.34:849][612]LogModuleManager: Shutting down and abandoning module WidgetCarousel (865)
[2024.05.18-22.10.34:849][612]LogModuleManager: Shutting down and abandoning module EditorWidgets (862)
[2024.05.18-22.10.34:849][612]LogModuleManager: Shutting down and abandoning module StatsViewer (860)
[2024.05.18-22.10.34:849][612]LogModuleManager: Shutting down and abandoning module PIEPreviewDeviceProfileSelector (858)
[2024.05.18-22.10.34:849][612]LogModuleManager: Shutting down and abandoning module SequenceRecorderSections (856)
[2024.05.18-22.10.34:849][612]LogModuleManager: Shutting down and abandoning module AutomationWorker (854)
[2024.05.18-22.10.34:849][612]LogModuleManager: Shutting down and abandoning module SteamVREditor (852)
[2024.05.18-22.10.34:851][612]LogModuleManager: Shutting down and abandoning module OculusMR (850)
[2024.05.18-22.10.34:851][612]LogModuleManager: Shutting down and abandoning module TakeRecorderSources (848)
[2024.05.18-22.10.34:852][612]LogModuleManager: Shutting down and abandoning module TakeRecorder (847)
[2024.05.18-22.10.34:853][612]LogModuleManager: Shutting down and abandoning module TakeTrackRecorders (844)
[2024.05.18-22.10.34:855][612]LogModuleManager: Shutting down and abandoning module TakesCore (842)
[2024.05.18-22.10.34:855][612]LogModuleManager: Shutting down and abandoning module OpenXRInput (840)
[2024.05.18-22.10.34:855][612]LogModuleManager: Shutting down and abandoning module GooglePADEditor (838)
[2024.05.18-22.10.34:855][612]LogModuleManager: Shutting down and abandoning module AudioCaptureEditor (836)
[2024.05.18-22.10.34:855][612]LogModuleManager: Shutting down and abandoning module TemplateSequenceEditor (834)
[2024.05.18-22.10.34:855][612]LogModuleManager: Shutting down and abandoning module MatineeToLevelSequence (832)
[2024.05.18-22.10.34:856][612]LogModuleManager: Shutting down and abandoning module LevelSequenceEditor (830)
[2024.05.18-22.10.34:858][612]LogModuleManager: Shutting down and abandoning module ActorSequenceEditor (828)
[2024.05.18-22.10.34:859][612]LogModuleManager: Shutting down and abandoning module WmfMediaFactory (826)
[2024.05.18-22.10.34:859][612]LogModuleManager: Shutting down and abandoning module WmfMediaEditor (824)
[2024.05.18-22.10.34:859][612]LogModuleManager: Shutting down and abandoning module WebMMediaFactory (822)
[2024.05.18-22.10.34:859][612]LogModuleManager: Shutting down and abandoning module WebMMediaEditor (820)
[2024.05.18-22.10.34:859][612]LogModuleManager: Shutting down and abandoning module WebMMedia (818)
[2024.05.18-22.10.34:860][612]LogModuleManager: Shutting down and abandoning module MediaPlayerEditor (816)
[2024.05.18-22.10.34:861][612]LogModuleManager: Shutting down and abandoning module MediaCompositingEditor (814)
[2024.05.18-22.10.34:861][612]LogModuleManager: Shutting down and abandoning module SequenceRecorder (813)
[2024.05.18-22.10.34:861][612]LogModuleManager: Shutting down and abandoning module OpenExrWrapper (810)
[2024.05.18-22.10.34:861][612]LogModuleManager: Shutting down and abandoning module ImgMediaFactory (808)
[2024.05.18-22.10.34:861][612]LogModuleManager: Shutting down and abandoning module ImgMediaEditor (806)
[2024.05.18-22.10.34:862][612]LogModuleManager: Shutting down and abandoning module AvfMediaFactory (804)
[2024.05.18-22.10.34:862][612]LogModuleManager: Shutting down and abandoning module AvfMediaEditor (802)
[2024.05.18-22.10.34:862][612]LogModuleManager: Shutting down and abandoning module AndroidMediaFactory (800)
[2024.05.18-22.10.34:862][612]LogModuleManager: Shutting down and abandoning module AndroidMediaEditor (798)
[2024.05.18-22.10.34:862][612]LogModuleManager: Shutting down and abandoning module MagicLeapMediaCodecFactory (796)
[2024.05.18-22.10.34:862][612]LogModuleManager: Shutting down and abandoning module MagicLeapMediaFactory (794)
[2024.05.18-22.10.34:862][612]LogModuleManager: Shutting down and abandoning module MagicLeapMediaEditor (792)
[2024.05.18-22.10.34:862][612]LogModuleManager: Shutting down and abandoning module PlanarCut (790)
[2024.05.18-22.10.34:862][612]LogModuleManager: Shutting down and abandoning module CharacterAI (788)
[2024.05.18-22.10.34:862][612]LogModuleManager: Shutting down and abandoning module TextureAlignMode (786)
[2024.05.18-22.10.34:862][612]LogModuleManager: Shutting down and abandoning module BspMode (784)
[2024.05.18-22.10.34:862][612]LogModuleManager: Shutting down and abandoning module GeometryMode (782)
[2024.05.18-22.10.34:863][612]LogModuleManager: Shutting down and abandoning module CameraShakePreviewer (780)
[2024.05.18-22.10.34:863][612]LogModuleManager: Shutting down and abandoning module SmartSnapping (778)
[2024.05.18-22.10.34:863][612]LogModuleManager: Shutting down and abandoning module SessionServices (776)
[2024.05.18-22.10.34:863][612]LogModuleManager: Shutting down and abandoning module MeshPaint (774)
[2024.05.18-22.10.34:865][612]LogModuleManager: Shutting down and abandoning module VirtualTexturingEditor (772)
[2024.05.18-22.10.34:865][612]LogModuleManager: Shutting down and abandoning module FoliageEdit (770)
[2024.05.18-22.10.34:865][612]LogModuleManager: Shutting down and abandoning module LandscapeEditor (768)
[2024.05.18-22.10.34:868][612]LogModuleManager: Shutting down and abandoning module MeshPaintMode (766)
[2024.05.18-22.10.34:868][612]LogModuleManager: Shutting down and abandoning module SceneDepthPickerMode (764)
[2024.05.18-22.10.34:868][612]LogModuleManager: Shutting down and abandoning module ActorPickerMode (762)
[2024.05.18-22.10.34:868][612]LogModuleManager: Shutting down and abandoning module PlacementMode (760)
[2024.05.18-22.10.34:868][612]LogModuleManager: Shutting down and abandoning module ViewportSnapping (758)
[2024.05.18-22.10.34:868][612]LogModuleManager: Shutting down and abandoning module ViewportInteraction (756)
[2024.05.18-22.10.34:868][612]LogModuleManager: Shutting down and abandoning module ClothPainter (754)
[2024.05.18-22.10.34:869][612]LogModuleManager: Shutting down and abandoning module SkeletalMeshEditor (753)
[2024.05.18-22.10.34:871][612]LogModuleManager: Shutting down and abandoning module LogVisualizer (750)
[2024.05.18-22.10.34:873][612]LogModuleManager: Shutting down and abandoning module IntroTutorials (748)
[2024.05.18-22.10.34:873][612]LogModuleManager: Shutting down and abandoning module GameProjectGeneration (747)
[2024.05.18-22.10.34:875][612]LogModuleManager: Shutting down and abandoning module LuminPlatformEditor (744)
[2024.05.18-22.10.34:875][612]LogModuleManager: Shutting down and abandoning module IOSPlatformEditor (742)
[2024.05.18-22.10.34:875][612]LogModuleManager: Shutting down and abandoning module AndroidPlatformEditor (740)
[2024.05.18-22.10.34:875][612]LogModuleManager: Shutting down and abandoning module AndroidDeviceDetection (739)
[2024.05.18-22.10.36:294][612]LogModuleManager: Shutting down and abandoning module WindowsPlatformEditor (736)
[2024.05.18-22.10.36:294][612]LogModuleManager: Shutting down and abandoning module LuminRuntimeSettings (734)
[2024.05.18-22.10.36:294][612]LogModuleManager: Shutting down and abandoning module IOSRuntimeSettings (732)
[2024.05.18-22.10.36:294][612]LogModuleManager: Shutting down and abandoning module AndroidRuntimeSettings (730)
[2024.05.18-22.10.36:294][612]LogModuleManager: Shutting down and abandoning module TraceInsights (728)
[2024.05.18-22.10.36:297][612]MemoryProfiler: Shutdown
[2024.05.18-22.10.36:297][612]NetworkingProfiler: Shutdown
[2024.05.18-22.10.36:297][612]LoadingProfiler: Shutdown
[2024.05.18-22.10.36:298][612]TimingProfiler: Shutdown
[2024.05.18-22.10.36:299][612]LogModuleManager: Shutting down and abandoning module TraceServices (727)
[2024.05.18-22.10.36:301][612]LogModuleManager: Shutting down and abandoning module EditorInteractiveToolsFramework (724)
[2024.05.18-22.10.36:301][612]LogModuleManager: Shutting down and abandoning module TimeManagementEditor (722)
[2024.05.18-22.10.36:301][612]LogModuleManager: Shutting down and abandoning module InputBindingEditor (720)
[2024.05.18-22.10.36:301][612]LogModuleManager: Shutting down and abandoning module MergeActors (718)
[2024.05.18-22.10.36:302][612]LogModuleManager: Shutting down and abandoning module LocalizationDashboard (716)
[2024.05.18-22.10.36:302][612]LogModuleManager: Shutting down and abandoning module LocalizationService (715)
[2024.05.18-22.10.36:303][612]LogModuleManager: Shutting down and abandoning module HardwareTargeting (712)
[2024.05.18-22.10.36:303][612]LogModuleManager: Shutting down and abandoning module DeviceProfileEditor (710)
[2024.05.18-22.10.36:303][612]LogModuleManager: Shutting down and abandoning module UndoHistory (708)
[2024.05.18-22.10.36:304][612]LogModuleManager: Shutting down and abandoning module XmlParser (706)
[2024.05.18-22.10.36:304][612]LogModuleManager: Shutting down and abandoning module Blutility (704)
[2024.05.18-22.10.36:304][612]LogModuleManager: Shutting down and abandoning module ProjectSettingsViewer (702)
[2024.05.18-22.10.36:305][612]LogModuleManager: Shutting down and abandoning module ProjectTargetPlatformEditor (701)
[2024.05.18-22.10.36:305][612]LogModuleManager: Shutting down and abandoning module EditorSettingsViewer (698)
[2024.05.18-22.10.36:305][612]LogModuleManager: Shutting down and abandoning module InternationalizationSettings (697)
[2024.05.18-22.10.36:305][612]LogModuleManager: Shutting down and abandoning module SettingsEditor (694)
[2024.05.18-22.10.36:306][612]LogModuleManager: Shutting down and abandoning module ProjectLauncher (692)
[2024.05.18-22.10.36:307][612]LogModuleManager: Shutting down and abandoning module SessionFrontend (690)
[2024.05.18-22.10.36:307][612]LogModuleManager: Shutting down and abandoning module ProfilerClient (688)
[2024.05.18-22.10.36:308][612]LogModuleManager: Shutting down and abandoning module DeviceManager (686)
[2024.05.18-22.10.36:308][612]LogModuleManager: Shutting down and abandoning module TargetDeviceServices (685)
[2024.05.18-22.10.36:343][612]LogModuleManager: Shutting down and abandoning module AutomationController (682)
[2024.05.18-22.10.36:343][612]LogModuleManager: Shutting down and abandoning module AutomationWindow (680)
[2024.05.18-22.10.36:343][612]LogModuleManager: Shutting down and abandoning module Layers (678)
[2024.05.18-22.10.36:346][612]LogModuleManager: Shutting down and abandoning module ComponentVisualizers (676)
[2024.05.18-22.10.36:346][612]LogModuleManager: Shutting down and abandoning module DetailCustomizations (674)
[2024.05.18-22.10.36:346][612]LogModuleManager: Shutting down and abandoning module PackagesDialog (672)
[2024.05.18-22.10.36:347][612]LogModuleManager: Shutting down and abandoning module AnimationBlueprintEditor (670)
[2024.05.18-22.10.36:348][612]LogModuleManager: Shutting down and abandoning module Persona (668)
[2024.05.18-22.10.36:349][612]LogModuleManager: Shutting down and abandoning module AdvancedPreviewScene (667)
[2024.05.18-22.10.36:349][612]LogModuleManager: Shutting down and abandoning module AnimGraph (665)
[2024.05.18-22.10.36:349][612]LogModuleManager: Shutting down and abandoning module Kismet (662)
[2024.05.18-22.10.36:370][612]LogModuleManager: Shutting down and abandoning module KismetWidgets (661)
[2024.05.18-22.10.36:370][612]LogModuleManager: Shutting down and abandoning module GraphEditor (658)
[2024.05.18-22.10.36:370][612]LogModuleManager: Shutting down and abandoning module StructViewer (656)
[2024.05.18-22.10.36:371][612]LogModuleManager: Shutting down and abandoning module ClassViewer (654)
[2024.05.18-22.10.36:371][612]LogModuleManager: Shutting down and abandoning module Toolbox (652)
[2024.05.18-22.10.36:371][612]LogModuleManager: Shutting down and abandoning module ModuleUI (650)
[2024.05.18-22.10.36:372][612]LogModuleManager: Shutting down and abandoning module OutputLog (648)
[2024.05.18-22.10.36:375][612]LogModuleManager: Shutting down and abandoning module GammaUI (646)
[2024.05.18-22.10.36:375][612]LogModuleManager: Shutting down and abandoning module Documentation (644)
[2024.05.18-22.10.36:375][612]LogModuleManager: Shutting down and abandoning module LiveCoding (642)
[2024.05.18-22.10.36:375][612]LogModuleManager: Shutting down and abandoning module LevelSequence (640)
[2024.05.18-22.10.36:377][612]LogModuleManager: Shutting down and abandoning module MovieSceneTracks (638)
[2024.05.18-22.10.36:377][612]LogModuleManager: Shutting down and abandoning module MovieScene (636)
[2024.05.18-22.10.36:378][612]LogModuleManager: Shutting down and abandoning module StreamingPauseRendering (634)
[2024.05.18-22.10.36:378][612]LogModuleManager: Shutting down and abandoning module LauncherPlatform (632)
[2024.05.18-22.10.36:378][612]LogModuleManager: Shutting down and abandoning module AnalyticsET (630)
[2024.05.18-22.10.36:378][612]LogModuleManager: Shutting down and abandoning module PortalServices (628)
[2024.05.18-22.10.36:378][612]LogModuleManager: Shutting down and abandoning module PortalRpc (626)
[2024.05.18-22.10.36:378][612]LogModuleManager: Shutting down and abandoning module MessagingRpc (624)
[2024.05.18-22.10.36:378][612]LogModuleManager: Shutting down and abandoning module AudioMixerXAudio2 (622)
[2024.05.18-22.10.36:378][612]LogModuleManager: Shutting down and abandoning module AudioMixerCore (621)
[2024.05.18-22.10.36:378][612]LogModuleManager: Shutting down and abandoning module AIModule (618)
[2024.05.18-22.10.36:380][612]LogModuleManager: Shutting down and abandoning module GameplayDebugger (617)
[2024.05.18-22.10.36:380][612]LogModuleManager: Shutting down and abandoning module AITestSuite (615)
[2024.05.18-22.10.36:380][612]LogModuleManager: Shutting down and abandoning module NavigationSystem (613)
[2024.05.18-22.10.36:380][612]LogModuleManager: Shutting down and abandoning module ImageWriteQueue (610)
[2024.05.18-22.10.36:391][612]LogModuleManager: Shutting down and abandoning module ProfilerService (608)
[2024.05.18-22.10.36:441][612]LogModuleManager: Shutting down and abandoning module TaskGraph (606)
[2024.05.18-22.10.36:441][612]LogModuleManager: Shutting down and abandoning module AudioSynesthesiaEditor (604)
[2024.05.18-22.10.36:441][612]LogModuleManager: Shutting down and abandoning module OculusEditor (602)
[2024.05.18-22.10.36:445][612]LogModuleManager: Shutting down and abandoning module OculusInput (600)
[2024.05.18-22.10.36:445][612]LogModuleManager: Shutting down and abandoning module ContentBrowserFileDataSource (598)
[2024.05.18-22.10.36:445][612]LogModuleManager: Shutting down and abandoning module ContentBrowserClassDataSource (596)
[2024.05.18-22.10.36:445][612]LogModuleManager: Shutting down and abandoning module ContentBrowserAssetDataSource (594)
[2024.05.18-22.10.36:445][612]LogModuleManager: Shutting down and abandoning module CollectionManager (593)
[2024.05.18-22.10.36:447][612]LogModuleManager: Shutting down and abandoning module TakeSequencer (590)
[2024.05.18-22.10.36:447][612]LogModuleManager: Shutting down and abandoning module TakeMovieScene (588)
[2024.05.18-22.10.36:447][612]LogModuleManager: Shutting down and abandoning module ScreenshotTools (586)
[2024.05.18-22.10.36:447][612]LogModuleManager: Shutting down and abandoning module SynthesisEditor (584)
[2024.05.18-22.10.36:447][612]LogModuleManager: Shutting down and abandoning module Synthesis (582)
[2024.05.18-22.10.36:448][612]LogModuleManager: Shutting down and abandoning module ProceduralMeshComponentEditor (580)
[2024.05.18-22.10.36:448][612]LogModuleManager: Shutting down and abandoning module ProceduralMeshComponent (578)
[2024.05.18-22.10.36:448][612]LogModuleManager: Shutting down and abandoning module OpenXREditor (576)
[2024.05.18-22.10.36:448][612]LogModuleManager: Shutting down and abandoning module MobilePatchingUtils (574)
[2024.05.18-22.10.36:448][612]LogModuleManager: Shutting down and abandoning module GooglePAD (572)
[2024.05.18-22.10.36:448][612]LogModuleManager: Shutting down and abandoning module EditableMesh (570)
[2024.05.18-22.10.36:449][612]LogModuleManager: Shutting down and abandoning module CustomMeshComponent (568)
[2024.05.18-22.10.36:449][612]LogModuleManager: Shutting down and abandoning module CableComponent (566)
[2024.05.18-22.10.36:449][612]LogModuleManager: Shutting down and abandoning module AudioCapture (564)
[2024.05.18-22.10.36:449][612]LogModuleManager: Shutting down and abandoning module AudioCaptureRtAudio (563)
[2024.05.18-22.10.36:449][612]LogModuleManager: Shutting down and abandoning module AssetTags (560)
[2024.05.18-22.10.36:449][612]LogModuleManager: Shutting down and abandoning module ArchVisCharacter (558)
[2024.05.18-22.10.36:449][612]LogModuleManager: Shutting down and abandoning module AppleImageUtilsBlueprintSupport (556)
[2024.05.18-22.10.36:449][612]LogModuleManager: Shutting down and abandoning module AppleImageUtils (554)
[2024.05.18-22.10.36:449][612]LogModuleManager: Shutting down and abandoning module AndroidPermission (552)
[2024.05.18-22.10.36:449][612]LogModuleManager: Shutting down and abandoning module ActorLayerUtilitiesEditor (550)
[2024.05.18-22.10.36:449][612]LogModuleManager: Shutting down and abandoning module ActorLayerUtilities (548)
[2024.05.18-22.10.36:449][612]LogModuleManager: Shutting down and abandoning module TemplateSequence (546)
[2024.05.18-22.10.36:450][612]LogModuleManager: Shutting down and abandoning module MediaCompositing (544)
[2024.05.18-22.10.36:450][612]LogModuleManager: Shutting down and abandoning module ImgMedia (542)
[2024.05.18-22.10.36:450][612]LogModuleManager: Shutting down and abandoning module MagicLeapSharedWorld (540)
[2024.05.18-22.10.36:450][612]LogModuleManager: Shutting down and abandoning module MagicLeapLightEstimation (538)
[2024.05.18-22.10.36:450][612]LogModuleManager: Shutting down and abandoning module MagicLeapHelperVulkan (536)
[2024.05.18-22.10.36:450][612]LogModuleManager: Shutting down and abandoning module MagicLeapHelperOpenGL (534)
[2024.05.18-22.10.36:450][612]LogModuleManager: Shutting down and abandoning module MagicLeapAudio (532)
[2024.05.18-22.10.36:450][612]LogModuleManager: Shutting down and abandoning module NiagaraEditorWidgets (530)
[2024.05.18-22.10.36:453][612]LogModuleManager: Shutting down and abandoning module OpenImageDenoise (528)
[2024.05.18-22.10.36:453][612]LogOpenImageDenoise: OIDN shutting down
[2024.05.18-22.10.36:453][612]LogModuleManager: Shutting down and abandoning module MotoSynthEditor (526)
[2024.05.18-22.10.36:453][612]LogModuleManager: Shutting down and abandoning module MotoSynth (524)
[2024.05.18-22.10.36:453][612]LogModuleManager: Shutting down and abandoning module MeshConversion (522)
[2024.05.18-22.10.36:454][612]LogModuleManager: Shutting down and abandoning module DynamicMesh (520)
[2024.05.18-22.10.36:454][612]LogModuleManager: Shutting down and abandoning module GeometryAlgorithms (518)
[2024.05.18-22.10.36:454][612]LogModuleManager: Shutting down and abandoning module GeometricObjects (516)
[2024.05.18-22.10.36:455][612]LogModuleManager: Shutting down and abandoning module GeometryCollectionTracks (514)
[2024.05.18-22.10.36:455][612]LogModuleManager: Shutting down and abandoning module GeometryCollectionSequencer (513)
[2024.05.18-22.10.36:455][612]LogModuleManager: Shutting down and abandoning module GeometryCollectionEditor (510)
[2024.05.18-22.10.36:455][612]LogModuleManager: Shutting down and abandoning module GeometryCacheTracks (508)
[2024.05.18-22.10.36:455][612]LogModuleManager: Shutting down and abandoning module GeometryCacheStreamer (506)
[2024.05.18-22.10.36:455][612]LogModuleManager: Shutting down and abandoning module GeometryCacheSequencer (504)
[2024.05.18-22.10.36:455][612]LogModuleManager: Shutting down and abandoning module ChaosNiagara (502)
[2024.05.18-22.10.36:456][612]LogModuleManager: Shutting down and abandoning module ChaosSolverEditor (500)
[2024.05.18-22.10.36:456][612]LogModuleManager: Shutting down and abandoning module FractureEditor (498)
[2024.05.18-22.10.36:456][612]LogModuleManager: Shutting down and abandoning module FieldSystemEngine (497)
[2024.05.18-22.10.36:456][612]LogModuleManager: Shutting down and abandoning module ChaosClothEditor (494)
[2024.05.18-22.10.36:457][612]LogModuleManager: Shutting down and abandoning module BackChannel (492)
[2024.05.18-22.10.36:457][612]LogModuleManager: Shutting down and abandoning module AutomationUtilsEditor (490)
[2024.05.18-22.10.36:457][612]LogModuleManager: Shutting down and abandoning module AutomationUtils (488)
[2024.05.18-22.10.36:457][612]LogModuleManager: Shutting down and abandoning module AlembicImporter (486)
[2024.05.18-22.10.36:457][612]LogModuleManager: Shutting down and abandoning module AlembicLibrary (485)
[2024.05.18-22.10.36:457][612]LogModuleManager: Shutting down and abandoning module GeometryCache (484)
[2024.05.18-22.10.36:457][612]LogModuleManager: Shutting down and abandoning module GeometryCacheEd (483)
[2024.05.18-22.10.36:457][612]LogModuleManager: Shutting down and abandoning module VariantManagerContentEditor (478)
[2024.05.18-22.10.36:457][612]LogModuleManager: Shutting down and abandoning module VisualStudioSourceCodeAccess (476)
[2024.05.18-22.10.36:457][612]LogModuleManager: Shutting down and abandoning module VisualStudioCodeSourceCodeAccess (474)
[2024.05.18-22.10.36:458][612]LogModuleManager: Shutting down and abandoning module DatasmithContentEditor (472)
[2024.05.18-22.10.36:458][612]LogModuleManager: Shutting down and abandoning module UObjectPlugin (470)
[2024.05.18-22.10.36:458][612]LogModuleManager: Shutting down and abandoning module SubversionSourceControl (468)
[2024.05.18-22.10.36:459][612]LogModuleManager: Shutting down and abandoning module RiderSourceCodeAccess (466)
[2024.05.18-22.10.36:459][612]LogModuleManager: Shutting down and abandoning module PlasticSourceControl (464)
[2024.05.18-22.10.36:460][612]LogModuleManager: Shutting down and abandoning module PluginUtils (462)
[2024.05.18-22.10.36:460][612]LogModuleManager: Shutting down and abandoning module PerforceSourceControl (460)
[2024.05.18-22.10.36:461][612]LogModuleManager: Shutting down and abandoning module GitSourceControl (458)
[2024.05.18-22.10.36:463][612]LogModuleManager: Shutting down and abandoning module SourceControl (457)
[2024.05.18-22.10.36:466][612]LogModuleManager: Shutting down and abandoning module AnimationSharingEd (454)
[2024.05.18-22.10.36:466][612]LogModuleManager: Shutting down and abandoning module CLionSourceCodeAccess (452)
[2024.05.18-22.10.36:466][612]LogModuleManager: Shutting down and abandoning module SpeedTreeImporter (450)
[2024.05.18-22.10.36:466][612]LogModuleManager: Shutting down and abandoning module PluginBrowser (448)
[2024.05.18-22.10.36:466][612]LogModuleManager: Shutting down and abandoning module MobileLauncherProfileWizard (446)
[2024.05.18-22.10.36:467][612]LogModuleManager: Shutting down and abandoning module MaterialAnalyzer (444)
[2024.05.18-22.10.36:467][612]LogModuleManager: Shutting down and abandoning module CurveEditorTools (442)
[2024.05.18-22.10.36:469][612]LogModuleManager: Shutting down and abandoning module CryptoKeysOpenSSL (440)
[2024.05.18-22.10.36:469][612]LogModuleManager: Shutting down and abandoning module CryptoKeys (438)
[2024.05.18-22.10.36:469][612]LogModuleManager: Shutting down and abandoning module OodleNetworkHandlerComponent (436)
[2024.05.18-22.10.36:469][612]LogModuleManager: Shutting down and abandoning module LightPropagationVolumeEditor (434)
[2024.05.18-22.10.36:469][612]LogModuleManager: Shutting down and abandoning module LiveLinkSequencer (432)
[2024.05.18-22.10.36:469][612]LogModuleManager: Shutting down and abandoning module LiveLinkMovieScene (430)
[2024.05.18-22.10.36:469][612]LogModuleManager: Shutting down and abandoning module LiveLinkGraphNode (428)
[2024.05.18-22.10.36:469][612]LogModuleManager: Shutting down and abandoning module LiveLinkEditor (426)
[2024.05.18-22.10.36:469][612]LogModuleManager: Shutting down and abandoning module LiveLinkComponents (424)
[2024.05.18-22.10.36:469][612]LogModuleManager: Shutting down and abandoning module LiveLink (422)
[2024.05.18-22.10.36:556][612]LogModuleManager: Shutting down and abandoning module PaperTiledImporter (420)
[2024.05.18-22.10.36:556][612]LogModuleManager: Shutting down and abandoning module PaperSpriteSheetImporter (418)
[2024.05.18-22.10.36:557][612]LogModuleManager: Shutting down and abandoning module Paper2DEditor (416)
[2024.05.18-22.10.36:558][612]LogModuleManager: Shutting down and abandoning module MeshPaintingToolset (414)
[2024.05.18-22.10.36:558][612]LogModuleManager: Shutting down and abandoning module MeshPaintEditorMode (412)
[2024.05.18-22.10.36:559][612]LogModuleManager: Shutting down and abandoning module SignificanceManager (410)
[2024.05.18-22.10.36:559][612]LogModuleManager: Shutting down and abandoning module SoundFields (408)
[2024.05.18-22.10.36:559][612]LogModuleManager: Shutting down and abandoning module RuntimePhysXCooking (406)
[2024.05.18-22.10.36:559][612]LogModuleManager: Shutting down and abandoning module PropertyAccessEditor (404)
[2024.05.18-22.10.36:559][612]LogModuleManager: Shutting down and abandoning module PhysXVehiclesEditor (402)
[2024.05.18-22.10.36:559][612]LogModuleManager: Shutting down and abandoning module LocationServicesBPLibrary (398)
[2024.05.18-22.10.36:559][612]LogModuleManager: Shutting down and abandoning module AudioSynesthesia (396)
[2024.05.18-22.10.36:560][612]LogModuleManager: Shutting down and abandoning module AudioSynesthesiaCore (394)
[2024.05.18-22.10.36:560][612]LogModuleManager: Shutting down and abandoning module ActorSequence (392)
[2024.05.18-22.10.36:560][612]LogModuleManager: Shutting down and abandoning module UdpMessaging (390)
[2024.05.18-22.10.36:661][612]LogModuleManager: Shutting down and abandoning module TcpMessaging (388)
[2024.05.18-22.10.36:762][612]LogModuleManager: Shutting down and abandoning module ImgMediaEngine (386)
[2024.05.18-22.10.36:762][612]LogModuleManager: Shutting down and abandoning module MagicLeapARPin (384)
[2024.05.18-22.10.36:762][612]LogModuleManager: Shutting down and abandoning module MagicLeapHandMeshing (382)
[2024.05.18-22.10.36:762][612]LogModuleManager: Shutting down and abandoning module MagicLeapSecureStorage (380)
[2024.05.18-22.10.36:762][612]LogModuleManager: Shutting down and abandoning module MagicLeapPrivileges (378)
[2024.05.18-22.10.36:762][612]LogModuleManager: Shutting down and abandoning module MagicLeapPlanes (376)
[2024.05.18-22.10.36:763][612]LogMagicLeapPlanes: Planes tracker already destroyed.
[2024.05.18-22.10.36:763][612]LogModuleManager: Shutting down and abandoning module MagicLeapImageTracker (374)
[2024.05.18-22.10.36:763][612]LogModuleManager: Shutting down and abandoning module MagicLeapIdentity (372)
[2024.05.18-22.10.36:763][612]LogModuleManager: Shutting down and abandoning module MagicLeapHandTracking (370)
[2024.05.18-22.10.36:763][612]LogModuleManager: Shutting down and abandoning module MagicLeapEyeTracker (368)
[2024.05.18-22.10.36:763][612]LogModuleManager: Shutting down and abandoning module MagicLeapController (366)
[2024.05.18-22.10.36:764][612]LogModuleManager: Shutting down and abandoning module MagicLeapARPinImpl (364)
[2024.05.18-22.10.36:764][612]LogModuleManager: Shutting down and abandoning module MagicLeapAR (362)
[2024.05.18-22.10.36:764][612]LogModuleManager: Shutting down and abandoning module NiagaraAnimNotifies (360)
[2024.05.18-22.10.36:764][612]LogModuleManager: Shutting down and abandoning module Niagara (358)
[2024.05.18-22.10.36:765][612]LogModuleManager: Shutting down and abandoning module SignalProcessing (357)
[2024.05.18-22.10.36:765][612]LogModuleManager: Shutting down and abandoning module NiagaraEditor (355)
[2024.05.18-22.10.36:767][612]LogModuleManager: Shutting down and abandoning module NiagaraCore (352)
[2024.05.18-22.10.36:767][612]LogModuleManager: Shutting down and abandoning module PythonScriptPlugin (350)
[2024.05.18-22.10.36:767][612]LogModuleManager: Shutting down and abandoning module PropertyAccessNode (348)
[2024.05.18-22.10.36:767][612]LogModuleManager: Shutting down and abandoning module AnimationSharing (346)
[2024.05.18-22.10.36:767][612]LogModuleManager: Shutting down and abandoning module GameplayTagsEditor (344)
[2024.05.18-22.10.36:768][612]LogModuleManager: Shutting down and abandoning module FacialAnimationEditor (342)
[2024.05.18-22.10.36:768][612]LogModuleManager: Shutting down and abandoning module FacialAnimation (340)
[2024.05.18-22.10.36:768][612]LogModuleManager: Shutting down and abandoning module DataValidation (338)
[2024.05.18-22.10.36:768][612]LogModuleManager: Shutting down and abandoning module AssetManagerEditor (336)
[2024.05.18-22.10.36:768][612]LogModuleManager: Shutting down and abandoning module LevelEditor (335)
[2024.05.18-22.10.36:775][612]LogModuleManager: Shutting down and abandoning module PixelInspectorModule (334)
[2024.05.18-22.10.36:776][612]LogModuleManager: Shutting down and abandoning module CommonMenuExtensions (332)
[2024.05.18-22.10.36:776][612]LogModuleManager: Shutting down and abandoning module MainFrame (330)
[2024.05.18-22.10.36:776][612]LogModuleManager: Shutting down and abandoning module HotReload (329)
[2024.05.18-22.10.36:778][612]LogModuleManager: Shutting down and abandoning module ToolMenus (325)
[2024.05.18-22.10.36:778][612]LogModuleManager: Shutting down and abandoning module ContentBrowser (323)
[2024.05.18-22.10.36:778][612]LogModuleManager: Shutting down and abandoning module ContentBrowserData (322)
[2024.05.18-22.10.36:778][612]LogModuleManager: Shutting down and abandoning module TreeMap (319)
[2024.05.18-22.10.36:778][612]LogModuleManager: Shutting down and abandoning module GameplayCameras (316)
[2024.05.18-22.10.36:778][612]LogModuleManager: Shutting down and abandoning module LightPropagationVolumeRuntime (314)
[2024.05.18-22.10.36:778][612]LogModuleManager: Shutting down and abandoning module EnvironmentQueryEditor (312)
[2024.05.18-22.10.36:779][612]LogModuleManager: Shutting down and abandoning module Paper2D (310)
[2024.05.18-22.10.36:779][612]LogModuleManager: Shutting down and abandoning module WindowsMoviePlayer (308)
[2024.05.18-22.10.36:800][612]LogModuleManager: Shutting down and abandoning module WebMMoviePlayer (306)
[2024.05.18-22.10.36:800][612]LogModuleManager: Shutting down and abandoning module NetworkReplayStreaming (304)
[2024.05.18-22.10.36:800][612]LogModuleManager: Shutting down and abandoning module PacketHandler (302)
[2024.05.18-22.10.36:800][612]LogModuleManager: Shutting down and abandoning module ClothingSystemEditor (300)
[2024.05.18-22.10.36:800][612]LogModuleManager: Shutting down and abandoning module ClothingSystemRuntimeNv (298)
[2024.05.18-22.10.36:800][612]LogModuleManager: Shutting down and abandoning module MediaAssets (296)
[2024.05.18-22.10.36:800][612]LogModuleManager: Shutting down and abandoning module Overlay (294)
[2024.05.18-22.10.36:802][612]LogModuleManager: Shutting down and abandoning module OverlayEditor (293)
[2024.05.18-22.10.36:802][612]LogModuleManager: Shutting down and abandoning module VREditor (290)
[2024.05.18-22.10.36:802][612]LogModuleManager: Shutting down and abandoning module StringTableEditor (288)
[2024.05.18-22.10.36:803][612]LogModuleManager: Shutting down and abandoning module GameplayTasksEditor (286)
[2024.05.18-22.10.36:803][612]LogModuleManager: Shutting down and abandoning module BehaviorTreeEditor (284)
[2024.05.18-22.10.36:804][612]LogModuleManager: Shutting down and abandoning module FunctionalTesting (282)
[2024.05.18-22.10.36:804][612]LogModuleManager: Shutting down and abandoning module CollisionAnalyzer (280)
[2024.05.18-22.10.36:805][612]LogModuleManager: Shutting down and abandoning module WorkspaceMenuStructure (279)
[2024.05.18-22.10.36:805][612]LogModuleManager: Shutting down and abandoning module UMG (276)
[2024.05.18-22.10.36:805][612]LogModuleManager: Shutting down and abandoning module UMGEditor (275)
[2024.05.18-22.10.36:806][612]LogModuleManager: Shutting down and abandoning module MessageLog (273)
[2024.05.18-22.10.36:806][612]LogModuleManager: Shutting down and abandoning module SlateReflector (268)
[2024.05.18-22.10.36:808][612]LogModuleManager: Shutting down and abandoning module Slate (266)
[2024.05.18-22.10.36:808][612]LogModuleManager: Shutting down and abandoning module SlateCore (264)
[2024.05.18-22.10.36:809][612]LogModuleManager: Shutting down and abandoning module LandscapeEditorUtilities (262)
[2024.05.18-22.10.36:809][612]LogModuleManager: Shutting down and abandoning module UnrealEd (260)
[2024.05.18-22.10.36:809][612]LogModuleManager: Shutting down and abandoning module MRMesh (258)
[2024.05.18-22.10.36:809][612]LogModuleManager: Shutting down and abandoning module SourceCodeAccess (256)
[2024.05.18-22.10.36:809][612]LogModuleManager: Shutting down and abandoning module HeadMountedDisplay (254)
[2024.05.18-22.10.36:809][612]LogModuleManager: Shutting down and abandoning module XAudio2 (252)
[2024.05.18-22.10.36:810][612]LogModuleManager: Shutting down and abandoning module Networking (250)
[2024.05.18-22.10.36:810][612]LogModuleManager: Shutting down and abandoning module Core (248)
[2024.05.18-22.10.36:810][612]LogModuleManager: Shutting down and abandoning module MaterialEditor (246)
[2024.05.18-22.10.36:811][612]LogModuleManager: Shutting down and abandoning module MovieSceneTools (244)
[2024.05.18-22.10.36:812][612]LogModuleManager: Shutting down and abandoning module CurveEditor (243)
[2024.05.18-22.10.36:813][612]LogModuleManager: Shutting down and abandoning module Sequencer (241)
[2024.05.18-22.10.36:815][612]LogModuleManager: Shutting down and abandoning module EditorStyle (240)
[2024.05.18-22.10.36:818][612]LogModuleManager: Shutting down and abandoning module KismetCompiler (236)
[2024.05.18-22.10.36:818][612]LogModuleManager: Shutting down and abandoning module MeshBuilder (234)
[2024.05.18-22.10.36:818][612]LogModuleManager: Shutting down and abandoning module MeshUtilities (232)
[2024.05.18-22.10.36:819][612]LogModuleManager: Shutting down and abandoning module MeshMergeUtilities (231)
[2024.05.18-22.10.36:819][612]LogModuleManager: Shutting down and abandoning module MeshReductionInterface (230)
[2024.05.18-22.10.36:819][612]LogModuleManager: Shutting down and abandoning module MeshBoneReduction (229)
[2024.05.18-22.10.36:819][612]LogModuleManager: Shutting down and abandoning module SkeletalMeshReduction (227)
[2024.05.18-22.10.36:819][612]LogModuleManager: Shutting down and abandoning module ProxyLODMeshReduction (225)
[2024.05.18-22.10.36:821][612]LogModuleManager: Shutting down and abandoning module QuadricMeshReduction (223)
[2024.05.18-22.10.36:822][612]LogModuleManager: Shutting down and abandoning module MaterialBaking (219)
[2024.05.18-22.10.36:822][612]LogModuleManager: Shutting down and abandoning module NullInstallBundleManager (214)
[2024.05.18-22.10.36:822][612]LogModuleManager: Shutting down and abandoning module DerivedDataCache (212)
[2024.05.18-22.10.36:823][612]LogModuleManager: Shutting down and abandoning module TargetPlatform (210)
[2024.05.18-22.10.36:824][612]LogModuleManager: Shutting down and abandoning module VulkanShaderFormat (209)
[2024.05.18-22.10.36:826][612]LogModuleManager: Shutting down and abandoning module ShaderFormatVectorVM (207)
[2024.05.18-22.10.36:827][612]LogModuleManager: Shutting down and abandoning module ShaderFormatOpenGL (205)
[2024.05.18-22.10.36:827][612]LogModuleManager: Shutting down and abandoning module ShaderFormatD3D (203)
[2024.05.18-22.10.36:828][612]LogModuleManager: Shutting down and abandoning module MetalShaderFormat (201)
[2024.05.18-22.10.36:828][612]LogModuleManager: Shutting down and abandoning module TextureFormatOodle (199)
[2024.05.18-22.10.36:828][612]LogModuleManager: Shutting down and abandoning module TextureFormatUncompressed (197)
[2024.05.18-22.10.36:828][612]LogModuleManager: Shutting down and abandoning module TextureFormatPVR (195)
[2024.05.18-22.10.36:828][612]LogModuleManager: Shutting down and abandoning module TextureFormatETC2 (193)
[2024.05.18-22.10.36:828][612]LogModuleManager: Shutting down and abandoning module TextureFormatDXT (191)
[2024.05.18-22.10.36:829][612]LogModuleManager: Shutting down and abandoning module TextureFormatIntelISPCTexComp (189)
[2024.05.18-22.10.36:829][612]LogModuleManager: Shutting down and abandoning module TextureFormatASTC (187)
[2024.05.18-22.10.36:829][612]LogModuleManager: Shutting down and abandoning module ImageWrapper (186)
[2024.05.18-22.10.36:829][612]LogModuleManager: Shutting down and abandoning module AudioFormatOpus (183)
[2024.05.18-22.10.36:829][612]LogModuleManager: Shutting down and abandoning module AudioFormatOgg (181)
[2024.05.18-22.10.36:829][612]LogModuleManager: Shutting down and abandoning module AudioFormatADPCM (179)
[2024.05.18-22.10.36:829][612]LogModuleManager: Shutting down and abandoning module WindowsServerTargetPlatform (177)
[2024.05.18-22.10.36:829][612]LogModuleManager: Shutting down and abandoning module WindowsClientTargetPlatform (175)
[2024.05.18-22.10.36:829][612]LogModuleManager: Shutting down and abandoning module WindowsTargetPlatform (173)
[2024.05.18-22.10.36:830][612]LogModuleManager: Shutting down and abandoning module WindowsNoEditorTargetPlatform (171)
[2024.05.18-22.10.36:830][612]LogModuleManager: Shutting down and abandoning module TVOSTargetPlatform (169)
[2024.05.18-22.10.36:840][612]LogModuleManager: Shutting down and abandoning module MacServerTargetPlatform (167)
[2024.05.18-22.10.36:840][612]LogModuleManager: Shutting down and abandoning module MacClientTargetPlatform (165)
[2024.05.18-22.10.36:840][612]LogModuleManager: Shutting down and abandoning module MacTargetPlatform (163)
[2024.05.18-22.10.36:840][612]LogModuleManager: Shutting down and abandoning module MacNoEditorTargetPlatform (161)
[2024.05.18-22.10.36:840][612]LogModuleManager: Shutting down and abandoning module LuminTargetPlatform (159)
[2024.05.18-22.10.36:868][612]LogModuleManager: Shutting down and abandoning module LinuxAArch64ServerTargetPlatform (157)
[2024.05.18-22.10.36:868][612]LogModuleManager: Shutting down and abandoning module LinuxAArch64ClientTargetPlatform (155)
[2024.05.18-22.10.36:868][612]LogModuleManager: Shutting down and abandoning module LinuxAArch64NoEditorTargetPlatform (153)
[2024.05.18-22.10.36:868][612]LogModuleManager: Shutting down and abandoning module LinuxServerTargetPlatform (151)
[2024.05.18-22.10.36:868][612]LogModuleManager: Shutting down and abandoning module LinuxClientTargetPlatform (149)
[2024.05.18-22.10.36:868][612]LogModuleManager: Shutting down and abandoning module LinuxNoEditorTargetPlatform (147)
[2024.05.18-22.10.36:868][612]LogModuleManager: Shutting down and abandoning module LinuxTargetPlatform (145)
[2024.05.18-22.10.36:868][612]LogModuleManager: Shutting down and abandoning module Messaging (143)
[2024.05.18-22.10.36:868][612]LogModuleManager: Shutting down and abandoning module IOSTargetPlatform (141)
[2024.05.18-22.10.36:875][612]LogModuleManager: Shutting down and abandoning module AndroidTargetPlatform (139)
[2024.05.18-22.10.36:901][612]LogModuleManager: Shutting down and abandoning module AllDesktopTargetPlatform (137)
[2024.05.18-22.10.36:901][612]LogModuleManager: Shutting down and abandoning module D3D11RHI (134)
[2024.05.18-22.10.36:901][612]LogModuleManager: Shutting down and abandoning module InputCore (132)
[2024.05.18-22.10.36:901][612]LogModuleManager: Shutting down and abandoning module Settings (130)
[2024.05.18-22.10.36:902][612]LogModuleManager: Shutting down and abandoning module DirectoryWatcher (128)
[2024.05.18-22.10.36:905][612]LogModuleManager: Shutting down and abandoning module PhysXCooking (126)
[2024.05.18-22.10.36:905][612]LogModuleManager: Shutting down and abandoning module Chaos (124)
[2024.05.18-22.10.36:905][612]LogModuleManager: Shutting down and abandoning module WindowsPlatformFeatures (122)
[2024.05.18-22.10.36:906][612]LogModuleManager: Shutting down and abandoning module GameplayMediaEncoder (121)
[2024.05.18-22.10.36:906][612]LogModuleManager: Shutting down and abandoning module AVEncoder (120)
[2024.05.18-22.10.36:907][612]LogModuleManager: Shutting down and abandoning module SteamVRInputDevice (116)
[2024.05.18-22.10.36:907][612]LogModuleManager: Shutting down and abandoning module SteamVRInput (114)
[2024.05.18-22.10.36:907][612]LogModuleManager: Shutting down and abandoning module SteamVR (112)
[2024.05.18-22.10.36:907][612]LogHMD: Freeing OpenVRDLLHandle.
[2024.05.18-22.10.36:907][612]LogModuleManager: Shutting down and abandoning module OculusHMD (110)
[2024.05.18-22.10.36:908][612]LogModuleManager: Shutting down and abandoning module OpenXRAR (108)
[2024.05.18-22.10.36:908][612]LogModuleManager: Shutting down and abandoning module AugmentedReality (107)
[2024.05.18-22.10.36:908][612]LogModuleManager: Shutting down and abandoning module OpenXRHandTracking (104)
[2024.05.18-22.10.36:909][612]LogSlate: Slate User Destroyed.  User Index 0, Is Virtual User: 0
[2024.05.18-22.10.36:910][612]LogModuleManager: Shutting down and abandoning module OpenXRHMD (103)
[2024.05.18-22.10.36:916][612]LogModuleManager: Shutting down and abandoning module OpenXREyeTracker (100)
[2024.05.18-22.10.36:916][612]LogModuleManager: Shutting down and abandoning module ExampleDeviceProfileSelector (98)
[2024.05.18-22.10.36:916][612]LogModuleManager: Shutting down and abandoning module ChunkDownloader (96)
[2024.05.18-22.10.36:916][612]LogModuleManager: Shutting down and abandoning module LauncherChunkInstaller (94)
[2024.05.18-22.10.36:917][612]LogModuleManager: Shutting down and abandoning module OnlineBlueprintSupport (92)
[2024.05.18-22.10.36:917][612]LogModuleManager: Shutting down and abandoning module OnlineSubsystem (88)
[2024.05.18-22.10.36:920][612]LogModuleManager: Shutting down and abandoning module XMPP (83)
[2024.05.18-22.10.36:921][612]LogModuleManager: Shutting down and abandoning module WebSockets (82)
[2024.05.18-22.10.36:959][612]LogModuleManager: Shutting down and abandoning module HTTP (79)
[2024.05.18-22.10.36:960][612]LogHttp: Display: Http module shutting down, but needs to wait on 2 outstanding Http requests:
[2024.05.18-22.10.36:960][612]LogHttp: Display: 	verb=[POST] url=[https://datarouter.ol.epicgames.com/datarouter/api/v1/public/data?SessionID=%7B27114E42-4FDA-860B-3C3B-4CAF4177F369%7D&AppID=UEEditor.Rocket.Release&AppVersion=4.27.2-18319896%2B%2B%2BUE4%2BRelease-4.27&UserID=55d9737f4a5261b70343b78aadb26d49%7Cb4b4a8cd7bc84972b719eb66160aae10%7Cc8639e95-8bc5-47d3-bcfd-abc500ec7779&AppEnvironment=datacollector-binary&UploadType=eteventstream] refs=[1] status=Processing
[2024.05.18-22.10.36:960][612]LogHttp: Display: 	verb=[POST] url=[https://datarouter.ol.epicgames.com/datarouter/api/v1/public/data?SessionID=%7B27114E42-4FDA-860B-3C3B-4CAF4177F369%7D&AppID=UEEditor.Rocket.Release&AppVersion=4.27.2-18319896%2B%2B%2BUE4%2BRelease-4.27&UserID=55d9737f4a5261b70343b78aadb26d49%7Cb4b4a8cd7bc84972b719eb66160aae10%7Cc8639e95-8bc5-47d3-bcfd-abc500ec7779&AppEnvironment=datacollector-binary&UploadType=eteventstream] refs=[1] status=Processing
[2024.05.18-22.10.36:960][612]LogHttp: Display: cleaning up 2 outstanding Http requests.
[2024.05.18-22.10.36:967][612]LogModuleManager: Shutting down and abandoning module SSL (78)
[2024.05.18-22.10.36:973][612]LogModuleManager: Shutting down and abandoning module WmfMedia (74)
[2024.05.18-22.10.36:976][612]LogModuleManager: Shutting down and abandoning module Media (73)
[2024.05.18-22.10.36:978][612]LogModuleManager: Shutting down and abandoning module MediaInfo (72)
[2024.05.18-22.10.36:978][612]LogModuleManager: Shutting down and abandoning module ExrReaderGpu (68)
[2024.05.18-22.10.36:978][612]LogModuleManager: Shutting down and abandoning module MLSDK (66)
[2024.05.18-22.10.36:978][612]LogModuleManager: Shutting down and abandoning module MagicLeap (64)
[2024.05.18-22.10.36:978][612]LogModuleManager: Shutting down and abandoning module NiagaraVertexFactories (62)
[2024.05.18-22.10.36:979][612]LogModuleManager: Shutting down and abandoning module NiagaraShader (60)
[2024.05.18-22.10.36:979][612]LogModuleManager: Shutting down and abandoning module ChaosCloth (58)
[2024.05.18-22.10.36:980][612]LogModuleManager: Shutting down and abandoning module VariantManagerContent (56)
[2024.05.18-22.10.36:980][612]LogModuleManager: Shutting down and abandoning module DatasmithContent (54)
[2024.05.18-22.10.36:980][612]LogModuleManager: Shutting down and abandoning module PixWinPlugin (52)
[2024.05.18-22.10.36:980][612]LogModuleManager: Shutting down and abandoning module AISupportModule (50)
[2024.05.18-22.10.36:980][612]LogModuleManager: Shutting down and abandoning module DesktopPlatform (48)
[2024.05.18-22.10.36:981][612]LogModuleManager: Shutting down and abandoning module PythonScriptPluginPreload (46)
[2024.05.18-22.10.36:982][612]LogModuleManager: Shutting down and abandoning module PlatformCryptoOpenSSL (44)
[2024.05.18-22.10.36:982][612]LogModuleManager: Shutting down and abandoning module PlatformCryptoTypes (42)
[2024.05.18-22.10.36:982][612]LogModuleManager: Shutting down and abandoning module PlatformCrypto (40)
[2024.05.18-22.10.36:982][612]LogModuleManager: Shutting down and abandoning module OodleDataCompressionFormat (38)
[2024.05.18-22.10.36:983][612]LogModuleManager: Shutting down and abandoning module XGEController (36)
[2024.05.18-22.10.36:983][612]LogModuleManager: Shutting down and abandoning module AnimationModifiers (34)
[2024.05.18-22.10.36:984][612]LogModuleManager: Shutting down and abandoning module AudioEditor (32)
[2024.05.18-22.10.36:986][612]LogModuleManager: Shutting down and abandoning module PropertyEditor (31)
[2024.05.18-22.10.36:986][612]LogModuleManager: Shutting down and abandoning module TextureCompressor (28)
[2024.05.18-22.10.36:986][612]LogModuleManager: Shutting down and abandoning module RenderCore (26)
[2024.05.18-22.10.36:986][612]LogModuleManager: Shutting down and abandoning module Landscape (24)
[2024.05.18-22.10.36:986][612]LogModuleManager: Shutting down and abandoning module SlateRHIRenderer (22)
[2024.05.18-22.10.36:994][612]LogModuleManager: Shutting down and abandoning module AnimGraphRuntime (20)
[2024.05.18-22.10.36:995][612]LogModuleManager: Shutting down and abandoning module Renderer (18)
[2024.05.18-22.10.36:995][612]LogModuleManager: Shutting down and abandoning module Engine (16)
[2024.05.18-22.10.36:995][612]LogModuleManager: Shutting down and abandoning module CoreUObject (14)
[2024.05.18-22.10.36:995][612]LogModuleManager: Shutting down and abandoning module NetworkFile (12)
[2024.05.18-22.10.36:995][612]LogModuleManager: Shutting down and abandoning module CookedIterativeFile (10)
[2024.05.18-22.10.36:995][612]LogModuleManager: Shutting down and abandoning module StreamingFile (8)
[2024.05.18-22.10.36:996][612]LogModuleManager: Shutting down and abandoning module SandboxFile (6)
[2024.05.18-22.10.36:996][612]LogModuleManager: Shutting down and abandoning module PakFile (4)
[2024.05.18-22.10.36:996][612]LogModuleManager: Shutting down and abandoning module RSA (3)
[2024.05.18-22.10.36:997][612]LogContentStreaming: Display: There are 1 unreleased StreamingManagers
[2024.05.18-22.10.37:028][612]LogD3D11RHI: Shutdown
[2024.05.18-22.10.37:028][612]LogD3D11RHI: CleanupD3DDevice
[2024.05.18-22.10.37:117][612]LogExit: Exiting.
[2024.05.18-22.10.37:145][612]Log file closed, 05/18/24 16:10:37
